image,method,gt_vessel_pixels,pred_vessel_pixels,dice,iou,sensitivity,specificity,precision,fp_pixels,fn_pixels,fp_over_gt_area,fn_over_gt_area,terminal_dice,terminal_iou,terminal_sensitivity,terminal_specificity,terminal_precision,terminal_fp_pixels,terminal_fn_pixels,terminal_fp_over_gt_area,terminal_fn_over_gt_area,gt_endpoint_count,pred_endpoint_count,endpoint_recall,endpoint_precision,missed_endpoint_count,pred_to_gt_skeleton_distance_mean,pred_to_gt_skeleton_distance_p95,gt_to_pred_skeleton_distance_mean,gt_to_pred_skeleton_distance_p95,skeleton_precision_radius_3,skeleton_recall_radius_3,skeleton_distance_f1_radius_3,skeleton_precision_radius_5,skeleton_recall_radius_5,skeleton_distance_f1_radius_5,terminal_pred_to_gt_skeleton_distance_mean,terminal_pred_to_gt_skeleton_distance_p95,terminal_gt_to_pred_skeleton_distance_mean,terminal_gt_to_pred_skeleton_distance_p95,terminal_skeleton_precision_radius_3,terminal_skeleton_recall_radius_3,terminal_skeleton_distance_f1_radius_3,terminal_skeleton_precision_radius_5,terminal_skeleton_recall_radius_5,terminal_skeleton_distance_f1_radius_5,removed_far_components,removed_weak_components,kept_components,kept_terminal_components,kept_nonterminal_components,removed_direction_components,removed_short_components
01_dr.jpg,baseline_raw,48921,180291,0.37540791930614453,0.2310782649794831,0.8794587191594612,0.8493357875661716,0.23863642666577922,137267,5897,2.8058911305983116,0.12054128084053883,0.8493956910141881,0.7382170259408111,0.7382170259408111,1.0,1.0,0,1433,0.0,0.2617829740591889,986,3514,0.6795131845841785,0.1323278315310188,316,13.19842253013878,38.3275357934736,1.163255531412613,3.605551275463989,0.4011180484971686,0.9406105457909343,0.5624026619537055,0.4297468660761822,0.9716312056737588,0.5959212207433884,0.02394413438854975,0.0,2.4943511145957293,10.63715500281133,1.0,0.8208121827411168,0.9015890716476164,1.0,0.8753807106598985,0.9335498714305048,0.0,0.0,0.0,0.0,0.0,0.0,0.0
01_dr.jpg,connected_recovery_raw,48921,196473,0.3608238180232606,0.22012509819910303,0.9049692361153697,0.8329442342541097,0.22533376087299528,152201,4649,3.1111588070562743,0.09503076388463032,0.8624272651704074,0.7581293386919985,0.7581293386919985,1.0,1.0,0,1324,0.0,0.24187066130800147,986,3518,0.6835699797160243,0.13018760659465606,312,13.227183192787487,38.01315561749642,1.1787892693272868,3.605551275463989,0.39071724073815833,0.9396854764107309,0.5519401182399022,0.423302189373867,0.9710144927536232,0.5895827912912837,0.017048215086882337,0.0,2.430440932339873,10.63715500281133,1.0,0.8284263959390863,0.9061632426429761,1.0,0.8779187817258883,0.934991215029058,0.0,0.0,0.0,0.0,0.0,0.0,0.0
01_dr.jpg,soft_structure_refined,48921,186257,0.3688270161324614,0.22611152819486152,0.886531346456532,0.843167277480877,0.23285030898167586,142887,5551,2.920770221377323,0.11346865354346804,0.8519295302013423,0.742053343076361,0.742053343076361,1.0,1.0,0,1412,0.0,0.257946656923639,986,3500,0.6815415821501014,0.13257142857142856,314,13.233624281280642,38.41874542459709,1.1744063706207648,3.605551275463989,0.3987230454162149,0.939377119950663,0.5598255134485356,0.4281170943259848,0.9705827937095283,0.5941561717422112,0.021095922531398848,0.0,2.488274225294826,10.63715500281133,1.0,0.8210659898477157,0.9017421602787457,1.0,0.8753807106598985,0.9335498714305048,0.0,3596.0,181.0,0.0,0.0,0.0,0.0
01_dr.jpg,hierarchical_terminal_refined,48921,185038,0.3692185382908971,0.22640589616707205,0.8828723860918624,0.8443087811265544,0.23341691976783147,141847,5730,2.899511457247399,0.11712761390813761,0.8502415458937198,0.7394957983193278,0.7394957983193278,1.0,1.0,0,1426,0.0,0.2605042016806723,986,3501,0.6815415821501014,0.13253356183947443,314,13.212787364498096,38.3275357934736,1.1720049912510437,3.605551275463989,0.3988630067689639,0.9394387912426765,0.5599744116120449,0.428444101847614,0.9705211224175146,0.5944594524667128,0.02320488340528548,0.0,2.489615011738425,10.63715500281133,1.0,0.8210659898477157,0.9017421602787457,1.0,0.8753807106598985,0.9335498714305048,0.0,70.0,0.0,31.0,3.0,1497.0,2176.0
01_g.jpg,baseline_raw,64230,144531,0.5364890951854034,0.3665767664733376,0.8718511598941304,0.9011665941033971,0.38745321072987804,88532,8231,1.3783590222637396,0.12814884010586952,0.813301282051282,0.6853477380148548,0.6853477380148548,1.0,1.0,0,3262,0.0,0.3146522619851452,1516,2345,0.7361477572559367,0.320682302771855,400,6.835421225144106,26.419689627245813,1.4523776239920763,6.4031242374328485,0.6174549413330108,0.8939304655274013,0.7304050715887194,0.6484819160517721,0.9315534200625538,0.7646608059188822,0.05181966951096926,0.0,3.249853492471911,16.55294535724685,0.9997607655502392,0.7355445988346033,0.8475380141384065,1.0,0.8023307933662035,0.890325789604576,0.0,0.0,0.0,0.0,0.0,0.0,0.0
01_g.jpg,connected_recovery_raw,64230,160407,0.5173858269118623,0.34896862332983036,0.9047485598629924,0.8858021590363597,0.3622784541821741,102295,6118,1.592635839950179,0.09525144013700763,0.827129765810612,0.705218481720845,0.705218481720845,1.0,1.0,0,3056,0.0,0.294781518279155,1516,2338,0.7341688654353562,0.3186484174508127,403,6.802211489891483,26.40075756488817,1.4357551503595212,6.324555320336759,0.6175807217473884,0.8988713113639454,0.7321373589261574,0.6501661918328585,0.9319613798105254,0.7659682975087977,0.03932554986968722,0.0,3.1617184324298333,16.516631644381103,0.9997665732959851,0.7457044673539519,0.8542455104157619,1.0,0.8089048259375466,0.8943586355001238,0.0,0.0,0.0,0.0,0.0,0.0,0.0
01_g.jpg,soft_structure_refined,64230,147796,0.5308971541226076,0.36137507704951716,0.8762572006850381,0.8978376145662391,0.38080868223767894,91514,7948,1.424785925579947,0.12374279931496186,0.8158766419189035,0.6890132150091637,0.6890132150091637,1.0,1.0,0,3224,0.0,0.3109867849908363,1516,2347,0.7368073878627969,0.3204090328078398,399,6.8582795905701985,26.476404589747453,1.45697050990137,6.4031242374328485,0.6158422419520444,0.8935678346403155,0.7291548230067129,0.6467053210122606,0.9302388830968678,0.7629825252455351,0.049018054176061296,0.0,3.2406527031769743,16.55294535724685,0.9997617913292044,0.7368892873151053,0.8484303645756577,1.0,0.8024802031973703,0.8904177718832891,0.0,4391.0,46.0,0.0,0.0,0.0,0.0
01_g.jpg,hierarchical_terminal_refined,64230,147428,0.5301193434691814,0.3606546838437604,0.8734547719134361,0.8980474898690513,0.38053829666006456,91326,8128,1.4218589444184961,0.1265452280865639,0.813301282051282,0.6853477380148548,0.6853477380148548,1.0,1.0,0,3262,0.0,0.3146522619851452,1516,2348,0.7368073878627969,0.3202725724020443,399,6.853252391521102,26.476404589747453,1.4586143243549838,6.4031242374328485,0.6162509813394529,0.8932052037532296,0.7293203854295858,0.6469895525092095,0.9303295408186393,0.7632108123796623,0.05181966951096926,0.0,3.249853492471911,16.55294535724685,0.9997607655502392,0.7355445988346033,0.8475380141384065,1.0,0.8023307933662035,0.890325789604576,0.0,129.0,0.0,14.0,0.0,1657.0,2637.0
01_h.jpg,baseline_raw,97834,153140,0.6572712711276866,0.4895041395887118,0.8430504732506082,0.9180424651401238,0.5385856079404466,70661,15355,0.7222540221190997,0.15694952674939183,0.7079820431402606,0.5479661016949152,0.5479661016949152,1.0,1.0,0,2667,0.0,0.4520338983050847,370,2598,0.8189189189189189,0.21401077752117012,67,5.31962349385395,21.213203435596427,1.3667117157554691,7.0,0.6382750240207992,0.8841432325371612,0.741355459387844,0.6747018594924546,0.9255990900890301,0.7804824803621025,0.1349796584333325,1.0,6.391234496462004,39.07162792625138,0.998165137614679,0.6967153284671533,0.8206324465174352,1.0,0.7478102189781022,0.8557110043850491,0.0,0.0,0.0,0.0,0.0,0.0,0.0
01_h.jpg,connected_recovery_raw,97834,165669,0.6503834870950236,0.4819024373783842,0.8758611525645481,0.9072336417812811,0.5172301396157398,79980,12145,0.8175072060837746,0.1241388474354519,0.7205898297733926,0.5632203389830508,0.5632203389830508,1.0,1.0,0,2577,0.0,0.43677966101694915,370,2605,0.8135135135135135,0.2126679462571977,69,5.293674409506633,21.18962010041709,1.3557048937212282,7.0,0.6370483602001111,0.8890849903910264,0.7422551050178511,0.6785158421345192,0.9274032239086951,0.7836730913458666,0.13447262638708066,1.0,6.348317115443509,39.07162792625138,0.997588908981314,0.7018248175182482,0.8239696350413342,1.0,0.7492700729927008,0.8566659712080117,0.0,0.0,0.0,0.0,0.0,0.0,0.0
01_h.jpg,soft_structure_refined,97834,154638,0.6569995880731329,0.4892028194768042,0.847731872355214,0.9168362009172247,0.5363300094414051,71701,14897,0.7328842733609993,0.15226812764478606,0.712352684417285,0.5532203389830509,0.5532203389830509,1.0,1.0,0,2636,0.0,0.44677966101694916,370,2591,0.8162162162162162,0.21381705905055962,68,5.333629339377398,21.213203435596427,1.3711567224912267,7.0,0.6368064799342944,0.8842216731380163,0.7403914122368823,0.6739924665099549,0.9257951915911676,0.7800772577583489,0.1337217224185126,1.0,6.3710333583255006,39.07162792625138,0.9981773997569866,0.698905109489051,0.8221536443464843,1.0,0.7489051094890511,0.8564273789649416,0.0,3828.0,100.0,0.0,0.0,0.0,0.0
01_h.jpg,hierarchical_terminal_refined,97834,154232,0.656121809367388,0.4882301193224422,0.8452378518715375,0.9170240997673302,0.5361598111935266,71539,15141,0.7312284073021649,0.1547621481284625,0.7113683520803756,0.5520338983050848,0.5520338983050848,1.0,1.0,0,2643,0.0,0.44796610169491524,370,2597,0.8162162162162162,0.21332306507508664,68,5.319520645377654,21.213203435596427,1.372889779884466,7.0,0.6381046396841066,0.8840255716358787,0.7411991624173372,0.6753913411366521,0.9257951915911676,0.781013383870261,0.13640045958665353,1.0,6.37410423918768,39.07162792625138,0.9981740718198417,0.698905109489051,0.8221525154958575,1.0,0.7489051094890511,0.8564273789649416,0.0,81.0,0.0,22.0,0.0,1330.0,2495.0
02_dr.jpg,baseline_raw,61175,164338,0.4767796091577869,0.31300763305444446,0.8787903555373927,0.8769749395043529,0.32713066971729,110578,7415,1.8075684511646914,0.12120964446260728,0.7931065595957774,0.6571471291866029,0.6571471291866029,1.0,1.0,0,2293,0.0,0.3428528708133971,1035,3162,0.8144927536231884,0.20683111954459202,192,9.015557434318362,30.886890422961002,1.2470958590208618,5.385164807134504,0.5171535461275173,0.9122447985187351,0.6600967942314222,0.5473745655230969,0.9464990498465137,0.6936189257878753,0.04484968355451924,0.0,3.458863582308376,15.771660186256055,0.9990115321252059,0.7560819462227913,0.8607343059803356,1.0,0.8220230473751601,0.9023190442726634,0.0,0.0,0.0,0.0,0.0,0.0,0.0
02_dr.jpg,connected_recovery_raw,61175,181035,0.45247512489162295,0.29238633392560814,0.8957417245606866,0.8595521931410453,0.30268732565526,126238,6378,2.063555373927258,0.10425827543931344,0.8081618105675844,0.6780801435406698,0.6780801435406698,1.0,1.0,0,2153,0.0,0.32191985645933013,1035,3144,0.7932367149758454,0.19815521628498728,214,9.077879379588577,30.805843601498726,1.2470826668082053,5.385164807134504,0.5082659341777302,0.9155094284461336,0.6536456060598709,0.543288061447683,0.9472786629635044,0.6905362638569483,0.03609746663055439,0.0,3.378667253331113,15.231546211727817,0.9993575329264375,0.7646180110968843,0.8663688924598821,1.0,0.8275714895433205,0.9056515646893976,0.0,0.0,0.0,0.0,0.0,0.0,0.0
02_dr.jpg,soft_structure_refined,61175,172623,0.46269001445692437,0.30097379110789607,0.8841520228851655,0.868122270742358,0.3133302051290964,118535,7087,1.9376379239885575,0.1158479771148345,0.7986348122866894,0.6647727272727273,0.6647727272727273,1.0,1.0,0,2242,0.0,0.3352272727272727,1035,3141,0.8038647342995169,0.20407513530722698,203,9.078882448477716,30.886890422961002,1.264123526112799,5.385164807134504,0.5123380871385581,0.9124397017979827,0.6562112563494997,0.5438178725631296,0.9452809043512157,0.6904319019642827,0.04085956131028228,0.0,3.446575125329418,15.771660186256055,0.9993444772205834,0.7575757575757576,0.8618252945299957,1.0,0.8220230473751601,0.9023190442726634,0.0,3666.0,282.0,0.0,0.0,0.0,0.0
02_dr.jpg,hierarchical_terminal_refined,61175,170294,0.4652199646604945,0.30311833223552725,0.8801307723743359,0.8704397407726754,0.31617085745827805,116452,7333,1.9035880670208418,0.11986922762566408,0.794303226969533,0.6587918660287081,0.6587918660287081,1.0,1.0,0,2282,0.0,0.34120813397129185,1035,3156,0.81256038647343,0.20532319391634982,194,9.081928467643754,31.0,1.2611448170309916,5.385164807134504,0.5134095579324517,0.9115139112215563,0.6568492474720539,0.5438906159439381,0.9453783559908395,0.690516523246875,0.04380348456333198,0.0,3.455599576770468,15.771660186256055,0.9990128331688055,0.7565087494664959,0.8610112875821236,1.0,0.8220230473751601,0.9023190442726634,0.0,38.0,0.0,36.0,3.0,1436.0,2435.0
02_g.jpg,baseline_raw,71431,162188,0.5414799309987629,0.3712529861653235,0.8854698940236032,0.8886546796028221,0.3899795299282314,98938,8181,1.3850849071131581,0.1145301059763968,0.8092622509423801,0.679630969609262,0.679630969609262,1.0,1.0,0,3542,0.0,0.32036903039073805,1589,2549,0.7520453115166772,0.3252255786582974,394,6.449497878669609,23.706539182259394,1.498895506720162,7.0710678118654755,0.5933245858618993,0.8795175694850179,0.7086155101936868,0.632168826198677,0.9222101660963191,0.7501291784043287,0.04437988797549024,0.0,2.9359110315275125,14.349136274850158,0.9997857295907435,0.7498295841854125,0.8569528535681853,1.0,0.8156782549420586,0.8984832557441056,0.0,0.0,0.0,0.0,0.0,0.0,0.0
02_g.jpg,connected_recovery_raw,71431,175574,0.5233497297625554,0.35441684487580194,0.9048592347860173,0.8751486941363023,0.3681353731190267,110939,6796,1.5530931948313758,0.09514076521398272,0.8207562263345954,0.6960021707670043,0.6960021707670043,1.0,1.0,0,3361,0.0,0.3039978292329957,1589,2524,0.7507866582756451,0.3256735340729002,396,6.41741664870637,23.706539182259394,1.4761338770944796,7.0,0.5942348543924278,0.8841916367582004,0.7107793206750378,0.6356718384468526,0.925340121859611,0.7536299162444001,0.03698185652545977,0.0,2.8493837723894733,14.212670403551895,0.999790224459828,0.7588275391956374,0.8628007420574851,1.0,0.8216768916155419,0.9021104625056129,0.0,0.0,0.0,0.0,0.0,0.0,0.0
02_g.jpg,soft_structure_refined,71431,166283,0.5357782881950579,0.36591336125907153,0.8915036888745783,0.8845311956640396,0.3829675913953922,102602,7750,1.4363791631084544,0.10849631112542174,0.8126510229286367,0.6844247467438495,0.6844247467438495,1.0,1.0,0,3489,0.0,0.3155752532561505,1589,2539,0.7507866582756451,0.3257187869239858,396,6.46000452178375,23.769728648009426,1.5091660443379966,7.0710678118654755,0.5918150628982193,0.8789333110758701,0.7073486967348096,0.6323585470783641,0.9220432351222769,0.7502074781204752,0.043310769699623115,0.0,2.9121307527143068,14.317821063276353,0.9997867803837953,0.7518745739604635,0.8582871999636902,1.0,0.8175869120654397,0.8996399639963997,0.0,3313.0,312.0,0.0,0.0,0.0,0.0
02_g.jpg,hierarchical_terminal_refined,71431,164812,0.5379460978737994,0.36793862188766646,0.889571754560345,0.8860313605358728,0.38554838239933986,101269,7888,1.4177177975948818,0.11042824543965506,0.8127785234899328,0.6846056439942113,0.6846056439942113,1.0,1.0,0,3487,0.0,0.3153943560057887,1589,2542,0.7495280050346129,0.3245476003147128,398,6.455568304410397,23.769728648009426,1.5046217756142795,7.0710678118654755,0.5924482006543075,0.8793089057674651,0.7079224917864287,0.6324427480916031,0.9222936315833403,0.7503496110741363,0.04439579989147449,0.0,2.9155222147802147,14.317821063276353,0.9997866894197952,0.7511929107021131,0.8578428592248549,1.0,0.8174505794137696,0.8995574225489461,0.0,87.0,0.0,43.0,3.0,1374.0,2118.0
02_h.jpg,baseline_raw,94825,168636,0.646129787710515,0.47724647595124087,0.8976008436593725,0.9034634611494784,0.504726155743732,83521,9710,0.8807909306617453,0.10239915634062748,0.8380778865861991,0.7212857702861623,0.7212857702861623,1.0,1.0,0,1422,0.0,0.2787142297138377,277,2811,0.8700361010830325,0.16506581287797936,36,7.136927007521609,25.0,0.8643712805170761,3.605551275463989,0.5741844416562107,0.9427419704390794,0.7136902193887503,0.6015265579255542,0.9672749338997009,0.7417656913105038,0.1076780756383994,1.0,3.893455489141263,34.03231174764423,0.9975669099756691,0.8387395736793327,0.9112845292842714,1.0,0.8753475440222428,0.9335310106251544,0.0,0.0,0.0,0.0,0.0,0.0,0.0
02_h.jpg,connected_recovery_raw,94825,178172,0.6396407286526958,0.47019985243985846,0.9207487476931189,0.8949784725633543,0.4900321038098018,90862,7515,0.9582072238333773,0.0792512523068811,0.8484369709965015,0.7367698941591533,0.7367698941591533,1.0,1.0,0,1343,0.0,0.2632301058408467,277,2786,0.8700361010830325,0.16331658291457288,36,7.12510798357237,25.0,0.8766598099593286,3.605551275463989,0.5722882231404959,0.944779159984396,0.7128041809374641,0.6041838842975207,0.9680984786095098,0.7440260260979594,0.08671405873847926,1.0,3.8314597846675453,34.03231174764423,0.9981938591210114,0.8429101019462465,0.9140034515661682,1.0,0.8795180722891566,0.9358974358974359,0.0,0.0,0.0,0.0,0.0,0.0,0.0
02_h.jpg,soft_structure_refined,94825,170850,0.6447953326432672,0.4757918476630634,0.9032744529396256,0.9015262808102407,0.501334503950834,85197,9172,0.8984655945162141,0.09672554706037437,0.8411130039750142,0.7257938063504508,0.7257938063504508,1.0,1.0,0,1399,0.0,0.2742061936495492,277,2808,0.8700361010830325,0.1648860398860399,36,7.145183167949191,25.0,0.8783706455641875,3.605551275463989,0.5728704814563664,0.9427419704390794,0.7126743328337547,0.6015857284440039,0.96679814485718,0.7416704241009862,0.09949027242826973,1.0,3.8790957968089907,34.03231174764423,0.9981785063752276,0.8405931417979611,0.9126331783315813,1.0,0.876274328081557,0.9340577920474191,0.0,3267.0,318.0,0.0,0.0,0.0,0.0
02_h.jpg,hierarchical_terminal_refined,94825,169270,0.6459872394403529,0.4770909538351399,0.8995623517005009,0.9029456468344554,0.5039345424469782,83969,9524,0.885515423147904,0.10043764829949908,0.8395314454679859,0.7234417875343003,0.7234417875343003,1.0,1.0,0,1411,0.0,0.2765582124656997,277,2808,0.8700361010830325,0.1648860398860399,36,7.133121777571881,25.0,0.8698045023225557,3.605551275463989,0.5734446328420504,0.9420051146460925,0.7129075418025879,0.6018260075648885,0.966928178232413,0.7418912795593257,0.10258838316486041,1.0,3.8825682102650294,34.03231174764423,0.9981773997569866,0.8405931417979611,0.9126327157970419,1.0,0.8758109360518999,0.933794466403162,0.0,43.0,0.0,17.0,0.0,1306.0,2219.0
03_dr.jpg,baseline_raw,57927,211650,0.3698386731805755,0.22687243716065844,0.8605658846479189,0.8206353587791675,0.23553035672100164,161800,8077,2.7931707148652616,0.13943411535208106,0.8065859564164649,0.6758643077422496,0.6758643077422496,1.0,1.0,0,1997,0.0,0.32413569225775035,930,3532,0.7741935483870968,0.15118912797281994,210,11.956007856536187,33.1058907144937,1.4365271830067852,6.0,0.372355826365031,0.8920730685436568,0.5254049570569964,0.40869903416088676,0.9355343276911904,0.5688773794825946,0.04248688162517775,0.0,3.529488426805211,19.613347274198773,0.997779422649889,0.7594351107864621,0.8624430449010025,1.0,0.8159240321402483,0.8986323411102172,0.0,0.0,0.0,0.0,0.0,0.0,0.0
03_dr.jpg,connected_recovery_raw,57927,224923,0.3600353544281421,0.2195384854181398,0.8790028829388713,0.8071054116462858,0.22637969438430042,174005,7009,3.003866935971136,0.12099711706112866,0.8143943038583662,0.6869014770329492,0.6869014770329492,1.0,1.0,0,1929,0.0,0.3130985229670508,930,3489,0.7623655913978494,0.15075952995127545,221,11.994019460786562,33.24154027718932,1.4173797829966017,6.0,0.3673980268001767,0.8963186414166806,0.5211701460033189,0.4062730083934619,0.9381040165353891,0.566993237635838,0.038245644388805296,0.0,3.3794182429734834,18.182128226822204,0.9978189749182116,0.7679571463355247,0.8679268037598704,1.0,0.8215242269296323,0.9020184467317204,0.0,0.0,0.0,0.0,0.0,0.0,0.0
03_dr.jpg,soft_structure_refined,57927,217374,0.36469900218306506,0.2230164371390493,0.866625235209833,0.8146790780790468,0.2309429830614517,167173,7726,2.8859253888514855,0.13337476479016694,0.8093535607305054,0.6797597792566142,0.6797597792566142,1.0,1.0,0,1973,0.0,0.3202402207433858,930,3517,0.7688172043010753,0.1524026158657947,215,12.033107042314832,33.28663395418648,1.4499501673483792,6.082762530298219,0.3687237479806139,0.8913468521311658,0.5216545041831312,0.4057942918686053,0.9345846600748562,0.5658834313631248,0.0399460198278344,0.0,3.517191424427892,19.613347274198773,0.9977851605758582,0.7616264913562211,0.8638565171967286,1.0,0.816654492330168,0.8990751909931645,0.0,2563.0,242.0,0.0,0.0,0.0,0.0
03_dr.jpg,hierarchical_terminal_refined,57927,215694,0.36476001476494857,0.22306206921213312,0.861480829319661,0.8162111048662358,0.23136016764490436,165791,8024,2.862067774958137,0.13851917068033906,0.807279063014229,0.6768381756208408,0.6768381756208408,1.0,1.0,0,1991,0.0,0.32316182437915925,930,3532,0.7709677419354839,0.15175537938844846,213,11.98851326433071,33.24154027718932,1.4414793055188597,6.082762530298219,0.3703313479691229,0.8912351265292442,0.5232420366849786,0.4072075171479562,0.9352550136863862,0.5673795182748478,0.0428094470060001,0.0,3.436061683490785,18.182128226822204,0.9977818853974122,0.7608960311663014,0.8633852388980239,1.0,0.8173849525200877,0.8995176848874598,0.0,41.0,0.0,38.0,3.0,1199.0,1524.0
03_g.jpg,baseline_raw,55457,135519,0.508692191689008,0.34110475976461,0.8758858214472475,0.9038796386683662,0.3584294453176307,86945,6883,1.5677912616982528,0.12411417855275259,0.8099076406381193,0.6805418371666432,0.6805418371666432,1.0,1.0,0,2264,0.0,0.3194581628333569,852,2648,0.7629107981220657,0.18768882175226587,202,10.31494759434035,35.0,1.4131022307190662,6.0,0.5246836626566104,0.8982267188859878,0.6624238474529965,0.5518294583307362,0.9381527415143603,0.694908058948874,0.058549456335626505,1.0,4.029193037515042,22.360679774997898,1.0,0.7234857553267896,0.8395610501458536,1.0,0.7933923868805363,0.8847950874382592,0.0,0.0,0.0,0.0,0.0,0.0,0.0
03_g.jpg,connected_recovery_raw,55457,162081,0.46486590848495435,0.30281778709387636,0.911751447067097,0.8767134342977614,0.3119613032989678,111518,4894,2.0108913212038155,0.08824855293290297,0.8354284775285514,0.7173698320869197,0.7173698320869197,1.0,1.0,0,2003,0.0,0.28263016791308027,852,2634,0.7394366197183099,0.18109339407744876,222,10.189618529593147,34.710948001984434,1.4143399349369212,5.830951894845301,0.5226958039853109,0.9044277632724108,0.6625082897043041,0.5586960447895972,0.9420691906005222,0.7014159420741526,0.031013320386741178,0.0,3.8085467727249314,22.360679774997898,1.0,0.7505386641129997,0.8574945295404813,1.0,0.8075173569547522,0.8935099337748345,0.0,0.0,0.0,0.0,0.0,0.0,0.0
03_g.jpg,soft_structure_refined,55457,145671,0.4881567956724076,0.3228885074028033,0.8852083596299836,0.8932278509700479,0.3369991281723885,96580,6366,1.7415294732856086,0.1147916403700164,0.8191285511955344,0.6936644560462819,0.6936644560462819,1.0,1.0,0,2171,0.0,0.3063355439537181,852,2643,0.7605633802816901,0.1872871736662883,204,10.372649847334669,35.0,1.4361689003615814,6.082762530298219,0.521983481338881,0.8964860748476936,0.6597969202509653,0.5499906849655344,0.9372280243690165,0.6931955331872514,0.04436585536843294,0.0,3.9516895181299363,22.360679774997898,1.0,0.7318649748623414,0.8451755598562344,1.0,0.796744074694757,0.8868754163890741,0.0,3854.0,50.0,0.0,0.0,0.0,0.0
03_g.jpg,hierarchical_terminal_refined,55457,145217,0.48779612705183534,0.32257299149805574,0.8825576572840218,0.8935672488759517,0.33704042915085697,96273,6513,1.7359936527399606,0.11744234271597814,0.8174536959786417,0.6912656977564555,0.6912656977564555,1.0,1.0,0,2188,0.0,0.30873430224354453,852,2644,0.7605633802816901,0.1875945537065053,204,10.371629875779291,35.0,1.4366748406052587,6.070348150753366,0.5223509676617688,0.8969212358572672,0.6602083438325427,0.5502158988537169,0.9374456048738034,0.6934339227300182,0.05068227611896317,0.0,3.9549335839879003,22.360679774997898,1.0,0.7321043811347857,0.8453351762266759,1.0,0.7965046684223127,0.886727078891258,0.0,177.0,0.0,27.0,2.0,1217.0,2481.0
03_h.jpg,baseline_raw,101393,154589,0.6611480494722285,0.49381714625848355,0.8345842415156864,0.9185098653982555,0.5473934109153951,69968,16772,0.6900673616521851,0.1654157584843135,0.74842503149937,0.5979865771812081,0.5979865771812081,1.0,1.0,0,2995,0.0,0.40201342281879193,296,2539,0.875,0.20519889720362347,37,6.806292805564176,25.96150997149434,1.1146943870558128,5.0,0.6070857975726659,0.9216126386670696,0.7319925637845093,0.635871850211621,0.9521733500237407,0.7625226658687788,0.27549950801474166,1.0,5.565050564480145,43.13579235291057,0.9883653286794648,0.7803873094355172,0.8721488160261078,0.9936009307737056,0.8182941903584673,0.8974668121837484,0.0,0.0,0.0,0.0,0.0,0.0,0.0
03_h.jpg,connected_recovery_raw,101393,167045,0.6602939971241032,0.4928648492330964,0.8740642845166826,0.9086648489937771,0.530539674937891,78421,12769,0.7734360360182656,0.1259357154833174,0.7548052816312887,0.6061744966442953,0.6061744966442953,1.0,1.0,0,2934,0.0,0.3938255033557047,296,2451,0.8682432432432432,0.20807833537331702,39,6.803586570161876,26.0,1.0947443002852488,5.0,0.6045054945054945,0.9269650796391419,0.7317874640452124,0.6371703296703297,0.9536841196529546,0.7639406925996487,0.2728833396559817,1.0,5.515847941898915,43.343830571483075,0.9855824682814303,0.7816234033786568,0.8718331412568352,0.9919261822376009,0.8203543469303667,0.8980187585045117,0.0,0.0,0.0,0.0,0.0,0.0,0.0
03_h.jpg,soft_structure_refined,101393,157149,0.6632578072421502,0.4961748127915186,0.845620506346592,0.9168315655474507,0.5455968539411641,71409,15653,0.7042793881234405,0.15437949365340803,0.748845411033672,0.598523489932886,0.598523489932886,1.0,1.0,0,2991,0.0,0.4014765100671141,296,2517,0.875,0.20659515295987285,37,6.833978800725842,26.0,1.1133964524759712,5.0,0.6040319406174436,0.9214831441274226,0.7297276275529451,0.6340325029522578,0.9522165148702897,0.7612124117869431,0.2745982883656833,1.0,5.562578376593866,43.13579235291057,0.9883788495061011,0.7803873094355172,0.8721540800289554,0.9936083672283557,0.8182941903584673,0.8974698457045094,0.0,3541.0,194.0,0.0,0.0,0.0,0.0
03_h.jpg,hierarchical_terminal_refined,101393,155418,0.6611243287865395,0.4937906804948842,0.8372570098527512,0.9178599755184852,0.5462172978676858,70526,16501,0.695570700146953,0.16274299014724883,0.74842503149937,0.5979865771812081,0.5979865771812081,1.0,1.0,0,2995,0.0,0.40201342281879193,296,2532,0.875,0.20576619273301738,37,6.799875048210905,25.96150997149434,1.113664026925828,5.0,0.6069480573969959,0.9217852980532654,0.7319468682957553,0.6364297502167772,0.9523460094099365,0.7629790789747639,0.27549950801474166,1.0,5.565050564480145,43.13579235291057,0.9883653286794648,0.7803873094355172,0.8721488160261078,0.9936009307737056,0.8182941903584673,0.8974668121837484,0.0,55.0,0.0,23.0,0.0,1540.0,2117.0
04_dr.jpg,baseline_raw,54157,195818,0.37145314531453144,0.22808870634936232,0.857266835312148,0.8350806927911348,0.23709260639982024,149391,7730,2.758479974887826,0.142733164687852,0.7929373996789727,0.6569148936170213,0.6569148936170213,1.0,1.0,0,2064,0.0,0.34308510638297873,1054,3628,0.818785578747628,0.1855016538037486,191,12.957998368123173,38.49933280279213,1.5803543031936376,7.0710678118654755,0.3696050162478832,0.8704443921937456,0.5188835404936885,0.40301615634582816,0.9172936750529038,0.5599960893550541,0.03089358224388722,0.0,4.113307167713781,21.019036833302906,1.0,0.7181711606096132,0.8359716157205241,1.0,0.7838218053927315,0.8788117770767613,0.0,0.0,0.0,0.0,0.0,0.0,0.0
04_dr.jpg,connected_recovery_raw,54157,211618,0.35925124635499955,0.21895567225445456,0.8815111619919863,0.8190878551802023,0.22559517621374364,163878,6417,3.0259800210499104,0.11848883800801374,0.8030242737763629,0.6708776595744681,0.6708776595744681,1.0,1.0,0,1980,0.0,0.3291223404255319,1054,3539,0.8197343453510436,0.18508053122350945,190,13.075350277362135,38.8329756778952,1.5345177332491995,7.031980515339386,0.36080802769379083,0.8784387491182695,0.5115167672003245,0.3987336225406424,0.9222313660945215,0.556751551459984,0.024882129109950735,0.0,3.9160804387248334,19.72308292331602,1.0,0.7275498241500586,0.8422909880564604,1.0,0.793200468933177,0.8846757322175732,0.0,0.0,0.0,0.0,0.0,0.0,0.0
04_dr.jpg,soft_structure_refined,54157,202015,0.3669565760504661,0.22470717598125925,0.8678841147035471,0.8288743192804934,0.23266589114669703,155013,7155,2.862289270085123,0.1321158852964529,0.7961980990495248,0.6614029255319149,0.6614029255319149,1.0,1.0,0,2037,0.0,0.3385970744680851,1054,3597,0.818785578747628,0.18654434250764526,191,13.057646524732037,38.600518131237564,1.5673180082201001,7.0710678118654755,0.3652064795801962,0.871032212555843,0.5146362267610748,0.39858544375998173,0.9176463672701622,0.5557691000141558,0.029712427763429746,0.0,4.0417750585096135,20.2435150682846,1.0,0.7212192262602579,0.8380329655360306,1.0,0.786400937866354,0.8804305026906418,0.0,2856.0,169.0,0.0,0.0,0.0,0.0
04_dr.jpg,hierarchical_terminal_refined,54157,200667,0.36535020249270084,0.2235036538406138,0.8595380098602212,0.8298634531591015,0.23197635884325774,154117,7607,2.8457447790682644,0.14046199013977878,0.7946303346022842,0.6592420212765957,0.6592420212765957,1.0,1.0,0,2050,0.0,0.34075797872340424,1054,3622,0.8216318785578748,0.18691330756488128,188,13.000498996628174,38.600518131237564,1.5792421465539952,7.0710678118654755,0.3684366319049137,0.8709734305196332,0.5178246118021295,0.4020447197049046,0.9179402774512109,0.5591776305773668,0.032248905570000014,0.0,4.051237150366432,20.2435150682846,1.0,0.7198124267291911,0.8370824812542603,1.0,0.7861664712778429,0.8802835389866106,0.0,49.0,0.0,41.0,4.0,1388.0,1543.0
04_g.jpg,baseline_raw,61875,149277,0.520156096082443,0.3514938938528892,0.8875313131313132,0.8949355601948504,0.3678798475317698,94361,6959,1.5250262626262627,0.11246868686868687,0.8011619906734959,0.6682821068741231,0.6682821068741231,1.0,1.0,0,2601,0.0,0.3317178931258768,943,2681,0.7338282078472959,0.2081312942931742,251,8.96175525164448,31.622776601683793,1.3984476645455204,6.4031242374328485,0.541819461964972,0.8924296973825047,0.6742702623543319,0.5694839674949395,0.932713826992313,0.7071845967052223,0.048089398233156055,0.0,4.1626709465188485,22.21931095755677,0.9989510489510489,0.7147561226589834,0.8332886625006829,0.9993006993006993,0.7843177608561432,0.8788530780608559,0.0,0.0,0.0,0.0,0.0,0.0,0.0
04_g.jpg,connected_recovery_raw,61875,170079,0.48775188183864043,0.3225342957818754,0.9142303030303031,0.8736133611691023,0.33259838075247383,113511,5307,1.8345212121212122,0.08576969696969697,0.8174345826106628,0.6912383624537687,0.6912383624537687,1.0,1.0,0,2421,0.0,0.30876163754623137,943,2703,0.7232237539766702,0.20569737328893822,261,8.94776162306097,31.76476034853718,1.4135980562982453,6.4031242374328485,0.541726330259465,0.8953488372093024,0.6750294638210231,0.5740019474196689,0.9335409166099056,0.7108976028684466,0.03555797937389235,0.0,4.023826729738953,22.21931095755677,0.9989902389767755,0.7287507717637374,0.8427361544502983,0.999326825984517,0.7931673183782671,0.8843915961927773,0.0,0.0,0.0,0.0,0.0,0.0,0.0
04_g.jpg,soft_structure_refined,61875,157201,0.5055323266811518,0.3382691614590015,0.8949494949494949,0.8866237995824635,0.35225602890566854,101826,6500,1.6456727272727272,0.10505050505050505,0.8072710678430179,0.6768269353398801,0.6768269353398801,1.0,1.0,0,2534,0.0,0.32317306466011986,943,2682,0.735949098621421,0.20954511558538405,249,9.0283624445369,31.78049716414141,1.4376918611586258,6.708203932499369,0.5395344757003333,0.8898024715383867,0.6717507875043323,0.5681618808117433,0.9307677337744478,0.7056058417608451,0.04260298488586975,0.0,4.1327261581457915,22.21931095755677,0.9989633724948168,0.7186663922617823,0.8359442967783547,0.9993089149965446,0.7853467791726693,0.8795019009606891,0.0,4390.0,205.0,0.0,0.0,0.0,0.0
04_g.jpg,hierarchical_terminal_refined,61875,156000,0.5058955823293173,0.33859452950283847,0.8906828282828283,0.8876670842032011,0.353275641025641,100889,6764,1.630529292929293,0.10931717171717172,0.8018947207578883,0.6693023848998852,0.6693023848998852,1.0,1.0,0,2593,0.0,0.3306976151001148,943,2687,0.7317073170731707,0.20766654261257908,253,9.02479521247679,31.78049716414141,1.4272975742878051,6.708203932499369,0.5394378966455122,0.8906295611559794,0.6719114326241624,0.5682449624192086,0.9317407803833804,0.7059493828843402,0.04727439098249959,0.0,4.15619212520712,22.21931095755677,0.9989536100453436,0.7155793373122041,0.8338487322551411,0.9993024066968957,0.7849351718460589,0.8792412128964969,0.0,132.0,0.0,62.0,1.0,1440.0,2960.0
04_h.jpg,baseline_raw,90369,162116,0.631308790621225,0.46124997829697834,0.881917471699366,0.9052264696175735,0.4916109452490809,82418,10671,0.912016288771592,0.11808252830063407,0.799384906553111,0.6658128078817734,0.6658128078817734,1.0,1.0,0,1696,0.0,0.3341871921182266,276,2652,0.822463768115942,0.16402714932126697,49,7.2290344270921585,25.626156950086177,0.9137417389823085,3.605551275463989,0.5745317551500254,0.9400008981901469,0.7131709767877616,0.6049376118844685,0.9685633448601069,0.7447347194636854,0.1090598155628587,1.0,4.999134755995758,35.4978819769715,1.0,0.8186995728523968,0.9003131524008352,1.0,0.8580920740389179,0.9236270753512134,0.0,0.0,0.0,0.0,0.0,0.0,0.0
04_h.jpg,connected_recovery_raw,90369,173948,0.6238191262764029,0.4532973377173208,0.9122929323108588,0.8947772101040556,0.4739519856508842,91505,7926,1.0125706824242826,0.08770706768914119,0.8072855464159812,0.6768472906403941,0.6768472906403941,1.0,1.0,0,1640,0.0,0.32315270935960594,276,2641,0.822463768115942,0.1628171147292692,49,7.196371504186358,25.553864678361276,0.9093550456662254,3.1622776601683795,0.5733378936567655,0.9451205820272152,0.7137151952832377,0.6072509142571496,0.9708986392419275,0.7471777120532929,0.11431545580371845,1.0,4.728437972884528,33.38558043710377,0.9975429975429976,0.8234456573327005,0.9021719571179833,0.9993857493857494,0.8609397247271001,0.9250111380457937,0.0,0.0,0.0,0.0,0.0,0.0,0.0
04_h.jpg,soft_structure_refined,90369,165378,0.6314599975757291,0.4614114285714286,0.8935254346070002,0.9026817121284775,0.4882572047067929,84631,9622,0.9365047748674877,0.1064745653929998,0.8029248732161811,0.6707389162561577,0.6707389162561577,1.0,1.0,0,1671,0.0,0.3292610837438424,276,2638,0.8115942028985508,0.16413949962092494,52,7.255219168378675,25.632011235952593,0.9226585292156799,3.605551275463989,0.5727228863989706,0.9413032739030853,0.7121487622103194,0.6032273628906878,0.9686082543674496,0.7434505193048733,0.11468338868577084,1.0,4.989754427451406,35.4978819769715,0.9987608426270136,0.8186995728523968,0.8998106019544273,0.9993804213135068,0.8576174655908875,0.9230878614695692,0.0,3493.0,334.0,0.0,0.0,0.0,0.0
04_h.jpg,hierarchical_terminal_refined,90369,163397,0.6306282165459518,0.46052374100719423,0.8854363775188394,0.9041191033898286,0.4897029933230108,83381,10353,0.9226725979041486,0.11456362248116057,0.8000945738266935,0.6667980295566502,0.6667980295566502,1.0,1.0,0,1691,0.0,0.33320197044334976,276,2648,0.822463768115942,0.1642749244712991,49,7.220290106316662,25.612496949731394,0.918338898936043,3.605551275463989,0.5748455145962071,0.9410787263663718,0.7137228498834651,0.6057958661836779,0.9687429828894777,0.7454379353984737,0.11539837240575694,1.0,4.999134755995758,35.4978819769715,0.9987531172069826,0.8186995728523968,0.8998074666974043,0.9993765586034913,0.8580920740389179,0.9233610612287941,0.0,71.0,0.0,40.0,0.0,1417.0,2299.0
05_dr.jpg,baseline_raw,59703,159646,0.49231133946359457,0.3265338211726286,0.9043766644892216,0.8826476151758809,0.3382107913759192,105652,5709,1.7696263169354973,0.09562333551077835,0.8486317977138899,0.737063778580024,0.737063778580024,1.0,1.0,0,2185,0.0,0.2629362214199759,1244,3076,0.7829581993569131,0.23764629388816644,270,8.263603054060265,27.294688127912362,1.2037697261986788,5.0,0.5289849208276011,0.9158017266466194,0.6706115462941892,0.5583340077149254,0.9509166747502182,0.7035665104342286,0.025713318458944437,0.0,2.462193591704563,13.416407864998739,1.0,0.8077129084092126,0.8936296296296296,1.0,0.8577039814318872,0.9234022104757328,0.0,0.0,0.0,0.0,0.0,0.0,0.0
05_dr.jpg,connected_recovery_raw,59703,174299,0.4727139084281331,0.3095123507224641,0.9263856087633787,0.8678313934179499,0.31731679470335455,118991,4395,1.9930489255146309,0.07361439123662128,0.8608636052090473,0.7557160048134778,0.7557160048134778,1.0,1.0,0,2030,0.0,0.24428399518652227,1244,3052,0.7757234726688103,0.23525557011795545,279,8.191233489351955,27.202941017470888,1.1867221326404498,5.0,0.5297883597883598,0.9216218837908624,0.672813972918565,0.563015873015873,0.9538267533223397,0.7080755681610608,0.017425264273295816,0.0,2.3402806927456594,13.0,1.0,0.8168184252811997,0.8991745283018868,1.0,0.8639528655597215,0.9270114942528735,0.0,0.0,0.0,0.0,0.0,0.0,0.0
05_dr.jpg,soft_structure_refined,59703,162242,0.4908963932505801,0.3252900536815769,0.9124499606384939,0.8802995011646156,0.3357700225588935,107766,5227,1.8050349228681977,0.08755003936150613,0.8507018878362492,0.7401925391095067,0.7401925391095067,1.0,1.0,0,2159,0.0,0.2598074608904934,1244,3053,0.7781350482315113,0.23845397969210613,276,8.274036637217979,27.294688127912362,1.2172542420285304,5.0,0.5274443695212407,0.916286739741973,0.6695017910786976,0.5581119352663519,0.9509166747502182,0.7033901704700759,0.02452823584594139,0.0,2.457600131827695,13.416407864998739,1.0,0.8084270665952509,0.8940665416131899,1.0,0.8577039814318872,0.9234022104757328,0.0,4096.0,147.0,0.0,0.0,0.0,0.0
05_dr.jpg,hierarchical_terminal_refined,59703,160710,0.49066978807965045,0.3250910796089889,0.9057333802321491,0.8815557532680882,0.33647563935038266,106635,5628,1.7860911511984323,0.09426661976785086,0.849349210744946,0.7381468110709988,0.7381468110709988,1.0,1.0,0,2176,0.0,0.2618531889290012,1244,3073,0.7789389067524116,0.2375528799219004,275,8.255672040194892,27.294688127912362,1.2116711820290718,5.0,0.529049272086327,0.9159472305752255,0.6707022677394104,0.5592422163020371,0.9508681734406829,0.7042738442672858,0.024927418895708348,0.0,2.4602296566929582,13.416407864998739,1.0,0.8080699875022317,0.8938481287646884,1.0,0.8577039814318872,0.9234022104757328,0.0,117.0,0.0,29.0,0.0,1533.0,2564.0
05_g.jpg,baseline_raw,62788,133585,0.5762910379736522,0.4047814921059597,0.9011913104414856,0.9141774742201397,0.42358049182168656,77001,6204,1.2263649104924508,0.09880868955851436,0.8265865565152084,0.7044290834613415,0.7044290834613415,1.0,1.0,0,2309,0.0,0.29557091653865847,855,2292,0.7298245614035088,0.225130890052356,231,7.758326290616875,29.427877939124322,1.386662297906882,6.4031242374328485,0.6000203431206347,0.8877186009538951,0.716051995090131,0.625754390723537,0.9302961049284578,0.7482236263651171,0.047691116972599104,0.0,3.283940440917568,15.556349186104045,0.9989844278943805,0.7448913744891374,0.8534264682959773,1.0,0.8169498816949882,0.8992541730791996,0.0,0.0,0.0,0.0,0.0,0.0,0.0
05_g.jpg,connected_recovery_raw,62788,152595,0.5392533301142616,0.3691627995677325,0.9249060329999363,0.8946492021952448,0.38056948130672696,94522,4715,1.5054150474612984,0.07509396700006371,0.8444641668515642,0.7307987711213517,0.7307987711213517,1.0,1.0,0,2103,0.0,0.2692012288786482,855,2292,0.7111111111111111,0.22076788830715532,247,7.695353679374908,29.274562336608895,1.3662169505816137,6.082762530298219,0.5989018172310105,0.8959161367249603,0.717901201214726,0.6306706759053471,0.9338235294117647,0.7528760598394948,0.032070151550161186,0.0,3.1399495533289468,15.639685246224422,0.9990256576810653,0.7659711765971177,0.8671118764670454,1.0,0.8283501828350183,0.9061176470588236,0.0,0.0,0.0,0.0,0.0,0.0,0.0
05_g.jpg,soft_structure_refined,62788,135957,0.5698055296988603,0.3984112241595249,0.9018124482385169,0.9115771969166707,0.4164772685481439,79334,6165,1.2635216920430656,0.09818755176148308,0.8265865565152084,0.7044290834613415,0.7044290834613415,1.0,1.0,0,2309,0.0,0.29557091653865847,855,2296,0.7321637426900585,0.22560975609756098,229,7.782725995280226,29.5296461204668,1.3938091107415722,6.4031242374328485,0.5991468327859972,0.8875198728139905,0.7153650765543018,0.6248434167315571,0.9298986486486487,0.7474436586927854,0.047691116972599104,0.0,3.283940440917568,15.556349186104045,0.9989844278943805,0.7448913744891374,0.8534264682959773,1.0,0.8169498816949882,0.8992541730791996,0.0,3899.0,7.0,0.0,0.0,0.0,0.0
05_g.jpg,hierarchical_terminal_refined,62788,135453,0.5711835594049667,0.39975992939099736,0.9017009619672549,0.9121311351163381,0.4179752386436624,78837,6172,1.2556061667834617,0.09829903803274512,0.8265865565152084,0.7044290834613415,0.7044290834613415,1.0,1.0,0,2309,0.0,0.29557091653865847,855,2296,0.7321637426900585,0.22560975609756098,229,7.779736983923285,29.48893884792966,1.39458530843888,6.4031242374328485,0.5991398286430288,0.8873211446740858,0.7152955215299187,0.6249449693521623,0.9299483306836248,0.7475323625161886,0.047691116972599104,0.0,3.283940440917568,15.556349186104045,0.9989844278943805,0.7448913744891374,0.8534264682959773,1.0,0.8169498816949882,0.8992541730791996,0.0,188.0,0.0,4.0,0.0,1323.0,2391.0
05_h.jpg,baseline_raw,86639,153752,0.6310219600567409,0.46094381476191926,0.8754256166391579,0.9107974823698333,0.49330090015089234,77906,10793,0.8992024377012662,0.12457438336084212,0.7458607940845523,0.5947193027428864,0.5947193027428864,1.0,1.0,0,1581,0.0,0.4052806972571136,197,2607,0.8477157360406091,0.1308016877637131,30,8.722325832088414,30.610455730027933,1.132245185450767,5.830951894845301,0.5561994377187446,0.9102063580591188,0.6904722635687097,0.5804119570830225,0.9433909648633575,0.7186695711429404,0.12782444219684053,1.0,7.001780107204832,45.13642526009712,0.9990740740740741,0.7523809523809524,0.8583541021574402,1.0,0.7949206349206349,0.8857446055889635,0.0,0.0,0.0,0.0,0.0,0.0,0.0
05_h.jpg,connected_recovery_raw,86639,169821,0.6108944864696249,0.4397754385964912,0.904154018398181,0.8952483566360302,0.4612798181614759,91486,8304,1.0559447823728345,0.09584598160181904,0.7528772378516624,0.6036913611894386,0.6036913611894386,1.0,1.0,0,1546,0.0,0.3963086388105614,197,2617,0.8274111675126904,0.12609858616736722,34,8.655061547610948,30.59411708155671,1.1310549949286584,5.385164807134504,0.5570558347135278,0.9142033835285369,0.6922809014143858,0.58535216012127,0.9466443576873025,0.7233963174165826,0.13970445730802505,1.0,6.995633641510018,45.2059042074193,0.9972477064220183,0.7523809523809524,0.8576793428050637,1.0,0.7949206349206349,0.8857446055889635,0.0,0.0,0.0,0.0,0.0,0.0,0.0
05_h.jpg,soft_structure_refined,86639,157602,0.624628952550964,0.45415304743363044,0.8804349080668059,0.906886155896588,0.48400401010139465,81322,10359,0.938630408938238,0.11956509193319406,0.7460623593699774,0.5949756472699308,0.5949756472699308,1.0,1.0,0,1580,0.0,0.4050243527300692,197,2603,0.8477157360406091,0.13100268920476374,30,8.740102963653014,30.675723300355934,1.1521343370917125,5.830951894845301,0.5561468257374188,0.9101598810187768,0.6904183502807956,0.5804938059680141,0.9428332403792526,0.7185703915823998,0.12597259034498867,1.0,7.00051026593499,45.13642526009712,0.9990740740740741,0.7523809523809524,0.8583541021574402,1.0,0.7949206349206349,0.8857446055889635,0.0,3912.0,140.0,0.0,0.0,0.0,0.0
05_h.jpg,hierarchical_terminal_refined,86639,156766,0.6250652205172449,0.45461445142321,0.8780341416683018,0.9076052170866343,0.48525828304606866,80694,10567,0.931381941158139,0.1219658583316982,0.7458607940845523,0.5947193027428864,0.5947193027428864,1.0,1.0,0,1581,0.0,0.4052806972571136,197,2610,0.8477157360406091,0.13065134099616857,30,8.73915628546866,30.610455730027933,1.144743910395479,5.830951894845301,0.5558386533451661,0.9105781743818554,0.6903010612588647,0.5804586184191692,0.9432980107826734,0.7186783632019641,0.12782444219684053,1.0,7.001780107204832,45.13642526009712,0.9990740740740741,0.7523809523809524,0.8583541021574402,1.0,0.7949206349206349,0.8857446055889635,0.0,133.0,0.0,36.0,1.0,1208.0,2674.0
06_dr.jpg,baseline_raw,72476,178108,0.45658142578935607,0.2958247577283869,0.7893095645455047,0.863776078168027,0.3211871448783884,120902,15270,1.6681660135769083,0.21069043545449528,0.777849951282884,0.6364602710603242,0.6364602710603242,1.0,1.0,0,4104,0.0,0.3635397289396758,1274,3726,0.8202511773940345,0.24745034889962425,229,8.35464520256383,29.5296461204668,1.8480400596942292,7.810249675906654,0.5246175178021668,0.8245877061469266,0.6412562713666238,0.5657681370590586,0.8909569605441182,0.6920661428792942,0.06376516934293698,1.0,2.9391736784439475,13.036484569885026,0.9993400791904972,0.7336250331477062,0.8461115500851248,1.0,0.8060196234420578,0.8925923206813009,0.0,0.0,0.0,0.0,0.0,0.0,0.0
06_dr.jpg,connected_recovery_raw,72476,193403,0.4441945396214067,0.2855077649061056,0.8147662674540538,0.8486215584029277,0.3053261841853539,134352,13425,1.853744687896683,0.18523373254594624,0.7887988841800333,0.6512534325449553,0.6512534325449553,1.0,1.0,0,3937,0.0,0.34874656745504473,1274,3689,0.8124018838304553,0.24722146923285443,239,8.472561181663968,30.066592756745816,1.7963751862776505,7.615773105863909,0.5148357312536417,0.8328884338318645,0.6363330672449925,0.5612478149791582,0.8971733645372436,0.6905228716864844,0.05474293244899194,0.0,2.8278957295872447,12.649110640673518,0.9993540051679587,0.7422434367541766,0.8518202122658838,1.0,0.8143728453990984,0.8976907337035954,0.0,0.0,0.0,0.0,0.0,0.0,0.0
06_dr.jpg,soft_structure_refined,72476,180979,0.45552859481959324,0.294941423513363,0.7965119487830454,0.8611293891770814,0.31897623481177373,123251,14748,1.7005767426458414,0.20348805121695457,0.7791716232291555,0.6382319071662681,0.6382319071662681,1.0,1.0,0,4084,0.0,0.36176809283373196,1274,3696,0.8178963893249608,0.2481060606060606,232,8.40884057724842,29.698484809834994,1.8448558317350219,7.810249675906654,0.5211161918161566,0.8247339744761766,0.6386776757243795,0.5627154414351038,0.8907009909679307,0.6897007494135953,0.05651261872787579,0.0,2.9317607999370208,13.0,0.9993387701124091,0.7336250331477062,0.8461110808780821,1.0,0.8064173959162027,0.8928361714621257,0.0,3651.0,95.0,0.0,0.0,0.0,0.0
06_dr.jpg,hierarchical_terminal_refined,72476,179933,0.4551264019904203,0.29460429809714317,0.7925244218775871,0.8619823238582844,0.3192243779629084,122494,15037,1.690131905734312,0.20747557812241293,0.7782467532467533,0.6369917618921074,0.6369917618921074,1.0,1.0,0,4098,0.0,0.3630082381078926,1274,3707,0.8178963893249608,0.24763960075532776,232,8.367784542657855,29.654660811555576,1.847340209694694,7.810249675906654,0.5235801632023195,0.8250630782169891,0.6406240699956166,0.5653393813275971,0.8910666617910556,0.6917783370630548,0.06369511312524533,1.0,2.933335567157173,13.0,0.999340804218853,0.733890214797136,0.8462881513395659,1.0,0.8064173959162027,0.8928361714621257,0.0,96.0,0.0,28.0,0.0,1629.0,1993.0
06_g.jpg,baseline_raw,65670,144969,0.5557755211523032,0.38482627132572894,0.8913354652048119,0.9033522301611262,0.40376908166573544,86435,7136,1.316202223237399,0.10866453479518806,0.7710382038116788,0.6273898881178304,0.6273898881178304,1.0,1.0,0,2631,0.0,0.37261011188216964,921,2490,0.7285559174809989,0.20200803212851406,250,7.921251032112565,29.68164415931166,1.4751905119799182,7.0,0.5801196704363898,0.8772813688212928,0.6984051264569051,0.6069358729363116,0.9212452471482889,0.7317676954881118,0.06106617406662787,0.75,4.086614683771255,21.02022663538433,0.9984767707539984,0.7082593250444049,0.8286934171810881,1.0,0.7770870337477798,0.8745627186406797,0.0,0.0,0.0,0.0,0.0,0.0,0.0
06_g.jpg,connected_recovery_raw,65670,162603,0.5235748424036132,0.354623354736105,0.909989340642607,0.8850044167141883,0.367514744500409,102844,5911,1.566072788183341,0.09001065935739302,0.7863526985218288,0.6479252230562244,0.6479252230562244,1.0,1.0,0,2486,0.0,0.35207477694377565,921,2487,0.7187839305103149,0.20064334539605952,259,7.863137045421165,29.53895612717362,1.4721854652052881,7.0,0.5793229643183897,0.8839828897338403,0.699937865579079,0.611619396157365,0.9242395437262357,0.7361129553752382,0.0475063434076257,0.0,3.9794859853868365,21.0,0.9985310319500551,0.7160301953818827,0.8340073932672124,1.0,0.7808614564831261,0.8769480114698914,0.0,0.0,0.0,0.0,0.0,0.0,0.0
06_g.jpg,soft_structure_refined,65670,149463,0.547103419744995,0.3765604704286455,0.8961474036850922,0.898680576520971,0.3937429330335936,90613,6820,1.3798233592203442,0.10385259631490787,0.7759382855161654,0.6339045460982864,0.6339045460982864,1.0,1.0,0,2585,0.0,0.36609545390171366,921,2491,0.7307274701411509,0.20152549177037335,248,7.94282141815193,29.68164415931166,1.4955786101507393,7.0,0.5778673163418291,0.8770912547528517,0.6967103801307278,0.6062593703148426,0.9210551330798479,0.7312158743534699,0.05529269856402146,0.0,4.0538537328364495,21.0,0.9984888553078958,0.7098134991119005,0.8297604535598134,1.0,0.7788632326820604,0.8756864702945582,0.0,3876.0,155.0,0.0,0.0,0.0,0.0
06_g.jpg,hierarchical_terminal_refined,65670,148836,0.5481524992307908,0.3775551488295925,0.8952489721333943,0.89931568883969,0.3950052406675804,90045,6879,1.3711740520785747,0.10475102786660576,0.7753013615471338,0.6330548081008356,0.6330548081008356,1.0,1.0,0,2591,0.0,0.3669451918991644,921,2485,0.7231270358306189,0.20080482897384305,255,7.938577365476056,29.68164415931166,1.4974582882740557,7.0,0.5782820400774081,0.8773764258555133,0.6971017465066992,0.6066545976652725,0.9212452471482889,0.7315632194831272,0.055775841445482505,0.0,4.063526487542833,21.02022663538433,0.9984859954579863,0.7093694493783304,0.8294559858113635,1.0,0.7781971580817052,0.875265326507679,0.0,139.0,0.0,48.0,1.0,1373.0,2470.0
06_h.jpg,baseline_raw,97298,159748,0.6710394248500269,0.5049355393964942,0.8863902649591975,0.9147979255872828,0.539875303603175,73504,11054,0.755452321733232,0.11360973504080249,0.7474370922646785,0.5967261904761905,0.5967261904761905,1.0,1.0,0,2168,0.0,0.40327380952380953,310,2369,0.8064516129032258,0.21317011397214014,60,5.349466047750773,22.47220505424423,1.1981145699280458,6.324555320336759,0.6534152511745572,0.8952120798239623,0.7554370432239664,0.6846904450807595,0.9305713635328933,0.7889164687470721,0.08268591085167347,1.0,6.817644837774452,38.028931442850215,1.0,0.7077341624562767,0.8288575329995449,1.0,0.759813447337738,0.8635159010600707,0.0,0.0,0.0,0.0,0.0,0.0,0.0
06_h.jpg,connected_recovery_raw,97298,169365,0.6594015667715432,0.4918710558116636,0.9036054184053115,0.9055919657077415,0.5191096153278423,81446,9379,0.8370778433266871,0.09639458159468849,0.754257907542579,0.60546875,0.60546875,1.0,1.0,0,2121,0.0,0.39453125,310,2351,0.8032258064516129,0.21182475542322415,61,5.330280305754338,22.360679774997898,1.190715310334964,6.324555320336759,0.6549344185662827,0.8994992032779422,0.7579776703500957,0.6874639095883631,0.9321648076485317,0.7913290944112265,0.07058338485096646,1.0,6.792380021784633,38.028931442850215,1.0,0.7096774193548387,0.8301886792452831,1.0,0.7613680528565876,0.8645189761694616,0.0,0.0,0.0,0.0,0.0,0.0,0.0
06_h.jpg,soft_structure_refined,97298,161496,0.6692504463009189,0.5029123958303087,0.8900388497194187,0.9131832312895994,0.5362299995046317,74897,10699,0.7697691627782688,0.1099611502805813,0.7486033519553073,0.5982142857142857,0.5982142857142857,1.0,1.0,0,2160,0.0,0.4017857142857143,310,2363,0.8064516129032258,0.21328819297503174,60,5.35142773604018,22.47220505424423,1.2082058667666589,6.4031242374328485,0.6535953154053229,0.8955535321344563,0.7556789578062036,0.685232980878639,0.9306093026785037,0.7892901343118388,0.07776220805991456,1.0,6.816001056756613,38.028931442850215,1.0,0.7073455110765643,0.8285909401320282,1.0,0.759813447337738,0.8635159010600707,0.0,3731.0,196.0,0.0,0.0,0.0,0.0
06_h.jpg,hierarchical_terminal_refined,97298,160348,0.6700744432283054,0.5038435721581789,0.8871816481325413,0.9141916907576428,0.5383353705690124,74027,10977,0.7608275606898395,0.11281835186745874,0.7474370922646785,0.5967261904761905,0.5967261904761905,1.0,1.0,0,2168,0.0,0.40327380952380953,310,2367,0.8064516129032258,0.21335023236163922,60,5.3526615971545946,22.47220505424423,1.2024410099603136,6.324555320336759,0.6534163562572969,0.8952500189695728,0.7554512898217729,0.6847167398676822,0.930723120115335,0.7889884560995654,0.08268591085167347,1.0,6.817644837774452,38.028931442850215,1.0,0.7077341624562767,0.8288575329995449,1.0,0.759813447337738,0.8635159010600707,0.0,56.0,0.0,23.0,0.0,1384.0,2464.0
07_dr.jpg,baseline_raw,74729,156517,0.5714606955363553,0.40003148233356745,0.8841815091865273,0.8978358039515584,0.42215222627574,90443,8655,1.2102798110505961,0.11581849081347269,0.789495904753863,0.6522042410714286,0.6522042410714286,1.0,1.0,0,2493,0.0,0.34779575892857145,861,2366,0.727061556329849,0.22358410819949281,235,6.513367657237494,25.079872407968907,1.3329517659935228,6.0,0.63295360642191,0.9013118149650471,0.7436634572355664,0.6602526266084288,0.9383360662811772,0.77510726199832,0.03827422297096085,0.0,3.9418892486330277,21.231882992140175,0.9989665862900448,0.7346264051135112,0.8466430537661742,1.0,0.7903901256336786,0.882925027699126,0.0,0.0,0.0,0.0,0.0,0.0,0.0
07_dr.jpg,connected_recovery_raw,74729,166303,0.559485877393873,0.3883931914403387,0.902286930107455,0.8883099073617006,0.4054466846659411,98876,7302,1.3231275676109677,0.09771306989254507,0.7944836865119408,0.6590401785714286,0.6590401785714286,1.0,1.0,0,2444,0.0,0.34095982142857145,861,2385,0.7375145180023229,0.2272536687631027,226,6.592173427336386,25.079872407968907,1.3037986466469889,5.830951894845301,0.6259228163631626,0.9058427548114266,0.7403060350011081,0.6548160157493993,0.9402778976439112,0.772003480751279,0.03782804548181493,0.0,3.910839229576096,21.227207745620028,0.9989764585465711,0.7379325545514658,0.8488380731897773,1.0,0.7914921754463302,0.8836122047244095,0.0,0.0,0.0,0.0,0.0,0.0,0.0
07_dr.jpg,soft_structure_refined,74729,160798,0.5672555588106671,0.39592235886798044,0.8939233764669673,0.8938223436665157,0.41544049055336507,93996,7927,1.2578249407860402,0.1060766235330327,0.7901088699468309,0.6530412946428571,0.6530412946428571,1.0,1.0,0,2487,0.0,0.34695870535714285,861,2356,0.7282229965156795,0.2266553480475382,234,6.557812888661225,25.079872407968907,1.3288714798174566,6.0,0.6287715993052898,0.9015275740053508,0.7408419796749046,0.6562067645933296,0.9382497626650557,0.7722830075493458,0.03790363830798601,0.0,3.939426459195397,21.231882992140175,0.9989672977624785,0.7350672250385717,0.8469359863544014,1.0,0.790610535596209,0.8830625307730182,0.0,2639.0,478.0,0.0,0.0,0.0,0.0
07_dr.jpg,hierarchical_terminal_refined,74729,157869,0.569394405798846,0.3980093521980069,0.8861352353169453,0.8964735092418028,0.4194617055913447,91649,8509,1.2264181241552812,0.11386476468305477,0.789495904753863,0.6522042410714286,0.6522042410714286,1.0,1.0,0,2493,0.0,0.34779575892857145,861,2367,0.727061556329849,0.22348964934516266,235,6.536615123191999,25.079872407968907,1.3322689866355382,6.0,0.6309215939814271,0.9013549667731078,0.7422737212654741,0.6584871282473257,0.9382066108569949,0.7738453051521795,0.03827422297096085,0.0,3.9418892486330277,21.231882992140175,0.9989665862900448,0.7346264051135112,0.8466430537661742,1.0,0.7903901256336786,0.882925027699126,0.0,44.0,0.0,23.0,1.0,1167.0,1882.0
07_g.jpg,baseline_raw,62492,163062,0.4946664656800589,0.32860921144863253,0.8927062664020995,0.8804746030118952,0.3421214016754363,107275,6705,1.7166197273250976,0.10729373359790054,0.8046413788423695,0.6731380563124433,0.6731380563124433,1.0,1.0,0,2879,0.0,0.3268619436875568,1130,2927,0.7716814159292036,0.26955927570891697,258,7.748290304393938,26.40075756488817,1.4170117169174927,7.0,0.5249306740614335,0.8731363391413688,0.6556710697336585,0.5616734215017065,0.9196604993712951,0.6974104245144446,0.04540353452803731,0.0,3.6389313764985785,17.69180601295413,0.9994224660698816,0.7158343700017772,0.8341852209179803,1.0,0.7808779100764173,0.8769583873864885,0.0,0.0,0.0,0.0,0.0,0.0,0.0
07_g.jpg,connected_recovery_raw,62492,181630,0.46602108781674734,0.3037988880521686,0.9102445112974461,0.8610073670652518,0.3131806419644332,124747,5609,1.9962075145618638,0.08975548870255393,0.8154922001075847,0.6884650317892824,0.6884650317892824,1.0,1.0,0,2744,0.0,0.3115349682107175,1130,2909,0.7663716814159292,0.2677896184255758,264,7.708442843421859,26.39127109599267,1.427291393231921,6.708203932499369,0.5244647920297584,0.8763696784623676,0.6562160638358383,0.5667351663501808,0.9217711514280582,0.7019118704462316,0.034744040576388455,0.0,3.569364907057888,17.69180601295413,0.9994345490528697,0.7240092411586991,0.8397138955819687,1.0,0.7854984894259819,0.8798646362098138,0.0,0.0,0.0,0.0,0.0,0.0,0.0
07_g.jpg,soft_structure_refined,62492,167940,0.48673795306207474,0.32164816004404884,0.8973948665429174,0.8753660134505765,0.3339287840895558,111860,6412,1.7899891186071817,0.10260513345708251,0.8076350345201029,0.677338782924614,0.677338782924614,1.0,1.0,0,2842,0.0,0.32266121707538603,1130,2927,0.7699115044247787,0.2692176289716433,260,7.757492649907607,26.40075756488817,1.4304173706011698,7.0,0.5242793319859589,0.8721932818394108,0.6548970694280867,0.5621476438676737,0.919435961918448,0.6977112296074857,0.03859268703409383,0.0,3.6275163127082677,17.69180601295413,0.9997123130034522,0.7170783721343522,0.8351304375275559,1.0,0.7814110538475209,0.8772944932162808,0.0,4006.0,120.0,0.0,0.0,0.0,0.0
07_g.jpg,hierarchical_terminal_refined,62492,166115,0.4888739189963562,0.3235163002888952,0.8941944568904819,0.8771765822700187,0.33639346236041295,110235,6612,1.763985790181143,0.10580554310951802,0.805046805046805,0.6737057220708447,0.6737057220708447,1.0,1.0,0,2874,0.0,0.32629427792915533,1130,2929,0.7716814159292036,0.2693752133834073,258,7.759673026287874,26.40075756488817,1.427028372954465,7.0,0.5242049234863606,0.872642356745105,0.6549655446552813,0.5616766467065868,0.9190317945033232,0.6972320575569483,0.044787201405249055,0.0,3.6374808206677334,17.69180601295413,0.9994229659549914,0.716012084592145,0.8343060508346942,1.0,0.7808779100764173,0.8769583873864885,0.0,136.0,0.0,29.0,0.0,1400.0,2561.0
07_h.jpg,baseline_raw,85497,148694,0.6544657992834908,0.486398486887202,0.896347240254044,0.9176000539735141,0.5153873054729848,72059,8862,0.8428248944407406,0.103652759745956,0.8001159588346137,0.6668277361681566,0.6668277361681566,1.0,1.0,0,1379,0.0,0.33317226383184345,219,2518,0.8858447488584474,0.15766481334392374,25,7.506433384593749,28.0,0.9271727627374662,4.123105625617661,0.5998579587488533,0.9306483572185613,0.7295060700500702,0.6224070073683899,0.9619372379153034,0.7557908949514599,0.11391489136446818,1.0,3.991588519864058,23.751109813607368,0.9983883964544722,0.804093567251462,0.8907691764715109,1.0,0.8526315789473684,0.9204545454545454,0.0,0.0,0.0,0.0,0.0,0.0,0.0
07_h.jpg,connected_recovery_raw,85497,163714,0.6355979471211143,0.46584358751146976,0.9263365966057289,0.9033565350833559,0.4837643695713256,84515,6298,0.9885142168731067,0.07366340339427115,0.8125089657151054,0.684223242329065,0.684223242329065,1.0,1.0,0,1307,0.0,0.315776757670935,219,2501,0.8812785388127854,0.15673730507796882,26,7.481769099603776,28.0178514522438,0.9126145875384195,4.0,0.597697825080981,0.9365467029169162,0.7297036648397571,0.6260122628412772,0.9657619464540804,0.7596288693901488,0.10819425865621565,1.0,3.9229243725181164,23.751109813607368,0.9976303317535545,0.8093567251461988,0.8936852260578946,1.0,0.8578947368421053,0.9235127478753541,0.0,0.0,0.0,0.0,0.0,0.0,0.0
07_h.jpg,soft_structure_refined,85497,151957,0.6500627489955949,0.4815503450341291,0.9027217329263015,0.9144920028862108,0.5079068420671637,74777,8317,0.8746154835842194,0.0972782670736985,0.8025459279618111,0.6702101956994443,0.6702101956994443,1.0,1.0,0,1365,0.0,0.3297898043005557,219,2519,0.8858447488584474,0.15799920603414053,25,7.550673859417021,28.0178514522438,0.9474466429186281,4.242640687119285,0.5966287150672779,0.9286668817105203,0.7265074776731281,0.6207895904184534,0.9615225104833879,0.7544695703469619,0.12266613245497901,1.0,3.9766163998248523,23.751109813607368,0.9975980784627703,0.8064327485380117,0.8918869326512037,1.0,0.8549707602339182,0.9218158890290038,0.0,3873.0,153.0,0.0,0.0,0.0,0.0
07_h.jpg,hierarchical_terminal_refined,85497,151155,0.6498318205635278,0.4812969454181272,0.8993531936793104,0.9150797653066942,0.5086963712745195,74263,8605,0.8686035767336866,0.10064680632068962,0.8001159588346137,0.6668277361681566,0.6668277361681566,1.0,1.0,0,1379,0.0,0.33317226383184345,219,2524,0.8858447488584474,0.15729001584786054,25,7.544489641487454,28.0178514522438,0.9432804257647596,4.242640687119285,0.597003457548982,0.9285747200589834,0.726757011347665,0.6212949555246905,0.9618450762637667,0.7549420542462674,0.11391489136446818,1.0,3.991588519864058,23.751109813607368,0.9983883964544722,0.804093567251462,0.8907691764715109,1.0,0.8526315789473684,0.9204545454545454,0.0,131.0,0.0,31.0,0.0,1501.0,2363.0
08_dr.jpg,baseline_raw,72228,194295,0.47427051323900754,0.3108483629334894,0.8750346126156061,0.8523348337185673,0.32528886487042896,131093,9026,1.8149886470620813,0.12496538738439386,0.7930946509056893,0.657130777903044,0.657130777903044,1.0,1.0,0,2433,0.0,0.34286922209695603,1041,3079,0.8069164265129684,0.20428710620331275,201,8.46096288098638,28.160255680657446,1.4062847812741217,6.0,0.51222885427282,0.8918954134815844,0.6507323835510598,0.5474838647061678,0.9365879082696317,0.6910269125708725,0.04009875863771736,0.0,3.1854256959824605,16.492422502470642,0.9996649916247906,0.7556805886171825,0.8607164740596293,1.0,0.8221164250162303,0.902375296912114,0.0,0.0,0.0,0.0,0.0,0.0,0.0
08_dr.jpg,connected_recovery_raw,72228,205300,0.46404687094635494,0.302123067539353,0.8915240626903694,0.8412801935632122,0.3136531904529956,140907,7835,1.9508639308855291,0.10847593730963061,0.798204759082056,0.6641770011273957,0.6641770011273957,1.0,1.0,0,2383,0.0,0.3358229988726043,1041,3059,0.7934678194044188,0.2020268061457993,215,8.52545793741081,28.178005607210743,1.4041946889633499,6.0,0.5068767908309456,0.893589298123697,0.6468413327907238,0.5433619866284622,0.9378040305767894,0.6880620473373588,0.03765975307505345,0.0,3.1386191948533324,16.278820596099706,0.9996687644915535,0.7613070763903916,0.8643558722221906,1.0,0.8262280891581909,0.9048465457992653,0.0,0.0,0.0,0.0,0.0,0.0,0.0
08_dr.jpg,soft_structure_refined,72228,200270,0.46861261367055906,0.3060052719865804,0.8839785124882317,0.8463321663670402,0.3188096070305088,136422,8380,1.888768898488121,0.11602148751176829,0.795143900161304,0.6599492671927847,0.6599492671927847,1.0,1.0,0,2413,0.0,0.3400507328072153,1041,3064,0.8049951969260326,0.20430809399477806,203,8.512924038693214,28.231188426986208,1.4119987944234065,6.0,0.5082917131358192,0.8918519805420431,0.6475349253082965,0.5439557775299423,0.9368050729673384,0.6882685096500378,0.04027187004791002,0.0,3.1704821502678238,16.492422502470642,0.9996663329996663,0.7571954122484311,0.8616987229347033,1.0,0.8229820385198009,0.9028964862298197,0.0,2222.0,519.0,0.0,0.0,0.0,0.0
08_dr.jpg,hierarchical_terminal_refined,72228,197442,0.46935884599695926,0.30664198775098844,0.8761975964999723,0.8488846235294648,0.3205295732417621,134156,8942,1.8573960237027192,0.12380240350002769,0.7930946509056893,0.657130777903044,0.657130777903044,1.0,1.0,0,2433,0.0,0.34286922209695603,1041,3082,0.8069164265129684,0.20408825438027256,201,8.480394444303679,28.207256158087016,1.408787802463565,6.082762530298219,0.5111783208323252,0.8918085476025017,0.649860958963834,0.5466973142995403,0.9365444753300903,0.6903882468318018,0.04009875863771736,0.0,3.1854256959824605,16.492422502470642,0.9996649916247906,0.7556805886171825,0.8607164740596293,1.0,0.8221164250162303,0.902375296912114,0.0,34.0,0.0,25.0,0.0,1153.0,1529.0
08_g.jpg,baseline_raw,65122,169879,0.5028914770575444,0.3359084991842466,0.9073738521544179,0.876196531817745,0.34783581254893187,110789,6032,1.7012530327692639,0.09262614784558214,0.8333227020475856,0.7142700929469655,0.7142700929469655,1.0,1.0,0,2613,0.0,0.28572990705303447,1200,2749,0.785,0.28992360858494,258,6.663272332224214,23.40939982143925,1.2816975958264591,6.324555320336759,0.5714247832197502,0.8917865079032326,0.6965349639501541,0.6079393280475193,0.9319525386776236,0.7358576434860566,0.02782152128201648,0.0,3.105306297176637,16.278820596099706,0.9992732558139535,0.7761773749797702,0.8737086564197184,0.9997577519379846,0.8316879754005503,0.9080110736435831,0.0,0.0,0.0,0.0,0.0,0.0,0.0
08_g.jpg,connected_recovery_raw,65122,181137,0.4857162580859989,0.3207564372790998,0.9183686004729584,0.8644161550513031,0.3301699818369521,121331,5316,1.8631338103866588,0.08163139952704156,0.8388776028440833,0.7224712957900492,0.7224712957900492,1.0,1.0,0,2538,0.0,0.2775287042099508,1200,2736,0.7783333333333333,0.28362573099415206,266,6.669080907759086,23.345235059857504,1.285924425341035,6.082762530298219,0.5706600831600832,0.8963565468953084,0.6973539237561989,0.6093814968814969,0.9343843025449666,0.737672132857155,0.02365487182708766,0.0,3.067558390027838,16.278820596099706,0.9992816091954023,0.7797378216539893,0.8759630745583237,0.9997605363984674,0.8337918757080434,0.9092646683002312,0.0,0.0,0.0,0.0,0.0,0.0,0.0
08_g.jpg,soft_structure_refined,65122,171477,0.5003909568510433,0.3336809411340282,0.9090015662909616,0.8745292654417697,0.3452124774751133,112281,5926,1.7241638770308036,0.09099843370903841,0.833769049289039,0.7149261891744122,0.7149261891744122,1.0,1.0,0,2607,0.0,0.28507381082558775,1200,2746,0.785,0.29024034959941736,258,6.670817727464597,23.40939982143925,1.2957533789650735,6.324555320336759,0.5708837628115151,0.8914510921973922,0.6960306692176632,0.607828597155645,0.9319106117143935,0.7357634546547801,0.027317172561647066,0.0,3.1009655808769048,16.278820596099706,0.9992737835875091,0.7765010519501537,0.8739138866183737,0.9997579278625031,0.8316879754005503,0.9080111462022113,0.0,3842.0,115.0,0.0,0.0,0.0,0.0
08_g.jpg,hierarchical_terminal_refined,65122,170601,0.5016566054224662,0.3348074995611477,0.9079266607290931,0.87542994687544,0.34657475630271806,111475,5996,1.711787107275575,0.09207333927090691,0.8334715224185216,0.7144887916894478,0.7144887916894478,1.0,1.0,0,2611,0.0,0.2855112083105522,1200,2749,0.785,0.28992360858494,258,6.667541493685033,23.40939982143925,1.2873454166781815,6.324555320336759,0.5710952620834107,0.8914510921973922,0.6961878420371305,0.6077630776572898,0.9318686847511635,0.7357023850051851,0.02755924469914404,0.0,3.1011274193620966,16.278820596099706,0.9992737835875091,0.7765010519501537,0.8739138866183737,0.9997579278625031,0.8316879754005503,0.9080111462022113,0.0,68.0,0.0,15.0,0.0,1480.0,2394.0
08_h.jpg,baseline_raw,96423,165590,0.6493189269234733,0.48073445305965595,0.8822065274882549,0.906754116888245,0.513708557280029,80525,11358,0.835122325586219,0.11779347251174513,0.7841273612926221,0.6449091264412742,0.6449091264412742,1.0,1.0,0,1817,0.0,0.3550908735587258,301,2862,0.8471760797342193,0.18658280922431866,46,6.483427046017452,24.041630560342615,1.0529399075499968,5.385164807134504,0.590901835594573,0.9083061418363554,0.7160044164288136,0.6226389997339719,0.9463053983726405,0.7510867146046065,0.07671988227767466,1.0,5.331651378795853,38.57456812965855,1.0,0.7592515592515593,0.8631529189316948,1.0,0.8116424116424117,0.8960293780123939,0.0,0.0,0.0,0.0,0.0,0.0,0.0
08_h.jpg,connected_recovery_raw,96423,176064,0.641124163721572,0.47180481586708295,0.9058938220134201,0.8972703071063727,0.4961207288258815,88715,9074,0.9200605664623586,0.09410617798657997,0.7897350993377483,0.652530779753762,0.652530779753762,1.0,1.0,0,1778,0.0,0.34746922024623805,301,2848,0.8538205980066446,0.18890449438202248,44,6.455239520566157,24.041630560342615,1.0513220452211827,5.0990195135927845,0.5912790087157408,0.9123951922679774,0.7175492197555617,0.6259057019846687,0.9481640576597414,0.7540470001027376,0.07062612393164758,1.0,5.313106831299729,38.57456812965855,1.0,0.7604989604989605,0.8639584317430326,1.0,0.812058212058212,0.8962826984855439,0.0,0.0,0.0,0.0,0.0,0.0,0.0
08_h.jpg,soft_structure_refined,96423,167454,0.648173201908465,0.47947947386716605,0.8869149476784585,0.9051213730796444,0.5107014463673606,81935,10904,0.8497453926967632,0.11308505232154153,0.7870096005689226,0.6488176666015243,0.6488176666015243,1.0,1.0,0,1797,0.0,0.35118233339847565,301,2854,0.840531561461794,0.18640504555010512,48,6.4967324373304685,24.041630560342615,1.0699829392216806,5.385164807134504,0.5905134552423541,0.9082235347569286,0.7156935756179541,0.6223482126221086,0.9463053983726405,0.7508751060706118,0.07538895535273317,1.0,5.328913006056715,38.57456812965855,1.0,0.7592515592515593,0.8631529189316948,1.0,0.8116424116424117,0.8960293780123939,0.0,3653.0,242.0,0.0,0.0,0.0,0.0
08_h.jpg,hierarchical_terminal_refined,96423,166017,0.6490321597317482,0.48042014057334975,0.8832539954160314,0.9063766172559019,0.5129956570712638,80851,11257,0.8385032616699335,0.11674600458396855,0.7849934702600023,0.6460816884893492,0.6460816884893492,1.0,1.0,0,1811,0.0,0.3539183115106508,301,2862,0.8471760797342193,0.18693221523410203,46,6.484798907447849,24.041630560342615,1.055445144307678,5.385164807134504,0.5910843950315184,0.9085126595349221,0.716202601364716,0.6227092587174509,0.946470612531494,0.7511898722716102,0.07781305111842017,1.0,5.329988177132652,38.57456812965855,1.0,0.7592515592515593,0.8631529189316948,1.0,0.8116424116424117,0.8960293780123939,0.0,70.0,0.0,16.0,0.0,1438.0,2371.0
09_dr.jpg,baseline_raw,64956,144127,0.4985005954573064,0.33200186023992,0.802296939466716,0.8971972327617413,0.3615838808828325,92013,12842,1.4165435063735452,0.19770306053328407,0.7354825988366361,0.5816310619055044,0.5816310619055044,1.0,1.0,0,2683,0.0,0.41836893809449555,636,3140,0.7845911949685535,0.14522292993630573,137,10.063994609654078,35.610977941440325,1.6083149847821971,7.0,0.517413230495402,0.8638707118778505,0.6471922564959467,0.5459804212399881,0.9150803093396788,0.6839085088043902,0.10400967056702201,1.0,4.975305496595744,26.832815729997478,0.9979476654694716,0.6690101237345332,0.8010245916006373,1.0,0.7449381327334084,0.8538275584206285,0.0,0.0,0.0,0.0,0.0,0.0,0.0
09_dr.jpg,connected_recovery_raw,64956,170074,0.46792324384121176,0.3054176247764411,0.846542274770614,0.8714186118224355,0.3233180850688524,115086,9968,1.7717531867725844,0.15345772522938605,0.7611320390225056,0.6143770466240449,0.6143770466240449,1.0,1.0,0,2473,0.0,0.3856229533759551,636,3158,0.779874213836478,0.14249525015832806,140,9.963994584001309,35.22782990761707,1.5914124571975292,7.0,0.5123751992616831,0.8712076145151696,0.645259785884417,0.5490673154906731,0.9178564346619076,0.6871045185998721,0.08167405114313808,1.0,4.579253371807936,23.345235059857504,0.9985380116959064,0.6903824521934758,0.8163476443828189,1.0,0.7632170978627671,0.8657097288676235,0.0,0.0,0.0,0.0,0.0,0.0,0.0
09_dr.jpg,soft_structure_refined,64956,158844,0.4766666666666667,0.31291028446389496,0.8211558593509453,0.8821231135005654,0.33579486792072727,105505,11617,1.624253340722951,0.17884414064905474,0.7461139896373057,0.5950413223140496,0.5950413223140496,1.0,1.0,0,2597,0.0,0.4049586776859504,636,3117,0.7735849056603774,0.1450112287455887,144,10.162044146715404,36.0,1.650561211940181,7.0710678118654755,0.5143638448645946,0.8627305175490779,0.6444836290096768,0.5435325943132701,0.9121554630180448,0.6811709730450566,0.09001825215682163,1.0,4.830100765490217,25.238858928247925,0.997979797979798,0.6740719910011248,0.8046523843775727,1.0,0.749156355455568,0.8565916398713826,0.0,3402.0,397.0,0.0,0.0,0.0,0.0
09_dr.jpg,hierarchical_terminal_refined,64956,156174,0.4763261429928097,0.3126168640370403,0.8107796046554591,0.8843531714641961,0.3372200238195858,103509,12291,1.5935248475891373,0.1892203953445409,0.7426722870306832,0.5906751910182442,0.5906751910182442,1.0,1.0,0,2625,0.0,0.4093248089817558,636,3127,0.7751572327044025,0.1439078989446754,143,10.12469787498675,35.89707119361609,1.6424320942018373,7.0710678118654755,0.5161214472562679,0.8623835018837993,0.6457642699938826,0.5452194103988478,0.9127999206821337,0.68267439801014,0.09015870152350548,1.0,4.840384731497329,25.238858928247925,0.9984740590030519,0.6729471316085489,0.8040106919378974,1.0,0.749156355455568,0.8565916398713826,0.0,80.0,0.0,108.0,5.0,1509.0,2097.0
09_g.jpg,baseline_raw,63659,155749,0.5226609786334135,0.3537854013697785,0.9007053205359807,0.8902080792912519,0.36814361568934634,98411,6321,1.5459086696303743,0.09929467946401922,0.8185737507951092,0.6928691074419717,0.6928691074419717,1.0,1.0,0,2567,0.0,0.3071308925580282,1046,2943,0.7954110898661568,0.2759089364593952,214,6.4791759423833435,23.345235059857504,1.2778255799799854,6.082762530298219,0.5843561643835616,0.8960883334759907,0.7074020569578479,0.6219452054794521,0.9352905931695626,0.7470923808154135,0.031169578694620163,0.0,4.00833241375284,24.08318915758459,0.9994293865905849,0.7566363467607202,0.8612486258951757,1.0,0.8138110265453871,0.8973492989458602,0.0,0.0,0.0,0.0,0.0,0.0,0.0
09_g.jpg,connected_recovery_raw,63659,173845,0.491469617353813,0.325793648578494,0.9168067358896621,0.8711628721658387,0.33571859990221176,115482,5296,1.8140718515842222,0.0831932641103379,0.8274410774410774,0.7056712132089017,0.7056712132089017,1.0,1.0,0,2460,0.0,0.29432878679109836,1046,2947,0.7820267686424475,0.2714625042416016,228,6.464690931428852,23.345235059857504,1.2895114838426092,6.082762530298219,0.5836489135981522,0.8986133698536335,0.7076678978007709,0.6248489243413101,0.9369596850124112,0.7497183045667054,0.02955540998927177,0.0,3.9524769876310373,24.08318915758459,0.9985970819304153,0.7623909411546316,0.8646525236366471,0.999438832772166,0.8180805643215148,0.8997114260530191,0.0,0.0,0.0,0.0,0.0,0.0,0.0
09_g.jpg,soft_structure_refined,63659,161023,0.51281366553618,0.34482139436889486,0.9049780863664211,0.8846276138210792,0.3577749762456295,103413,6049,1.6244835765563392,0.09502191363357891,0.8207407407407408,0.6959798994974874,0.6959798994974874,1.0,1.0,0,2541,0.0,0.30402010050251255,1046,2936,0.7906309751434034,0.27452316076294275,219,6.512698427977236,23.40939982143925,1.3044922353998023,6.324555320336759,0.5819990163396906,0.894590430540101,0.7052071944594157,0.6205530356850101,0.9345202430882479,0.7458418605391812,0.03557822593104898,0.0,4.004699509387093,24.08318915758459,0.9982925441092771,0.7570076109151661,0.8610664696261745,0.9994308480364257,0.81399665862261,0.8972328563878724,0.0,3966.0,236.0,0.0,0.0,0.0,0.0
09_g.jpg,hierarchical_terminal_refined,63659,160089,0.5142660493054686,0.3461360286376079,0.9037685166276568,0.8855837231589317,0.3593813441273292,102556,6126,1.611021222450871,0.09623148337234326,0.8219042920572275,0.6976549413735343,0.6976549413735343,1.0,1.0,0,2527,0.0,0.30234505862646566,1046,2939,0.7934990439770554,0.27526369513439947,216,6.495193326701402,23.345235059857504,1.293597691722255,6.082762530298219,0.5828033301487648,0.8952323889411966,0.7059970348391931,0.6214003002593148,0.9348198236754258,0.7465490391571739,0.033685021691364815,0.0,4.0020235113652936,24.08318915758459,0.9985767150583547,0.757378875069612,0.8614123425142991,0.9994306860233418,0.8143679227770558,0.8974582820688933,0.0,135.0,0.0,57.0,1.0,1508.0,2501.0
09_h.jpg,baseline_raw,74574,147974,0.5794794830778079,0.40793461000714887,0.86465792367313,0.9057030175305446,0.435758984686499,83493,10093,1.1195993241612359,0.13534207632686995,0.7243506959391591,0.5678290213723285,0.5678290213723285,1.0,1.0,0,1921,0.0,0.43217097862767156,266,2877,0.7481203007518797,0.13451511991657977,67,8.217226772785796,29.154759474226502,1.3701357726812207,7.211102550927978,0.5396570510982394,0.8743558170292334,0.6673946078771478,0.5691345988415438,0.9195056323254435,0.7030879029459443,0.10098099456204505,1.0,9.273296803885149,53.05562256404195,1.0,0.6516220028208745,0.789069171648164,1.0,0.7061589092618712,0.8277762468999724,0.0,0.0,0.0,0.0,0.0,0.0,0.0
09_h.jpg,connected_recovery_raw,74574,168829,0.5523350164131091,0.3815351083816259,0.9013865422265133,0.8852428096757945,0.3981543455212079,101609,7354,1.362525813286132,0.09861345777348673,0.7492965672481711,0.5991001124859393,0.5991001124859393,1.0,1.0,0,1782,0.0,0.40089988751406075,266,2861,0.7518796992481203,0.1352673890248165,66,8.172733982055988,29.068883707497267,1.389605616082451,7.0710678118654755,0.5393155767207487,0.8795548866694031,0.6686412370982256,0.5737028628384739,0.9217403201532357,0.7072218677110308,0.08920124231231774,1.0,8.994177386560082,53.05562256404195,1.0,0.6596144804889515,0.7949008498583569,1.0,0.7132110954395863,0.8326015367727772,0.0,0.0,0.0,0.0,0.0,0.0,0.0
09_h.jpg,soft_structure_refined,74574,152708,0.5702167351572056,0.39881340702354723,0.8689355539464156,0.9007167171508403,0.4243392618592346,87908,9774,1.17880226352348,0.13106444605358436,0.7314497716894978,0.5766029246344206,0.5766029246344206,1.0,1.0,0,1882,0.0,0.4233970753655793,266,2873,0.7406015037593985,0.13400626522798467,69,8.249391759985992,29.154759474226502,1.409747563284636,7.280109889280518,0.538058569261157,0.8723947644456606,0.6656008640213933,0.5673718260670426,0.9175445797418708,0.7011693610085341,0.09458127903201645,1.0,9.244534916532725,53.05562256404195,1.0,0.6549130230371415,0.7914772727272726,1.0,0.7075693464974142,0.8287444933920705,0.0,4425.0,53.0,0.0,0.0,0.0,0.0
09_h.jpg,hierarchical_terminal_refined,74574,152035,0.5704627795012555,0.39905416334821237,0.866736396062971,0.9012915816793272,0.4251389482684908,87399,9938,1.171976828385228,0.133263603937029,0.7274549098196392,0.5716535433070866,0.5716535433070866,1.0,1.0,0,1904,0.0,0.4283464566929134,266,2878,0.7443609022556391,0.1341209173036831,68,8.236791797375922,29.154759474226502,1.3892002711088502,7.211102550927978,0.539454477804173,0.8739453641629041,0.6671201256082482,0.5681330318555197,0.9181830619783828,0.7019369957228738,0.09782880254507788,1.0,9.247275126746523,53.05562256404195,1.0,0.6549130230371415,0.7914772727272726,1.0,0.7075693464974142,0.8287444933920705,0.0,152.0,0.0,18.0,2.0,1879.0,2427.0
10_dr.jpg,baseline_raw,83850,158486,0.5979961706061007,0.42652962714418585,0.8641383422778771,0.9018113336757404,0.457188647577704,86028,11392,1.0259749552772808,0.13586165772212283,0.7808803567965872,0.6405280738030857,0.6405280738030857,1.0,1.0,0,2260,0.0,0.35947192619691426,546,2362,0.7802197802197802,0.23116003386960204,120,5.645084568298956,23.0,1.3125396828837645,5.656854249492381,0.6577117572692794,0.9021243422334827,0.7607693995477067,0.6898057694517872,0.9432079516663419,0.7968460747614008,0.09845062008331812,1.0,5.279449945489873,36.032618155493964,0.9977846699158175,0.7457531143827859,0.8535530824443367,1.0,0.8148357870894677,0.897971918876755,0.0,0.0,0.0,0.0,0.0,0.0,0.0
10_dr.jpg,connected_recovery_raw,83850,169012,0.5875220475990857,0.41595130501005145,0.8858795468097793,0.8918781030645437,0.4395013371831586,94731,9569,1.129767441860465,0.11412045319022063,0.7916586584662695,0.6551614442500397,0.6551614442500397,1.0,1.0,0,2168,0.0,0.34483855574996025,546,2363,0.7765567765567766,0.22979263647905204,122,5.594962186541125,23.0,1.2827492977352075,5.385164807134504,0.657502251238181,0.906295069187293,0.762107775085047,0.6934939216569113,0.9452348470083805,0.8000282090275554,0.08230050462912471,1.0,5.091280484304526,34.61780710502637,0.9986888111888111,0.753114382785957,0.8586888187218773,1.0,0.8176670441676104,0.8996884735202492,0.0,0.0,0.0,0.0,0.0,0.0,0.0
10_dr.jpg,soft_structure_refined,83850,161146,0.5970056653986188,0.42552250616766746,0.8721765056648778,0.8995445985276493,0.4538244821466248,88014,10718,1.049660107334526,0.12782349433512225,0.7830042586140147,0.6433911245427072,0.6433911245427072,1.0,1.0,0,2242,0.0,0.3566088754572928,546,2345,0.7765567765567766,0.23198294243070364,122,5.633756415025941,23.0,1.3092307625148836,5.656854249492381,0.658107179663346,0.903605534983434,0.7615604132295688,0.6907420130539333,0.9431689729097642,0.7974564594942701,0.09555770302696004,1.0,5.134559998727581,34.61780710502637,0.9977876106194691,0.7466024915062288,0.8541102304751126,1.0,0.8148357870894677,0.897971918876755,0.0,3067.0,202.0,0.0,0.0,0.0,0.0
10_dr.jpg,hierarchical_terminal_refined,83850,160009,0.5964594294243805,0.4249677151689037,0.8673345259391771,0.9003789305484221,0.45451193370372917,87283,11124,1.0409421586165772,0.1326654740608229,0.7820612165827199,0.6421186575473199,0.6421186575473199,1.0,1.0,0,2250,0.0,0.3578813424526801,546,2353,0.7783882783882784,0.23204419889502761,121,5.63906711773687,23.0,1.3146519571064332,5.656854249492381,0.6582068175307935,0.9030988111479243,0.76144706517783,0.6907189916929246,0.9432469304229195,0.7974689800819165,0.09788748369718289,1.0,5.129237253131758,34.61780710502637,0.997791519434629,0.7474518686296716,0.8546671951944101,1.0,0.8168176670441676,0.8991740688795387,0.0,50.0,0.0,42.0,0.0,1314.0,1863.0
10_g.jpg,baseline_raw,62963,150787,0.5271953216374269,0.3579533181708448,0.8948747677207248,0.8947167173706324,0.37366616485506043,94443,6619,1.499976176484602,0.10512523227927513,0.8134095238095238,0.6855014768203416,0.6855014768203416,1.0,1.0,0,2449,0.0,0.31449852317965843,1014,2794,0.7534516765285996,0.23478883321403007,250,6.815404979908943,24.041630560342615,1.2951382037681105,6.324555320336759,0.5816660603855948,0.8944806605823555,0.7049286287624243,0.612894199289252,0.9339852238157322,0.7401147333765856,0.027601400060082566,0.0,3.887778412992499,22.135943621178654,1.0,0.7564589665653495,0.8613454466796453,1.0,0.8143996960486323,0.8977070463825777,0.0,0.0,0.0,0.0,0.0,0.0,0.0
10_g.jpg,connected_recovery_raw,62963,169234,0.4968625778972166,0.3305503346474741,0.9161729904864762,0.8756472698450566,0.340859401775057,111549,5278,1.7716595460826199,0.08382700951352381,0.8247811651071536,0.7018107101579556,0.7018107101579556,1.0,1.0,0,2322,0.0,0.29818928984204446,1014,2789,0.7485207100591716,0.23126568662603084,255,6.774912863917544,24.020824298928627,1.2995598108150963,6.082762530298219,0.5818841964456335,0.8999565406345067,0.7067837661352958,0.6181103436979607,0.9372881355932203,0.7449505697081095,0.019786097066044818,0.0,3.724478495496115,21.918004819718295,1.0,0.7678571428571429,0.8686868686868687,1.0,0.8235182370820668,0.9032190853213876,0.0,0.0,0.0,0.0,0.0,0.0,0.0
10_g.jpg,soft_structure_refined,62963,155236,0.5189757973226276,0.35041682396846124,0.8992582945539443,0.8900647353453648,0.36473498415316036,98616,6343,1.5662531963216493,0.10074170544605562,0.8156653992395437,0.688711955823809,0.688711955823809,1.0,1.0,0,2424,0.0,0.3112880441761911,1014,2797,0.752465483234714,0.23453700393278512,251,6.839651582772785,24.041630560342615,1.318938270364862,6.324555320336759,0.5797016589990241,0.893394176445024,0.7031478519781865,0.612407639760212,0.933594089526293,0.7396371453280907,0.025471220129180523,0.0,3.8790039530403506,22.135943621178654,1.0,0.7577887537993921,0.8622068518318383,1.0,0.8151595744680851,0.8981684981684982,0.0,4538.0,65.0,0.0,0.0,0.0,0.0
10_g.jpg,hierarchical_terminal_refined,62963,154688,0.5193176231673643,0.3507285771025717,0.8975906484760892,0.8905585834252099,0.36534831402565165,98173,6448,1.55921731810746,0.10240935152391087,0.8140420347243374,0.6864004109413124,0.6864004109413124,1.0,1.0,0,2442,0.0,0.31359958905868757,1014,2794,0.7514792899408284,0.23407301360057264,252,6.8372014042919576,24.041630560342615,1.3139322840069818,6.324555320336759,0.5799191186724306,0.8938287700999565,0.7034424226143684,0.6123832101520011,0.933594089526293,0.7396193277120122,0.025943624019226223,0.0,3.8862802462908705,22.135943621178654,1.0,0.7564589665653495,0.8613454466796453,1.0,0.8143996960486323,0.8977070463825777,0.0,160.0,0.0,29.0,1.0,1621.0,2792.0
10_h.jpg,baseline_raw,82643,164017,0.585891510581367,0.4143186431348264,0.8743390244787822,0.8954142954350396,0.44055189401098666,91759,10385,1.1103057730237285,0.12566097552121777,0.7547213802751224,0.6060662797228983,0.6060662797228983,1.0,1.0,0,2104,0.0,0.39393372027710166,334,3081,0.8353293413173652,0.19441739694904253,55,6.877690559436082,24.758836806279895,1.3091337098374305,6.708203932499369,0.5565957226719077,0.8749848772028874,0.6803847999844722,0.5950761591972898,0.9211598177198854,0.7230540030452903,0.0910086256687585,1.0,6.688709246639955,44.27188724235731,0.9982089552238806,0.702367941712204,0.824555444146596,1.0,0.7508196721311475,0.8576779026217228,0.0,0.0,0.0,0.0,0.0,0.0,0.0
10_h.jpg,connected_recovery_raw,82643,179260,0.5683020049407606,0.3969426561341562,0.900499739844875,0.8805047432231121,0.4151511770612518,104840,8223,1.2685889912031267,0.09950026015512506,0.7666551206558134,0.6216064407414342,0.6216064407414342,1.0,1.0,0,2021,0.0,0.3783935592585658,334,3069,0.8203592814371258,0.19028999674160965,60,6.816534252335007,24.73863375370596,1.3063933123001341,6.708203932499369,0.5607436448716328,0.8807113763761746,0.6852150084316614,0.6023270519792588,0.9243456869782635,0.7293749320860197,0.09053691157912631,1.0,6.610527497861954,44.27188724235731,0.9982486865148862,0.7100182149362477,0.8298173427813481,1.0,0.7570127504553734,0.8617043334024466,0.0,0.0,0.0,0.0,0.0,0.0,0.0
10_h.jpg,soft_structure_refined,82643,166855,0.5832431522497175,0.41167484256445946,0.8804012439045049,0.8927506134902896,0.4360612507866111,94096,9884,1.138584030105393,0.11959875609549508,0.7566057502037016,0.6085002808462835,0.6085002808462835,1.0,1.0,0,2091,0.0,0.3914997191537165,334,3085,0.8383233532934131,0.19416531604538087,54,6.892100287895927,24.758836806279895,1.3346287092662572,6.766563145998647,0.5561113976276432,0.8749848772028874,0.6800228209971003,0.5956162970603404,0.921240472637819,0.7234774567724586,0.09117020082897831,1.0,6.681609363839455,44.27188724235731,0.9982174688057041,0.7034608378870674,0.8253109817969227,1.0,0.7508196721311475,0.8576779026217228,0.0,4033.0,239.0,0.0,0.0,0.0,0.0
10_h.jpg,hierarchical_terminal_refined,82643,165259,0.5840049697057709,0.4124343357225065,0.8759120554674927,0.8941468524215342,0.43802758094869265,92871,10255,1.1237612380963904,0.1240879445325073,0.7547213802751224,0.6060662797228983,0.6060662797228983,1.0,1.0,0,2104,0.0,0.39393372027710166,334,3082,0.8353293413173652,0.1943543153796236,55,6.8805974057403345,24.758836806279895,1.3215754688248866,6.708203932499369,0.5565630731871141,0.874662257531153,0.6802628539393057,0.5955204216073782,0.9211598177198854,0.7233818557030115,0.0910086256687585,1.0,6.688709246639955,44.27188724235731,0.9982089552238806,0.702367941712204,0.824555444146596,1.0,0.7508196721311475,0.8576779026217228,0.0,131.0,0.0,35.0,0.0,1522.0,2584.0
11_dr.jpg,baseline_raw,81247,156615,0.6040981745718106,0.43276551657671547,0.8842911122872229,0.9035348954711961,0.4587427768732241,84769,9401,1.0433492928969685,0.11570888771277708,0.7764357515779631,0.634568844733155,0.634568844733155,1.0,1.0,0,2869,0.0,0.365431155266845,861,2327,0.778164924506388,0.29780833691448216,191,5.232513958117056,21.840329667841555,1.3567354743531317,6.4031242374328485,0.6643912579358391,0.8899755501222494,0.7608139497221745,0.6973987302657453,0.9307762836185819,0.7973616998438777,0.05944959528744888,0.0,4.5356110944852945,26.627053911388696,0.9989816700610998,0.7024893746205222,0.8249026756607571,1.0,0.7676583687512649,0.8685596519349668,0.0,0.0,0.0,0.0,0.0,0.0,0.0
11_dr.jpg,connected_recovery_raw,81247,166765,0.5908665709723723,0.41931201034674176,0.9018302214235603,0.893606053123005,0.4393667736035739,93494,7976,1.1507378733984024,0.09816977857643974,0.7860842674913027,0.6475608202776716,0.6475608202776716,1.0,1.0,0,2767,0.0,0.35243917972232836,861,2335,0.7735191637630662,0.29507494646680943,195,5.247981234680678,21.633307652783937,1.3498300406087957,6.324555320336759,0.6617696067540546,0.8945216992665037,0.7607409626546395,0.69751166407465,0.9327246332518337,0.7981497064319293,0.039080105348549644,0.0,4.481803823899735,26.627053911388696,0.9996630727762803,0.7073466909532483,0.828476065715694,1.0,0.7706941914592188,0.8704994856555034,0.0,0.0,0.0,0.0,0.0,0.0,0.0
11_dr.jpg,soft_structure_refined,81247,160030,0.6010353245439889,0.4296286640319016,0.8924391054438933,0.9004020469915892,0.4530900456164469,87522,8739,1.0772336209336961,0.10756089455610669,0.7820353707725721,0.6420838109794931,0.6420838109794931,1.0,1.0,0,2810,0.0,0.3579161890205069,861,2315,0.7770034843205574,0.29892008639308854,192,5.258630897682487,21.840329667841555,1.3671519652094661,6.4031242374328485,0.6629653636952907,0.8909306234718827,0.7602261022555353,0.696079812868134,0.9307762836185819,0.7964989438494077,0.04323744493361073,0.0,4.520884124927174,26.627053911388696,0.999659979598776,0.7047156446063549,0.8266675689388285,1.0,0.7690750860149768,0.869465736185791,0.0,2975.0,394.0,0.0,0.0,0.0,0.0
11_dr.jpg,hierarchical_terminal_refined,81247,157862,0.6023529018146536,0.4309763906759628,0.8863588809432964,0.9023070191510014,0.4561832486602222,85848,9233,1.0566297832535356,0.11364111905670363,0.7781495603454984,0.6368615462998344,0.6368615462998344,1.0,1.0,0,2851,0.0,0.36313845370016556,861,2330,0.7793263646922184,0.2978540772532189,190,5.232619443350254,21.685063156548342,1.3605882482653406,6.4031242374328485,0.664424262809732,0.8905867970660146,0.7610588649523166,0.6980042605673282,0.9311965158924206,0.7979116446663683,0.058312502614100405,0.0,4.519932059302241,26.627053911388696,0.9989837398373984,0.7039060918842339,0.8258793106467834,1.0,0.769277474195507,0.8695950583390528,0.0,42.0,0.0,44.0,0.0,1206.0,2077.0
11_g.jpg,baseline_raw,73343,147080,0.5848572971060189,0.4132850318981823,0.8788568779569966,0.9068162773203167,0.43825129181397876,82622,8885,1.1265151411859347,0.12114312204300343,0.7820891514500538,0.6421563223459376,0.6421563223459376,1.0,1.0,0,3246,0.0,0.3578436776540624,1071,2284,0.6713352007469654,0.3095446584938704,352,5.682194993034691,22.627416997969522,1.6110785662367133,8.06225774829855,0.6383856502242152,0.8673531193216233,0.7354606207279165,0.6730642750373692,0.9090652130022209,0.7734630106783278,0.04793770185126798,0.0,4.550811424110996,23.021728866442675,1.0,0.6922813036020583,0.8181633894182039,1.0,0.7487135506003431,0.8563021088769004,0.0,0.0,0.0,0.0,0.0,0.0,0.0
11_g.jpg,connected_recovery_raw,73343,161911,0.5629319799025734,0.3917225712561673,0.9028264456048976,0.892072131613465,0.4089654192735515,95695,7127,1.3047598271136986,0.09717355439510246,0.792465388711395,0.6562672252232389,0.6562672252232389,1.0,1.0,0,3118,0.0,0.3437327747767611,1071,2289,0.6629318394024276,0.30275229357798167,361,5.648802359292152,22.627416997969522,1.5817207495304542,8.06225774829855,0.6404081632653061,0.8742176458711892,0.7392665746342567,0.6782798833819242,0.9126186149808198,0.7781902470565054,0.03904566842202027,0.0,4.470640086257525,23.021728866442675,1.0,0.6996569468267582,0.8232919568069432,1.0,0.7540308747855917,0.8597692157246235,0.0,0.0,0.0,0.0,0.0,0.0,0.0
11_g.jpg,soft_structure_refined,73343,149880,0.5809258006567424,0.4093695741389652,0.8840380131709911,0.9040869242559412,0.43259941286362424,85042,8505,1.1595107917592682,0.1159619868290089,0.7831511167751023,0.6435894609194135,0.6435894609194135,1.0,1.0,0,3233,0.0,0.3564105390805865,1071,2281,0.6704014939309056,0.30951337132836476,353,5.711848409589689,22.80350850198276,1.6200793796795325,8.06225774829855,0.6369244523915959,0.8671512214819301,0.7344175914509528,0.6725674266130234,0.9087017968907732,0.7730033823579192,0.04779773775827157,0.0,4.539648106850567,23.021728866442675,1.0,0.6926243567753002,0.8184029185245237,1.0,0.7487135506003431,0.8563021088769004,0.0,4577.0,102.0,0.0,0.0,0.0,0.0
11_g.jpg,hierarchical_terminal_refined,73343,149084,0.5811075094300602,0.40955006337135613,0.8811611196705889,0.9047467058851394,0.4334938692280862,84457,8716,1.1515345704429871,0.11883888032941112,0.7826612091525196,0.64292801234704,0.64292801234704,1.0,1.0,0,3239,0.0,0.35707198765296,1071,2288,0.6704014939309056,0.3094405594405594,353,5.693958940874652,22.67156809750927,1.6175061554052121,8.06225774829855,0.6379305203518711,0.867918433272764,0.7353614802174767,0.6732369166542418,0.909267110841914,0.7736500830103675,0.04788161796492546,0.0,4.548603274020039,23.021728866442675,1.0,0.6926243567753002,0.8184029185245237,1.0,0.7487135506003431,0.8563021088769004,0.0,89.0,0.0,27.0,0.0,1456.0,3107.0
11_h.jpg,baseline_raw,89656,144620,0.6979716232136455,0.5360648321170755,0.9119188899794771,0.9277745351263409,0.5653367445719818,62861,7897,0.7011354510573748,0.0880811100205229,0.8605679473322198,0.7552604346326319,0.7552604346326319,1.0,1.0,0,1419,0.0,0.24473956536736804,265,2236,0.8566037735849057,0.16949910554561717,38,7.439125575295902,29.120439557122072,0.8231311355395141,3.605551275463989,0.6232191107835913,0.9400318084011601,0.7495223966291806,0.6466470154753132,0.9642623257554496,0.7741433228125083,0.09119187998671761,1.0,1.9749503374674495,8.55566804966254,1.0,0.8703465982028241,0.9306794783802332,1.0,0.9131364997860505,0.9545962871840752,0.0,0.0,0.0,0.0,0.0,0.0,0.0
11_h.jpg,connected_recovery_raw,89656,156319,0.6784510620998069,0.513375662938216,0.9306794860355135,0.9162652928037649,0.5337866798021994,72878,6215,0.812862496653877,0.06932051396448648,0.8677992579574302,0.7664711969644705,0.7664711969644705,1.0,1.0,0,1354,0.0,0.2335288030355295,265,2273,0.8566037735849057,0.16849978002639684,38,7.381335139739675,29.068883707497267,0.8412042376461867,3.605551275463989,0.6234422972728915,0.944007858546169,0.7509449991641383,0.6517067003792667,0.9660398540555711,0.7783353257598097,0.07610235312011493,1.0,1.9219694113012604,8.06225774829855,1.0,0.8776208814719726,0.9348222424794895,1.0,0.9165596919127086,0.956463496316142,0.0,0.0,0.0,0.0,0.0,0.0,0.0
11_h.jpg,soft_structure_refined,89656,146098,0.6960730252721057,0.5338282271653774,0.9151757829927724,0.9264118555421764,0.5616161754438801,64047,7605,0.7143637904880878,0.08482421700722763,0.8623565191798293,0.7580200068989307,0.7580200068989307,1.0,1.0,0,1403,0.0,0.24197999310106932,265,2233,0.8566037735849057,0.17017465293327363,38,7.454408814028518,29.154759474226502,0.839664215094237,4.0,0.6224803343166175,0.9391430442510993,0.7487055895547997,0.6463249754178958,0.9640752175133315,0.7738522312595332,0.09041370820695621,1.0,1.9603770138187342,8.55566804966254,1.0,0.8720581942661532,0.9316571428571429,1.0,0.9135643988018828,0.954830053667263,0.0,3745.0,113.0,0.0,0.0,0.0,0.0
11_h.jpg,hierarchical_terminal_refined,89656,145276,0.6975550372022543,0.5355735229716392,0.9139265637547961,0.9272276249391045,0.5640229631873124,63337,7717,0.706444632818774,0.08607343624520389,0.8623565191798293,0.7580200068989307,0.7580200068989307,1.0,1.0,0,1403,0.0,0.24197999310106932,265,2232,0.8566037735849057,0.16980286738351255,38,7.435997829480261,29.154759474226502,0.8237613617376601,3.605551275463989,0.6237037491562865,0.9405931331275142,0.7500513108557818,0.6469288826164324,0.9645429881186266,0.7744357551267339,0.09041370820695621,1.0,1.9603770138187342,8.55566804966254,1.0,0.8720581942661532,0.9316571428571429,1.0,0.9135643988018828,0.954830053667263,0.0,87.0,0.0,17.0,0.0,1406.0,2348.0
12_dr.jpg,baseline_raw,65275,183399,0.45430563709917404,0.293916862222731,0.8653695901953274,0.858155299114253,0.308000588879983,126912,8788,1.944266564534661,0.13463040980467253,0.808197324825132,0.6781301482701813,0.6781301482701813,1.0,1.0,0,3126,0.0,0.3218698517298188,1089,3535,0.7915518824609734,0.21074964639321075,227,8.920615088487994,29.017236257093817,1.5362688960957658,7.0710678118654755,0.4996981186755863,0.8658777969018933,0.633692350867019,0.5359721786171421,0.915447504302926,0.6761027138666493,0.0458737138436491,0.0,3.58227250631559,14.142135623730951,1.0,0.740534338633011,0.8509275826348998,1.0,0.8105228651040813,0.895346731848633,0.0,0.0,0.0,0.0,0.0,0.0,0.0
12_dr.jpg,connected_recovery_raw,65275,200235,0.43568227185416747,0.27851264740864157,0.8860819609345079,0.8408494230070692,0.2888555946762554,142396,7436,2.18147836078131,0.11391803906549215,0.8190661478599222,0.6935749588138386,0.6935749588138386,1.0,1.0,0,2976,0.0,0.30642504118616143,1089,3537,0.7970615243342516,0.20752049759683347,221,8.977749854702363,29.068883707497267,1.513456490914469,7.0,0.49292452830188677,0.8734509466437177,0.6302007080247558,0.5329021109658135,0.9193631669535284,0.6747122304207034,0.03954435925943498,0.0,3.5139145545904764,14.142135623730951,1.0,0.7480740862153745,0.855883731833099,1.0,0.8160957220127848,0.8987364620938628,0.0,0.0,0.0,0.0,0.0,0.0,0.0
12_dr.jpg,soft_structure_refined,65275,191111,0.44475127347047033,0.2859679393294946,0.8734431252393718,0.8501248987118947,0.2983292432146763,134097,8261,2.0543393335886635,0.1265568747606281,0.8108240479980409,0.681836902800659,0.681836902800659,1.0,1.0,0,3090,0.0,0.318163097199341,1089,3518,0.7887970615243343,0.21119954519613418,230,8.991866018433504,29.154759474226502,1.549043736342932,7.0710678118654755,0.4960667805335707,0.8661359724612737,0.6308330862179716,0.5331376747095191,0.9151032702237522,0.6737498084321144,0.044022660485034705,0.0,3.562303957015937,14.142135623730951,1.0,0.7429929519750861,0.8525484295655446,1.0,0.8136371086707097,0.8972435607772254,0.0,3247.0,327.0,0.0,0.0,0.0,0.0
12_dr.jpg,hierarchical_terminal_refined,65275,189177,0.44564004212975333,0.28670324391292257,0.8685867483722711,0.8519321579256196,0.2997034523224282,132480,8578,2.029567215626197,0.13141325162772885,0.809585095299381,0.6800864909390445,0.6800864909390445,1.0,1.0,0,3107,0.0,0.3199135090609555,1089,3536,0.7878787878787878,0.21097285067873303,231,8.947821323984135,29.068883707497267,1.5367704002311788,7.0710678118654755,0.49855990783410137,0.8675559380378658,0.6332239096941453,0.5353062596006144,0.9163080895008606,0.6758068440644794,0.04730856294615376,0.0,3.564404825689689,14.142135623730951,1.0,0.7433207670873627,0.8527641970665664,1.0,0.8136371086707097,0.8972435607772254,0.0,63.0,0.0,53.0,1.0,1458.0,1999.0
12_g.jpg,baseline_raw,79252,161906,0.584513057829307,0.4129413281149299,0.8893150961489931,0.896195052387289,0.4353143181846256,91426,8772,1.1536112653308435,0.11068490385100692,0.8010798871027119,0.6681678607983623,0.6681678607983623,1.0,1.0,0,3242,0.0,0.3318321392016377,986,2351,0.7038539553752535,0.3215652913653764,292,4.971276341083839,20.615528128088304,1.554698565751223,7.905124837953327,0.6644705352366472,0.8659983412065919,0.7519661329315949,0.6993833938677253,0.911543038476795,0.7914924618606752,0.05004874667855428,0.0,4.0497294711496306,23.33880681571461,1.0,0.7074336574913467,0.8286514142291728,1.0,0.7713861875721114,0.8709407276449243,0.0,0.0,0.0,0.0,0.0,0.0,0.0
12_g.jpg,connected_recovery_raw,79252,171620,0.5700596320035716,0.3986597236934536,0.9022611416746581,0.886330709805756,0.41665307073767627,100114,7746,1.2632362590218544,0.09773885832534195,0.8071546303644466,0.6766632548618219,0.6766632548618219,1.0,1.0,0,3159,0.0,0.3233367451381781,986,2337,0.7028397565922921,0.3196405648267009,293,4.969877657595437,20.615528128088304,1.542848587542334,7.810249675906654,0.6657414860251464,0.8700732032743139,0.7543147377535693,0.7019345527214188,0.9125527388121597,0.7935055319566715,0.042421903596551284,0.0,3.988824158665803,23.259406699226016,1.0,0.7125432668534696,0.8321462945139557,1.0,0.774682709741223,0.8730379864400483,0.0,0.0,0.0,0.0,0.0,0.0,0.0
12_g.jpg,soft_structure_refined,79252,163682,0.582042859377444,0.41047986762272476,0.8920784333518397,0.8944272368486786,0.4319289842499481,92983,8553,1.1732574572250543,0.1079215666481603,0.8021823085882425,0.6697031729785057,0.6697031729785057,1.0,1.0,0,3227,0.0,0.3302968270214944,986,2344,0.7038539553752535,0.322098976109215,292,4.979192083829815,20.615528128088304,1.5637893420858544,8.0,0.6641165550992856,0.8656377339439616,0.7516035143008033,0.6993868481746076,0.9112906133929537,0.7913995012405762,0.04769746925772229,0.0,4.04654118934999,23.33880681571461,1.0,0.7077633097082577,0.8288775214747611,1.0,0.7713861875721114,0.8709407276449243,0.0,3432.0,190.0,0.0,0.0,0.0,0.0
12_g.jpg,hierarchical_terminal_refined,79252,162401,0.5836219703459092,0.4120524027673897,0.8897819613385152,0.895675039852489,0.4342153065559941,91884,8735,1.1593902992984404,0.11021803866148489,0.8013740645319593,0.6685772773797338,0.6685772773797338,1.0,1.0,0,3238,0.0,0.3314227226202661,986,2350,0.7038539553752535,0.32170212765957445,292,4.974797526013571,20.615528128088304,1.5584703661914163,7.905124837953327,0.6642826974517809,0.8658901590278029,0.7518050631995575,0.6993101506405744,0.911543038476795,0.7914455567510177,0.05002156104755017,0.0,4.049331545723163,23.33880681571461,1.0,0.7074336574913467,0.8286514142291728,1.0,0.7713861875721114,0.8709407276449243,0.0,71.0,0.0,18.0,0.0,1336.0,2197.0
12_h.jpg,baseline_raw,100849,163865,0.6845425629169595,0.5203836654988225,0.8984124780612599,0.9147286099882326,0.552918561010588,73261,10245,0.7264425031482712,0.1015875219387401,0.85153208058236,0.7414504716981132,0.7414504716981132,1.0,1.0,0,1754,0.0,0.25854952830188677,316,2554,0.8227848101265823,0.16405638214565388,56,7.496215627272999,28.30194339616981,0.8321807094312438,4.123105625617661,0.591652597492458,0.9357007867094449,0.7249269313292033,0.6165342780437851,0.9618511844591922,0.7514187626331981,0.13685315867242895,1.0,2.861590304123191,19.353101516900928,0.9976613657623947,0.8689069423929099,0.9288434643196676,1.0,0.905096011816839,0.950184144213995,0.0,0.0,0.0,0.0,0.0,0.0,0.0
12_h.jpg,connected_recovery_raw,100849,172412,0.677337783291432,0.5121018614843179,0.9176590744578528,0.9070396240009032,0.5367665823724567,79867,8304,0.7919463752739244,0.08234092554214717,0.8606935930808632,0.7554540094339622,0.7554540094339622,1.0,1.0,0,1659,0.0,0.24454599056603774,316,2522,0.810126582278481,0.16098334655035687,60,7.446849545083653,28.284271247461902,0.8338150358354646,4.0,0.5933820322721326,0.9397002593064651,0.7274250738618401,0.6212112952464021,0.9633454929020349,0.7553419427961788,0.12328938293563317,1.0,2.8326062434787236,19.353101516900928,0.9976819656930923,0.8707533234859675,0.9299063151295669,1.0,0.9062038404726735,0.950794265788454,0.0,0.0,0.0,0.0,0.0,0.0,0.0
12_h.jpg,soft_structure_refined,100849,166062,0.6833588724331331,0.5190168058140263,0.9043024720126129,0.9128628145692667,0.54918042658766,74864,9651,0.742337554165138,0.09569752798738708,0.8547311555668101,0.746314858490566,0.746314858490566,1.0,1.0,0,1721,0.0,0.25368514150943394,316,2539,0.8227848101265823,0.16423788893265065,56,7.48979873827548,28.284271247461902,0.8424174546816319,4.0,0.5921611923820038,0.9367995429174175,0.7256384307975813,0.6174993099641182,0.9620709357007867,0.7522022405299207,0.1300921899717055,1.0,2.849146655763385,19.353101516900928,0.9976700838769804,0.8692762186115214,0.9290581917417114,1.0,0.9062038404726735,0.950794265788454,0.0,3091.0,298.0,0.0,0.0,0.0,0.0
12_h.jpg,hierarchical_terminal_refined,100849,164247,0.6839258230980475,0.5196711819906789,0.8988983529831729,0.9143410180515416,0.5519309332894969,73594,10196,0.7297444694543327,0.10110164701682714,0.8523092539333446,0.7426297169811321,0.7426297169811321,1.0,1.0,0,1746,0.0,0.25737028301886794,316,2552,0.8227848101265823,0.1634012539184953,56,7.496085454062169,28.30194339616981,0.8380852082677432,4.123105625617661,0.5914207484027989,0.9354810354678504,0.7246869444484069,0.6167823657936222,0.9617632839625544,0.751576153287038,0.13553733826569644,1.0,2.8573539171383313,19.353101516900928,0.9976679104477612,0.8689069423929099,0.9288463007753632,1.0,0.905096011816839,0.950184144213995,0.0,38.0,0.0,14.0,0.0,1328.0,2009.0
13_dr.jpg,baseline_raw,65778,173133,0.4874869721360674,0.3223026599807392,0.8852959956216364,0.8715084173728671,0.3363483564658384,114900,7545,1.7467846392410837,0.11470400437836359,0.8234672304439746,0.6999101527403414,0.6999101527403414,1.0,1.0,0,2004,0.0,0.3000898472596586,807,3468,0.8426270136307311,0.19521337946943484,127,9.08639509803914,29.412581899647343,1.2669107184222945,5.385164807134504,0.5058143878084613,0.9101328592814372,0.6502478054714937,0.5384845240170323,0.9474176646706587,0.6866801248285073,0.04774335882072238,0.0,3.7606668462675112,21.93171219946131,0.9989521480964024,0.7874034184031843,0.8806514794516899,1.0,0.8438304846640131,0.9153015873015874,0.0,0.0,0.0,0.0,0.0,0.0,0.0
13_dr.jpg,connected_recovery_raw,65778,191344,0.46756014654521977,0.30510831827502893,0.9138313721913102,0.8532422597520526,0.3141462496864286,131234,5668,1.9951047462677491,0.08616862780868983,0.8369905956112853,0.7196765498652291,0.7196765498652291,1.0,1.0,0,1872,0.0,0.2803234501347709,807,3426,0.8190830235439901,0.19001751313485113,146,9.107897041833903,29.732137494637012,1.2486279849533894,5.0990195135927845,0.5019308770310641,0.9153723802395209,0.6483491225560891,0.5381196415126418,0.9494292664670658,0.686910573188142,0.03773925547348386,0.0,3.6354320438230148,20.84463253225296,0.9989771564950563,0.7937251229220323,0.884601169351068,1.0,0.8482790915476469,0.9179123384849251,0.0,0.0,0.0,0.0,0.0,0.0,0.0
13_dr.jpg,soft_structure_refined,65778,182440,0.4765004955321532,0.31276708271631054,0.8990543950865031,0.8621125402864166,0.3241504056128042,123302,6640,1.874517315819879,0.10094560491349691,0.8286265567444308,0.7073974243785565,0.7073974243785565,1.0,1.0,0,1954,0.0,0.29260257562144354,807,3445,0.8339529120198265,0.19477503628447024,134,9.161745133060226,29.732137494637012,1.2842097720470378,5.385164807134504,0.5015050125625016,0.9098053892215568,0.6465933540547967,0.5351376899922884,0.9459674401197605,0.6835744747914149,0.045726358555244456,0.0,3.7368387311614915,21.93171219946131,0.9989615784008308,0.788808241629595,0.8815330891987799,1.0,0.8445328962772185,0.9157146483879157,0.0,3063.0,313.0,0.0,0.0,0.0,0.0
13_dr.jpg,hierarchical_terminal_refined,65778,179974,0.4762687587486572,0.3125674304331571,0.8896895618595884,0.8641813777786724,0.3251691911053819,121452,7256,1.8463924108364498,0.11031043814041169,0.8256396729095226,0.7030548068283917,0.7030548068283917,1.0,1.0,0,1983,0.0,0.2969451931716083,807,3457,0.8339529120198265,0.1943881978594157,134,9.124510321012128,29.732137494637012,1.2863219716976606,5.385164807134504,0.5046114940248921,0.9099925149700598,0.6492172786315772,0.537536569643477,0.9463416916167665,0.6856266850223326,0.0444755264032491,0.0,3.7511692594306543,21.93171219946131,0.9989550679205852,0.7876375556075861,0.8807990333072963,1.0,0.8442987590728167,0.9155769963183953,0.0,70.0,0.0,56.0,2.0,1401.0,1847.0
13_g.jpg,baseline_raw,65371,162426,0.49742533922747006,0.3310486674730193,0.8666840036101635,0.8817722206635377,0.34881115092411313,105770,8715,1.6179957473497422,0.13331599638983646,0.7838539617593832,0.6445393374741201,0.6445393374741201,1.0,1.0,0,2747,0.0,0.35546066252587993,790,3006,0.7417721518987341,0.21989354624085164,204,7.674997620868845,26.92582403567252,1.4610078352999398,7.0,0.5547886333446201,0.8816072908036454,0.6810179502585691,0.585862006094861,0.9243993371996686,0.7171877271825811,0.06920175219803472,1.0,4.464675234580423,26.28591369324034,1.0,0.7020223752151463,0.8249273163948931,1.0,0.7687177280550774,0.8692373190609415,0.0,0.0,0.0,0.0,0.0,0.0,0.0
13_g.jpg,connected_recovery_raw,65371,180547,0.47454029391911123,0.3110801891570569,0.8925823377338575,0.8634093015093407,0.32317900602059296,122198,7022,1.8692998424377782,0.10741766226614248,0.7991609043586357,0.6655020703933747,0.6655020703933747,1.0,1.0,0,2585,0.0,0.3344979296066253,790,2992,0.7455696202531645,0.21691176470588236,201,7.636914977882472,26.90724809414742,1.4601832255692304,6.7227937358741885,0.5543475493316359,0.8859154929577465,0.6819658187651814,0.5907320178230426,0.925973487986744,0.7213030939938462,0.06546805417475587,1.0,4.389305347073851,26.28591369324034,1.0,0.7110585197934596,0.8311329058217025,1.0,0.7732358003442341,0.8721184178597428,0.0,0.0,0.0,0.0,0.0,0.0,0.0
13_g.jpg,soft_structure_refined,65371,168765,0.4888782587897632,0.32352010129787906,0.8754952501873919,0.8753304442400146,0.33912244837495925,111533,8139,1.706154105031283,0.12450474981260803,0.7900422733677783,0.6529503105590062,0.6529503105590062,1.0,1.0,0,2682,0.0,0.3470496894409938,790,3001,0.7417721518987341,0.21992669110296567,204,7.710053092061804,26.92582403567252,1.4780095318295283,7.0,0.5529304743339831,0.8804473902236951,0.6792712586680464,0.5853671215074724,0.9236122618061309,0.7165800368925253,0.0675983939447397,1.0,4.456800135576836,26.28591369324034,1.0,0.7026678141135972,0.8253727571392468,1.0,0.7685025817555938,0.8690997566909976,0.0,3941.0,275.0,0.0,0.0,0.0,0.0
13_g.jpg,hierarchical_terminal_refined,65371,166504,0.49060053908355794,0.3250302864065464,0.8700953021982225,0.8774631718846584,0.3416074088310191,109625,8492,1.6769668507442137,0.12990469780177755,0.7843322321849929,0.6451863354037267,0.6451863354037267,1.0,1.0,0,2742,0.0,0.3548136645962733,790,3008,0.7430379746835443,0.2204122340425532,203,7.699941771874734,26.92582403567252,1.4722344826210565,7.0,0.5540252585624448,0.8811516155758078,0.6803067419062604,0.5859622680733849,0.9241093620546811,0.7171755391384802,0.07025883311116919,1.0,4.461776488257129,26.28591369324034,1.0,0.7024526678141136,0.82522431441931,1.0,0.7689328743545611,0.8693748479688641,0.0,114.0,0.0,45.0,2.0,1684.0,2371.0
13_h.jpg,baseline_raw,83619,157580,0.6290905020335905,0.4588855084648372,0.9073057558688815,0.9067620133252546,0.481457037695139,81712,7751,0.9771941783565936,0.09269424413111853,0.8710217755443886,0.771513353115727,0.771513353115727,1.0,1.0,0,1386,0.0,0.228486646884273,287,2714,0.8571428571428571,0.1425939572586588,41,8.273650400004083,29.068883707497267,0.7212692299960857,3.1622776601683795,0.552584917160747,0.9482893450635386,0.6982735361319004,0.5788773757411204,0.976001955034213,0.7267257841374493,0.09849871533641129,1.0,2.4557528018787944,13.76367004323395,0.9994939271255061,0.8796714579055441,0.9357625327136428,1.0,0.9190965092402464,0.957842927455596,0.0,0.0,0.0,0.0,0.0,0.0,0.0
13_h.jpg,connected_recovery_raw,83619,170711,0.6151771320725042,0.44422802823379764,0.935540965570026,0.8944728377269704,0.45825400823614176,92482,5390,1.105992657171217,0.06445903442997405,0.8863594639250963,0.795911638641609,0.795911638641609,1.0,1.0,0,1238,0.0,0.20408836135839103,287,2673,0.818815331010453,0.14104002992891881,52,8.202680590650019,29.0,0.6962579471707078,2.8284271247461903,0.5534893836826795,0.95772238514174,0.7015418800021217,0.583639181143463,0.9789833822091887,0.7313001526353637,0.0815884583854693,1.0,2.3046842379403825,8.704909259929494,0.9990054699154649,0.8882956878850102,0.9404034405761358,1.0,0.9240246406570842,0.96051227321238,0.0,0.0,0.0,0.0,0.0,0.0,0.0
13_h.jpg,soft_structure_refined,83619,160824,0.6288991707678273,0.4586819272219504,0.9192288833877468,0.9041980599761976,0.47794483410436256,83959,6754,1.0040660615410373,0.0807711166122532,0.8767706693824646,0.7805802835476426,0.7805802835476426,1.0,1.0,0,1331,0.0,0.2194197164523574,287,2677,0.8501742160278746,0.1441912588718715,43,8.297453165666624,29.068883707497267,0.7096176613049412,3.0,0.5511911711561449,0.9512707722385142,0.6979638364111671,0.5770716926583827,0.9762952101661779,0.7253821726733392,0.09749976442563875,1.0,2.399308900639132,12.339322123215526,0.9989964877069744,0.8845995893223819,0.9383241911968779,1.0,0.9232032854209445,0.9600683322656416,0.0,3431.0,207.0,0.0,0.0,0.0,0.0
13_h.jpg,hierarchical_terminal_refined,83619,159145,0.627967902983968,0.45769184580281014,0.9115631614824382,0.9053824763430517,0.4789594395048541,82921,7395,0.991652614836341,0.0884368385175618,0.8743737242531082,0.7767886580942961,0.7767886580942961,1.0,1.0,0,1354,0.0,0.22321134190570394,287,2701,0.8536585365853658,0.1432802665679378,42,8.257580772022099,29.017236257093817,0.7221138577626438,3.0,0.5534664126563406,0.9500977517106549,0.6994675807979686,0.580192716529998,0.9764907135874877,0.7278972574916943,0.10082894590682329,1.0,2.410597882229507,12.56570805250119,0.998992443324937,0.8833675564681724,0.9376288421843985,1.0,0.9232032854209445,0.9600683322656416,0.0,80.0,0.0,35.0,0.0,1575.0,1948.0
14_dr.jpg,baseline_raw,73321,194763,0.4690246340699184,0.3063567478010867,0.8574487527447798,0.8512494375078241,0.3227974512612765,131894,10452,1.7988570805089947,0.1425512472552202,0.7999558645040273,0.6666053696211842,0.6666053696211842,1.0,1.0,0,3626,0.0,0.3333946303788157,1110,3377,0.7702702702702703,0.2093574178264732,255,8.02717405126493,26.0,1.5902635522554152,7.0710678118654755,0.5150249448891983,0.8631837835693601,0.6451289581648111,0.552059403643114,0.9149510095600778,0.6886212996914025,0.08201260173684641,1.0,2.9607093772183646,13.0,0.9997447677386422,0.7278501111463956,0.8424015945060235,1.0,0.802794537948555,0.8906112383301039,0.0,0.0,0.0,0.0,0.0,0.0,0.0
14_dr.jpg,connected_recovery_raw,73321,204575,0.461784264616979,0.3002077367918702,0.8751108140914609,0.8416439320204945,0.3136453623365514,140411,9157,1.9150175256747726,0.12488918590853916,0.8092839938690607,0.679661640308937,0.679661640308937,1.0,1.0,0,3484,0.0,0.3203383596910629,1110,3336,0.7639639639639639,0.20833333333333334,262,8.05686853089043,26.0,1.5523265226368,7.042640687119182,0.5097053452668124,0.869411718037209,0.6426485636534811,0.5492481457267173,0.9176087905113253,0.6871766622087166,0.06371465239388753,1.0,2.8938587327259455,13.0,0.9997481108312343,0.7329310892346776,0.8457958885914643,1.0,0.8067640520800254,0.8930485982951051,0.0,0.0,0.0,0.0,0.0,0.0,0.0
14_dr.jpg,soft_structure_refined,73321,199643,0.466259286938937,0.3040013758312314,0.8679096029786828,0.8466107802259893,0.3187489669059271,136007,9685,1.8549528784386464,0.13209039702131722,0.8050321375597429,0.6736851783744023,0.6736851783744023,1.0,1.0,0,3549,0.0,0.32631482162559766,1110,3346,0.7783783783783784,0.21069934249850567,246,8.05927931106958,26.0,1.570687514500854,7.0710678118654755,0.5120391877285376,0.8662779166170812,0.6436374320151417,0.5498240691764598,0.9162203974770915,0.687237036340691,0.0701927211538351,1.0,2.9137081246546432,13.0,0.9997464503042597,0.7311845030168307,0.8446311622147753,1.0,0.8053350269926961,0.8921723834652595,0.0,2242.0,623.0,0.0,0.0,0.0,0.0
14_dr.jpg,hierarchical_terminal_refined,73321,196207,0.46749873853551394,0.3050560220020724,0.8592626941803849,0.8497708866455617,0.3210996549562452,133205,10319,1.8167373603742447,0.1407373058196151,0.8005514199062587,0.6674328797351967,0.6674328797351967,1.0,1.0,0,3617,0.0,0.33256712026480323,1110,3376,0.7693693693693694,0.20912322274881517,256,8.043301822702906,26.0,1.5860679088848213,7.0710678118654755,0.513521003163753,0.8640961561347138,0.6442015068311222,0.5509318061104311,0.9153873616565512,0.6878666303136654,0.08220570228409,1.0,2.9585668332978075,13.0,0.999745287824758,0.7280088917116545,0.8425081155683146,1.0,0.802794537948555,0.8906112383301039,0.0,32.0,0.0,40.0,0.0,1268.0,1525.0
14_g.jpg,baseline_raw,67812,170547,0.49159461148939204,0.3259035105773456,0.8639768772488645,0.8745118741789847,0.3435299360293643,111959,9224,1.6510204683536838,0.13602312275113548,0.7780333525014376,0.6367058823529411,0.6367058823529411,1.0,1.0,0,2316,0.0,0.3632941176470588,737,3065,0.8426051560379919,0.20880913539967375,116,7.493712909217115,25.709920264364882,1.4769536466645088,6.4031242374328485,0.5490275835769671,0.8835827013732322,0.6772410899482244,0.5847718317020465,0.9302316048370568,0.7181148588155823,0.05628377072016963,0.0,3.984010387220672,19.07350294090185,1.0,0.7327816987101484,0.8457865168539325,1.0,0.8065222681917742,0.8929004445641924,0.0,0.0,0.0,0.0,0.0,0.0,0.0
14_g.jpg,connected_recovery_raw,67812,183977,0.4774156138671666,0.3135560946344263,0.8863328024538429,0.861158186391209,0.3266930105393609,123873,7708,1.826712086356397,0.11366719754615702,0.7907814871016692,0.6539607843137255,0.6539607843137255,1.0,1.0,0,2206,0.0,0.3460392156862745,737,3039,0.8371777476255088,0.20598881210924647,120,7.444936281110283,25.612496949731394,1.4660390577907225,6.324555320336759,0.5488761108207004,0.8882557901209264,0.67849357901818,0.5885545017798024,0.9319532691125231,0.7214764731688063,0.05245477002640967,0.0,3.937390895921161,19.07350294090185,1.0,0.73813579946459,0.8493419210305237,1.0,0.807495741056218,0.8934967012252591,0.0,0.0,0.0,0.0,0.0,0.0,0.0
14_g.jpg,soft_structure_refined,67812,173707,0.4879947333336094,0.3227467153004836,0.8690202324072436,0.871353347052415,0.3392494257571658,114777,8882,1.6925765351265263,0.13097976759275645,0.7810707456978967,0.6407843137254902,0.6407843137254902,1.0,1.0,0,2290,0.0,0.3592156862745098,737,3060,0.8439620081411127,0.2088235294117647,115,7.502442245694692,25.709920264364882,1.4890041035384272,6.4031242374328485,0.5484271943176052,0.883910637425702,0.6768803003979287,0.5844495180111619,0.9301086288173807,0.717835153372794,0.05402618876841316,0.0,3.9740131280819546,19.07350294090185,1.0,0.7335118033584814,0.846272637933455,1.0,0.8067656364078851,0.8930495689655172,0.0,3671.0,163.0,0.0,0.0,0.0,0.0
14_g.jpg,hierarchical_terminal_refined,67812,172419,0.4895288285025663,0.3240901499743704,0.8671031675809592,0.8726512797751147,0.34102970090303275,113619,9012,1.675499911520085,0.13289683241904088,0.7783845932739293,0.6371764705882353,0.6371764705882353,1.0,1.0,0,2313,0.0,0.3628235294117647,737,3060,0.8439620081411127,0.20947712418300654,115,7.494655926998727,25.709920264364882,1.481911736518786,6.4031242374328485,0.5487322515212981,0.884197581471613,0.6771967733510157,0.58473630831643,0.9301086288173807,0.7180514290485301,0.056215712956300026,0.0,3.9823919200656777,19.07350294090185,1.0,0.7327816987101484,0.8457865168539325,1.0,0.8065222681917742,0.8929004445641924,0.0,85.0,0.0,28.0,1.0,1456.0,2264.0
14_h.jpg,baseline_raw,83705,160813,0.6242076247965385,0.4537077222166073,0.9117137566453617,0.9035735682618297,0.4745574051849042,84498,7390,1.0094737470879875,0.08828624335463832,0.8739159439626417,0.7760663507109005,0.7760663507109005,1.0,1.0,0,1890,0.0,0.22393364928909953,319,2698,0.7586206896551724,0.13825055596738325,77,9.344049708999524,33.95585369269929,0.8122487164368949,4.0,0.5368603881782091,0.9376393061343153,0.6827826466211827,0.5619210410233789,0.9666634363794941,0.7107078902338475,0.12007002859482872,1.0,2.720294502228809,19.137575896324936,0.9982810485603781,0.8549382716049383,0.9210660227263782,1.0,0.8906035665294925,0.9421367676401233,0.0,0.0,0.0,0.0,0.0,0.0,0.0
14_h.jpg,connected_recovery_raw,83705,173566,0.6055171395143643,0.4342234362805218,0.9305417836449436,0.8908187311350629,0.448768768076697,95675,5814,1.1430022101427633,0.06945821635505645,0.8883034773445733,0.7990521327014218,0.7990521327014218,1.0,1.0,0,1696,0.0,0.2009478672985782,319,2686,0.7460815047021944,0.13626209977661952,81,9.228606089537204,33.61547262794322,0.8017031377334317,3.1622776601683795,0.5380323450134771,0.944955906580095,0.6856653676187874,0.5690296495956874,0.97029750944859,0.7173628407204862,0.09473095685784777,1.0,2.6034268292530687,18.82000228461989,0.9987325728770595,0.8628257887517147,0.9258181077822388,1.0,0.8967764060356653,0.9455794612185862,0.0,0.0,0.0,0.0,0.0,0.0,0.0
14_h.jpg,soft_structure_refined,83705,163666,0.6215441583694128,0.4508988533388076,0.918415865241025,0.9009580107155696,0.46971270758740363,86790,6829,1.0368556239173288,0.08158413475897497,0.8818970656421805,0.7887440758293839,0.7887440758293839,1.0,1.0,0,1783,0.0,0.21125592417061612,319,2673,0.7492163009404389,0.13767302656191546,80,9.360575534355132,33.95953414525599,0.8302886243232391,4.0,0.5350838481906444,0.93705785444326,0.6811905699508042,0.5612864077669902,0.9665665277643183,0.710173920041573,0.10922423452721523,1.0,2.698145395885163,19.137575896324936,0.9982876712328768,0.8569958847736625,0.9222616384401812,1.0,0.8919753086419753,0.9429037520391517,0.0,3487.0,207.0,0.0,0.0,0.0,0.0
14_h.jpg,hierarchical_terminal_refined,83705,162239,0.6223286601828059,0.4517250538618186,0.914270354220178,0.9021904723865821,0.47170532362748785,85710,7176,1.0239531688668537,0.08572964577982199,0.8786288447485551,0.7835308056872038,0.7835308056872038,1.0,1.0,0,1827,0.0,0.2164691943127962,319,2686,0.7554858934169278,0.13849590469099032,78,9.331362074176635,33.95585369269929,0.8208683390986539,4.0,0.5371016963131994,0.9378331233646671,0.6830291816256422,0.5627800841283369,0.9664696191491423,0.7113421077101164,0.12053060915411658,1.0,2.7008405395010535,19.137575896324936,0.9987190435525192,0.8573388203017832,0.9226443025156198,1.0,0.892318244170096,0.9430953243928959,0.0,67.0,0.0,35.0,1.0,1691.0,1900.0
15_dr.jpg,baseline_raw,62715,172515,0.4700845980529694,0.30726182470921026,0.8815913258391135,0.8693547757958731,0.320488073500855,117226,7426,1.8691860001594516,0.11840867416088655,0.7954939341421143,0.660431654676259,0.660431654676259,1.0,1.0,0,2124,0.0,0.339568345323741,769,3167,0.8296488946684005,0.18913798547521313,131,10.166739238594488,33.95658978321057,1.3427049873869963,5.385164807134504,0.4848781779661017,0.9026734140980422,0.6308762035654322,0.5207362288135593,0.9442825742473036,0.6712844171290442,0.085378741904353,1.0,3.3197090340704025,15.933985905294595,0.9988394584139265,0.7772633744855967,0.8742301556365957,1.0,0.8323045267489712,0.9084783829309376,0.0,0.0,0.0,0.0,0.0,0.0,0.0
15_dr.jpg,connected_recovery_raw,62715,183995,0.45836812451866565,0.297326574397375,0.9015705971458183,0.8579570593512652,0.30730182885404494,127453,6173,2.032257035796859,0.09842940285418161,0.809138505473584,0.6794564348521183,0.6794564348521183,1.0,1.0,0,2005,0.0,0.3205435651478817,769,3128,0.8205461638491548,0.1882992327365729,138,10.570443540989759,35.11409973215888,1.3227951105225273,5.385164807134504,0.4685943693464783,0.9065071819250626,0.6178222413165556,0.5056408171562151,0.9450493278127077,0.6587974916978375,0.05978741695375252,0.0,3.288191051686437,16.0,0.9988448209472468,0.7788065843621399,0.875207502422951,1.0,0.8338477366255144,0.9093969144460028,0.0,0.0,0.0,0.0,0.0,0.0,0.0
15_dr.jpg,soft_structure_refined,62715,179374,0.4634659154277972,0.301630741602998,0.8945228414254963,0.8626144424569674,0.312754356818714,123274,6615,1.9656222594275692,0.10547715857450371,0.803328869332313,0.6713029576338929,0.6713029576338929,1.0,1.0,0,2056,0.0,0.32869704236610714,769,3090,0.8205461638491548,0.19158576051779935,138,10.396041622198153,34.655446902326915,1.333447680802658,5.656854249492381,0.47489904910772435,0.9035424014721668,0.6225747594968635,0.5106421779340888,0.9431580023513776,0.6625618334455047,0.06650861743844784,0.0,3.2984416358360407,15.933985905294595,0.9988394584139265,0.7777777777777778,0.8745554399632256,1.0,0.8330761316872428,0.9089378420092605,0.0,1972.0,640.0,0.0,0.0,0.0,0.0
15_dr.jpg,hierarchical_terminal_refined,62715,174494,0.4675876547685796,0.3051317461802136,0.8842860559674719,0.8673375794758633,0.3178218162229074,119036,7257,1.8980467192856574,0.1157139440325281,0.799539391613089,0.6660271782573941,0.6660271782573941,1.0,1.0,0,2089,0.0,0.3339728217426059,769,3144,0.8270481144343304,0.1895674300254453,133,10.234292044685258,34.0,1.3377828246520564,5.385164807134504,0.48100435535498764,0.903389050759086,0.6277609616977948,0.5174476570289133,0.9444870418647446,0.6685970409990676,0.078161390163737,1.0,3.314895562711833,15.933985905294595,0.9988394584139265,0.7772633744855967,0.8742301556365957,1.0,0.8323045267489712,0.9084783829309376,0.0,23.0,0.0,47.0,1.0,1229.0,1312.0
15_g.jpg,baseline_raw,70117,162068,0.5203781467364386,0.3516967160147404,0.8615884878132265,0.8857647578389518,0.3727571142977022,101656,9705,1.449805325384714,0.13841151218677353,0.7691404612159329,0.6248807739474043,0.6248807739474043,1.0,1.0,0,2753,0.0,0.37511922605259573,892,2756,0.7511210762331838,0.2449201741654572,222,7.429521763484878,26.076809620810597,1.5803042568403727,7.615773105863909,0.5550007967281032,0.8714472739558259,0.6781234330109512,0.5894460083922027,0.9132987034925462,0.7164760201594942,0.05286332736232043,0.0,5.069077052079953,25.495097567963924,1.0,0.6957446808510638,0.8205771643663738,1.0,0.7548936170212766,0.8603297769156159,0.0,0.0,0.0,0.0,0.0,0.0,0.0
15_g.jpg,connected_recovery_raw,70117,175825,0.5055256930495808,0.3382632211865467,0.8865895574539698,0.8722753440620845,0.3535617801791554,113660,7952,1.6210048918236661,0.11341044254603021,0.776221444055361,0.6342825998092383,0.6342825998092383,1.0,1.0,0,2684,0.0,0.3657174001907617,892,2729,0.7511210762331838,0.24624404543788933,222,7.39356017596979,26.019223662515376,1.5600343844956863,7.615773105863909,0.5549641226353556,0.875501499218717,0.6793199556240987,0.5920417482061318,0.9151146585582162,0.7189513707140746,0.04527566110382391,0.0,4.928077280761355,25.084846618771895,1.0,0.7036170212765958,0.826027226177095,1.0,0.7602127659574468,0.8637737217454369,0.0,0.0,0.0,0.0,0.0,0.0,0.0
15_g.jpg,soft_structure_refined,70117,163616,0.5190880192356235,0.3505191570991916,0.8651824807108119,0.8843083866081272,0.3707705847838842,102952,9453,1.4682887174294394,0.13481751928918806,0.7698625544753603,0.62583458236817,0.62583458236817,1.0,1.0,0,2746,0.0,0.3741654176318299,892,2752,0.75,0.2449127906976744,223,7.444054420232242,26.076809620810597,1.5881543699806575,7.615773105863909,0.5543876413441631,0.8715739684952912,0.6777038502536932,0.5889738281042629,0.913256471979391,0.7161141142110401,0.05171349482424727,0.0,5.067162158462931,25.495097567963924,1.0,0.6957446808510638,0.8205771643663738,1.0,0.7548936170212766,0.8603297769156159,0.0,4138.0,73.0,0.0,0.0,0.0,0.0
15_g.jpg,hierarchical_terminal_refined,70117,163196,0.5191652415424772,0.3505895837313096,0.8637562930530399,0.8846679844428986,0.37111203705973184,102632,9553,1.463724916924569,0.13624370694696009,0.7691404612159329,0.6248807739474043,0.6248807739474043,1.0,1.0,0,2753,0.0,0.37511922605259573,892,2759,0.7522421524663677,0.2450163102573396,221,7.438472000231981,26.076809620810597,1.582805242742713,7.615773105863909,0.554547384060278,0.8716584315216014,0.6778487336306029,0.589276238989706,0.9133409350057012,0.7163635827007342,0.05286332736232043,0.0,5.069077052079953,25.495097567963924,1.0,0.6957446808510638,0.8205771643663738,1.0,0.7548936170212766,0.8603297769156159,0.0,119.0,0.0,13.0,0.0,1577.0,2502.0
15_h.jpg,baseline_raw,75278,151647,0.6184774705299108,0.4476781647326014,0.9321979861314063,0.9079111856605804,0.4627457186756085,81473,5104,1.0822949600148781,0.06780201386859375,0.8877833056937534,0.7982107355864811,0.7982107355864811,1.0,1.0,0,1421,0.0,0.20178926441351888,259,2710,0.7258687258687259,0.11439114391143912,71,9.903289169366364,33.52610922848042,0.6279753680103869,2.23606797749979,0.520905773154401,0.958972972972973,0.6751020098475904,0.5420845426592719,0.979027027027027,0.6977994629367821,0.12936338488821264,1.0,2.2637116762684735,7.028427124746196,0.9980573093734822,0.9021783806000822,0.9476989953063873,0.9990286546867412,0.9321824907521579,0.9644486796362353,0.0,0.0,0.0,0.0,0.0,0.0,0.0
15_h.jpg,connected_recovery_raw,75278,168329,0.5863624608488262,0.41478982031059436,0.9487632508833922,0.890465027432346,0.4242940907389695,96908,3857,1.2873349451366933,0.05123674911660778,0.9016610777509163,0.8209315535359273,0.8209315535359273,1.0,1.0,0,1261,0.0,0.17906844646407272,259,2711,0.7258687258687259,0.11324234599778679,71,9.850059778940281,33.37663853655727,0.6388702931112448,2.23606797749979,0.5204012814027988,0.9642162162162162,0.6759712252792598,0.5458607317484404,0.9798918918918919,0.7011418454798749,0.07984112358851349,1.0,1.6515214675397678,6.0,1.0,0.9149198520345253,0.9555698647778493,1.0,0.9412248253185368,0.9697226339191193,0.0,0.0,0.0,0.0,0.0,0.0,0.0
15_h.jpg,soft_structure_refined,75278,157201,0.6069537463598863,0.4357025079202357,0.9372193735221446,0.9020607603292333,0.44880121627725017,86649,4726,1.151053428624565,0.06278062647785541,0.8915473004879585,0.8043169554103948,0.8043169554103948,1.0,1.0,0,1378,0.0,0.19568304458960523,259,2709,0.7297297297297297,0.11443337024732374,70,9.972619579573971,33.60059523282288,0.6472239568048753,2.23606797749979,0.5186249712577604,0.9595675675675676,0.6733300149723118,0.5398942285582893,0.9786486486486486,0.6958865174272875,0.1120325670276698,1.0,1.805339898721199,6.4031242374328485,1.0,0.9058775174681464,0.9506146215225362,1.0,0.9354706124126593,0.9666595880229348,0.0,3846.0,243.0,0.0,0.0,0.0,0.0
15_h.jpg,hierarchical_terminal_refined,75278,155707,0.6089399744572158,0.43775247888358426,0.9342437365498552,0.9034962394967007,0.45166883955120835,85379,4950,1.1341826297191742,0.06575626345014479,0.890499448558374,0.8026128940641863,0.8026128940641863,1.0,1.0,0,1390,0.0,0.19738710593581368,259,2716,0.7335907335907336,0.11450662739322533,69,9.924928456779561,33.54101966249684,0.6322030223738279,2.23606797749979,0.5209306323601043,0.959891891891892,0.6753504650979867,0.5421621156986905,0.9791891891891892,0.6979049227807654,0.12116513303353024,1.0,1.8144898077602023,6.4031242374328485,1.0,0.9046444718454583,0.9499352611135088,1.0,0.9350595972050966,0.9664401019541207,0.0,95.0,0.0,49.0,0.0,1492.0,2453.0
