dataset,image,method,refinement,height,width,gt_vessel_pixels,pred_vessel_pixels,removed_short_components,removed_disconnected_components,dice,iou,sensitivity,specificity,precision,fp_pixels,fn_pixels,fp_over_gt_area,fn_over_gt_area,terminal_dice,terminal_iou,terminal_sensitivity,terminal_specificity,terminal_precision,terminal_fp_pixels,terminal_fn_pixels,terminal_fp_over_gt_area,terminal_fn_over_gt_area,gt_endpoint_count,pred_endpoint_count,endpoint_recall,endpoint_precision,missed_endpoint_count,pred_skeleton_pixels,gt_skeleton_pixels,skeleton_overlap,pred_skeleton_components,gt_skeleton_components,component_ratio,pruned_pred_skeleton_pixels,pruned_gt_skeleton_pixels,pruned_skeleton_overlap,pruned_pred_skeleton_components,pruned_gt_skeleton_components,pruned_component_ratio,pred_to_gt_skeleton_distance_mean,pred_to_gt_skeleton_distance_p95,gt_to_pred_skeleton_distance_mean,gt_to_pred_skeleton_distance_p95,skeleton_precision_radius_3,skeleton_recall_radius_3,skeleton_distance_f1_radius_3,skeleton_precision_radius_5,skeleton_recall_radius_5,skeleton_distance_f1_radius_5
HRF,01_dr.jpg,baseline,raw,800,1200,48921,180291,0,0,0.37540791930614453,0.2310782649794831,0.8794587191594612,0.8493357875661716,0.23863642666577922,137267,5897,2.8058911305983116,0.12054128084053883,0.8493956910141881,0.7382170259408111,0.7382170259408111,1.0,1.0,0,1433,0.0,0.2617829740591889,986,3514,0.6795131845841785,0.1323278315310188,316,41322,16215,0.3137835337650324,15375,6746,2.279128372368811,27864,13546,0.3169201240218515,9879,5556,1.7780777537796977,13.19842253013878,38.3275357934736,1.163255531412613,3.605551275463989,0.4011180484971686,0.9406105457909343,0.5624026619537055,0.4297468660761822,0.9716312056737588,0.5959212207433884
HRF,01_dr.jpg,baseline,structure_filtered,800,1200,48921,105459,24,213,0.5335017489312087,0.36379296636896086,0.8417857361869135,0.929448489099189,0.39049298779620517,64278,7740,1.3139142699454223,0.1582142638130864,0.764334085778781,0.618560467665327,0.618560467665327,1.0,1.0,0,2088,0.0,0.381439532334673,986,692,0.33468559837728196,0.25578034682080925,656,20538,16215,0.282022818378045,7720,6746,1.1443818559146162,17649,13546,0.2990550716078547,6520,5556,1.1735061195104393,6.034859682135149,29.274562336608895,4.4422326486582495,29.68164415931166,0.7014801830752752,0.8401480111008326,0.76457758474287,0.7343947804070503,0.8644465001541782,0.7941313567179429
HRF,01_dr.jpg,multiscale_line,raw,800,1200,48921,183234,0,0,0.37442226098942516,0.23033180881113766,0.888411929437256,0.8465863004196124,0.23719397055131689,139772,5459,2.8570961345843298,0.11158807056274402,0.8537325934457125,0.7447935696017537,0.7447935696017537,1.0,1.0,0,1397,0.0,0.25520643039824625,986,3532,0.691683569979716,0.13221970554926388,304,41960,16215,0.3139068763490595,15477,6746,2.294248443522087,28414,13546,0.3170677690831242,9971,5556,1.7946364290856731,13.245095305086563,38.213214952531494,1.1649802677960617,3.605551275463989,0.3959008579599619,0.9394387912426765,0.5570487234104519,0.424952335557674,0.9711995066296639,0.5912157777740593
HRF,01_dr.jpg,multiscale_line,structure_filtered,800,1200,48921,114130,31,203,0.5233822546319863,0.35444667807479524,0.8722021217881891,0.9215644307464007,0.373863138526242,71461,6252,1.460742830277386,0.12779787821181088,0.7827440515899489,0.6430398246255024,0.6430398246255024,1.0,1.0,0,1954,0.0,0.35696017537449765,986,731,0.3539553752535497,0.2558139534883721,637,22451,16215,0.2939253777366636,8373,6746,1.2411799584939223,19376,13546,0.3107928539790344,7103,5556,1.2784377249820014,6.937321801790768,31.25699921617557,2.893563600398117,17.204650534085253,0.6732884949445459,0.877890841813136,0.7620960253963227,0.7079417397888735,0.9045945112550108,0.7942769803615534
HRF,01_dr.jpg,clean_recovery,raw,800,1200,48921,186095,0,0,0.37308949177928313,0.22932391787629136,0.8961591136730648,0.8438620580652172,0.23558397592627423,142254,5080,2.907830992825167,0.10384088632693526,0.8563668651415439,0.7488125685056631,0.7488125685056631,1.0,1.0,0,1375,0.0,0.25118743149433687,986,3500,0.6845841784989858,0.134,311,41735,16215,0.3090348442799877,15403,6746,2.283278980136377,28417,13546,0.31204783699985233,9978,5556,1.7958963282937366,13.19886780554144,38.27531841800928,1.17715492737583,3.605551275463989,0.39793937941775487,0.9394387912426765,0.5590635435651906,0.4274589672936384,0.9711378353376503,0.5936258046811076
HRF,01_dr.jpg,clean_recovery,structure_filtered,800,1200,48921,115013,33,205,0.5242231629802238,0.3552184516182367,0.8783344575948979,0.9209245301450258,0.3736012450766435,72044,5952,1.4726600028617567,0.1216655424051021,0.7811177911378312,0.6408476434051882,0.6408476434051882,1.0,1.0,0,1966,0.0,0.3591523565948118,986,724,0.3488843813387424,0.2527624309392265,642,21617,16215,0.28781991982732036,8027,6746,1.189890305366143,18583,13546,0.3049608740587627,6780,5556,1.2203023758099352,6.086866359671247,29.068883707497267,2.971776321052077,17.804493814764857,0.6950085580792894,0.8749306197964848,0.7746596518560035,0.7287320164685201,0.9005858772741289,0.8055957218287415
HRF,01_dr.jpg,connected_recovery,raw,800,1200,48921,196473,0,0,0.3608238180232606,0.22012509819910303,0.9049692361153697,0.8329442342541097,0.22533376087299528,152201,4649,3.1111588070562743,0.09503076388463032,0.8624272651704074,0.7581293386919985,0.7581293386919985,1.0,1.0,0,1324,0.0,0.24187066130800147,986,3518,0.6835699797160243,0.13018760659465606,312,43026,16215,0.3090348442799877,15561,6746,2.306700266824785,29786,13546,0.31381957773512476,10219,5556,1.8392728581713462,13.227183192787487,38.01315561749642,1.1787892693272868,3.605551275463989,0.39071724073815833,0.9396854764107309,0.5519401182399022,0.423302189373867,0.9710144927536232,0.5895827912912837
HRF,01_dr.jpg,connected_recovery,structure_filtered,800,1200,48921,135343,26,177,0.47685928884643775,0.31307632010261527,0.8980601377731444,0.8996695127425832,0.3246122813887678,91409,4987,1.8685022791848083,0.10193986222685554,0.8255739111778588,0.7029594446474242,0.7029594446474242,1.0,1.0,0,1626,0.0,0.2970405553525758,986,905,0.43509127789046653,0.24751381215469614,557,25326,16215,0.29374036386062286,9254,6746,1.3717758671805513,21598,13546,0.3069540823859442,7704,5556,1.386609071274298,7.589983848669468,30.528675044947494,2.05910844397385,8.0,0.6214167258943378,0.9043478260869565,0.7366495235806322,0.6605069888651979,0.9317298797409805,0.7730182731444635
HRF,01_g.jpg,baseline,raw,800,1200,64230,144531,0,0,0.5364890951854034,0.3665767664733376,0.8718511598941304,0.9011665941033971,0.38745321072987804,88532,8231,1.3783590222637396,0.12814884010586952,0.813301282051282,0.6853477380148548,0.6853477380148548,1.0,1.0,0,3262,0.0,0.3146522619851452,1516,2345,0.7361477572559367,0.320682302771855,400,33068,22061,0.3284982548388559,12293,8719,1.4099093932790459,23874,17868,0.3395455563017685,8614,6946,1.2401382090411748,6.835421225144106,26.419689627245813,1.4523776239920763,6.4031242374328485,0.6174549413330108,0.8939304655274013,0.7304050715887194,0.6484819160517721,0.9315534200625538,0.7646608059188822
HRF,01_g.jpg,baseline,structure_filtered,800,1200,64230,98043,6,121,0.6542431581347482,0.4861525780749153,0.8264518137941772,0.9498085446040836,0.5414257009679426,44960,11147,0.6999844309512688,0.17354818620582282,0.7080815004050096,0.5480852705700782,0.5480852705700782,1.0,1.0,0,4685,0.0,0.4519147294299219,1516,376,0.2843007915567282,0.5212765957446809,1085,19543,22061,0.2823534744571869,7372,8719,0.8455098061704324,17872,17868,0.315368256100291,6696,6946,0.9640080621940685,2.777700192480894,16.0,5.630149119000863,32.64965543462902,0.8554981323235942,0.7563120438783374,0.802853277073115,0.8789336335260707,0.7830560718009156,0.8282293400935605
HRF,01_g.jpg,multiscale_line,raw,800,1200,64230,146889,0,0,0.5364273229789834,0.366519088119927,0.8815973843998132,0.8992330620583409,0.3854951698221106,90264,7605,1.4053246146660439,0.11840261560018683,0.8174974335576594,0.6913282531108325,0.6913282531108325,1.0,1.0,0,3200,0.0,0.30867174688916754,1516,2340,0.7341688654353562,0.3217948717948718,403,33187,22061,0.33207923484882823,12237,8719,1.4034866383759605,24043,17868,0.3455898813521379,8591,6946,1.2368269507630292,6.8320561313532915,26.459390100996796,1.4386329917256744,6.324555320336759,0.6165365956549251,0.8956076333801731,0.7303203897145711,0.6480850935607316,0.9323693395584969,0.7646594017498528
HRF,01_g.jpg,multiscale_line,structure_filtered,800,1200,64230,100785,5,118,0.651358967366603,0.4829743064355234,0.8367118169079869,0.9474831709032453,0.5332341122190802,47043,10488,0.7324147594581971,0.16328818309201307,0.7138514980460269,0.5550303848750844,0.5550303848750844,1.0,1.0,0,4613,0.0,0.4449696151249156,1516,381,0.28825857519788917,0.5275590551181102,1079,19778,22061,0.2863424142151308,7353,8719,0.8433306571854571,18082,17868,0.3204611596149541,6681,6946,0.9618485459257127,2.815106861706631,16.0,5.450862154161253,31.622776601683793,0.8515016685205784,0.7611169031322242,0.8037763229925631,0.8761755485893417,0.7880422464983455,0.8297752249439021
HRF,01_g.jpg,clean_recovery,raw,800,1200,64230,150494,0,0,0.5333917028371304,0.36369063496297427,0.8915771446364628,0.8959241769650692,0.3805201536273871,93228,6964,1.451471275105091,0.10842285536353728,0.8203902827558741,0.6954760297096556,0.6954760297096556,1.0,1.0,0,3157,0.0,0.30452397029034434,1516,2324,0.7282321899736148,0.3205679862306368,412,33193,22061,0.33226055029237117,12205,8719,1.3998164927170547,24138,17868,0.34704499664204164,8578,6946,1.2349553699971207,6.816674089094049,26.40075756488817,1.4390008856290972,6.324555320336759,0.6179616184135209,0.8957889488237161,0.7313796612903862,0.6492031452414666,0.9322786818367255,0.7654065220694394
HRF,01_g.jpg,clean_recovery,structure_filtered,800,1200,64230,107089,5,112,0.6430226653202505,0.47386396875376385,0.85755877315896,0.9419404534646171,0.5143478788671105,52008,9149,0.8097150864082204,0.14244122684104002,0.7337241968975204,0.5794347448635092,0.5794347448635092,1.0,1.0,0,4360,0.0,0.4205652551364908,1516,405,0.31200527704485487,0.5259259259259259,1043,20428,22061,0.29518154208784736,7539,8719,0.8646633788278473,18638,17868,0.3285202596821133,6813,6946,0.9808522890872444,2.8310099056801676,16.1245154965971,4.417181005087516,25.298221281347036,0.8496181711376543,0.7828747563573727,0.8148820831301443,0.8745839044448795,0.8110693078282942,0.8416300065175207
HRF,01_g.jpg,connected_recovery,raw,800,1200,64230,160407,0,0,0.5173858269118623,0.34896862332983036,0.9047485598629924,0.8858021590363597,0.3622784541821741,102295,6118,1.592635839950179,0.09525144013700763,0.827129765810612,0.705218481720845,0.705218481720845,1.0,1.0,0,3056,0.0,0.294781518279155,1516,2338,0.7341688654353562,0.3186484174508127,403,33696,22061,0.32999410724808487,12192,8719,1.3983254960431242,24679,17868,0.34598164316095814,8617,6946,1.240570112294846,6.802211489891483,26.40075756488817,1.4357551503595212,6.324555320336759,0.6175807217473884,0.8988713113639454,0.7321373589261574,0.6501661918328585,0.9319613798105254,0.7659682975087977
HRF,01_g.jpg,connected_recovery,structure_filtered,800,1200,64230,121704,7,97,0.6077963148213882,0.43657140208145007,0.8797290985520785,0.9272145751699655,0.46428219286136857,65199,7725,1.0150864082204578,0.12027090144792153,0.7585917854149203,0.6110735989196489,0.6110735989196489,1.0,1.0,0,4032,0.0,0.3889264010803511,1516,457,0.36147757255936674,0.5448577680525164,968,21806,22061,0.2990798241240198,7825,8719,0.8974653056543181,19786,17868,0.3298074770539512,7035,6946,1.0128131298589116,3.1056251053739135,17.413856022837752,3.8140597141311297,21.840329667841555,0.8309639548748051,0.8067630660441503,0.8186847007394472,0.8586168944327249,0.8330538053578713,0.8456422060632479
HRF,01_h.jpg,baseline,raw,800,1200,97834,153140,0,0,0.6572712711276866,0.4895041395887118,0.8430504732506082,0.9180424651401238,0.5385856079404466,70661,15355,0.7222540221190997,0.15694952674939183,0.7079820431402606,0.5479661016949152,0.5479661016949152,1.0,1.0,0,2667,0.0,0.4520338983050847,370,2598,0.8189189189189189,0.21401077752117012,67,35386,25497,0.4371494685649292,13408,9658,1.388279146821288,25284,23493,0.4121653258417401,9182,8826,1.0403353727622933,5.31962349385395,21.213203435596427,1.3667117157554691,7.0,0.6382750240207992,0.8841432325371612,0.741355459387844,0.6747018594924546,0.9255990900890301,0.7804824803621025
HRF,01_h.jpg,baseline,structure_filtered,800,1200,97834,104887,11,110,0.7512985827812609,0.6016639145446357,0.7783797043972444,0.9666711514951877,0.7260384985746565,28735,21682,0.2937117975345994,0.2216202956027557,0.4571129707112971,0.29627118644067796,0.29627118644067796,1.0,1.0,0,4152,0.0,0.703728813559322,370,469,0.3027027027027027,0.29850746268656714,258,20922,25497,0.3703572969368945,7943,9658,0.8224270035203975,18921,23493,0.37351551525986465,7072,8826,0.8012689780194879,2.439636652256384,15.231546211727817,6.016792845280287,29.966648127543394,0.8496319663512093,0.7110640467505981,0.774196562521685,0.8756811012331517,0.7369886653331764,0.8003709865900348
HRF,01_h.jpg,multiscale_line,raw,800,1200,97834,155122,0,0,0.6587390692452443,0.4911341664701721,0.8516057812212523,0.9167144146254897,0.537099831100682,71806,14518,0.7339575198806141,0.14839421877874767,0.7115090631142171,0.5522033898305084,0.5522033898305084,1.0,1.0,0,2642,0.0,0.4477966101694915,370,2588,0.8189189189189189,0.21445131375579599,67,35399,25497,0.4378554339726242,13341,9658,1.3813418927314143,25341,23493,0.4153152002724216,9132,8826,1.034670292318151,5.319599994867452,21.213203435596427,1.3550748567026518,7.0,0.6371083928924546,0.8861826881593913,0.741282392164323,0.6741715867679878,0.9259912930933051,0.7802668431505781
HRF,01_h.jpg,multiscale_line,structure_filtered,800,1200,97834,108344,11,106,0.7516126841855096,0.6020669023660593,0.7919843817077907,0.9642052690549152,0.7151572768219745,30861,20351,0.3154424842079441,0.20801561829220924,0.4637417002994402,0.30186440677966103,0.30186440677966103,1.0,1.0,0,4119,0.0,0.698135593220339,370,490,0.3054054054054054,0.28775510204081634,257,21531,25497,0.3743969878809272,8051,9658,0.8336094429488506,19470,23493,0.37917677606095435,7159,8826,0.8111262179922955,2.4290053503455113,15.0,5.460073144172563,28.0,0.8486832938553713,0.7256932188100561,0.7823842725213563,0.8760856439552274,0.7503627877789544,0.808365089608699
HRF,01_h.jpg,clean_recovery,raw,800,1200,97834,158530,0,0,0.6573699895461141,0.48961365709670485,0.8612854426886358,0.9138599759211103,0.5315271557433924,74267,13571,0.7591123740213014,0.13871455731136415,0.7127740809425112,0.553728813559322,0.553728813559322,1.0,1.0,0,2633,0.0,0.446271186440678,370,2589,0.8162162162162162,0.21436848203939746,68,35336,25497,0.4349923520414166,13260,9658,1.3729550631600747,25320,23493,0.41288894564338313,9059,8826,1.026399274869703,5.322157407497191,21.213203435596427,1.3595118344755865,7.0,0.6372820919175911,0.8864180099619563,0.741482294324399,0.6742415666742133,0.9261089539945876,0.7803554833617031
HRF,01_h.jpg,clean_recovery,structure_filtered,800,1200,97834,113288,11,101,0.7481172023758774,0.5975936435868331,0.8072040394954719,0.960197920122111,0.6970906009462609,34316,18862,0.3507574054009853,0.19279596050452807,0.4750581545619023,0.31152542372881353,0.31152542372881353,1.0,1.0,0,4062,0.0,0.6884745762711865,370,506,0.3108108108108108,0.2845849802371542,255,21828,25497,0.37455386908263716,8148,9658,0.8436529302132947,19686,23493,0.37879368322479035,7223,8826,0.8183775209607976,2.4906754489805296,15.297058540778355,5.009306723346735,26.1725046566048,0.8457943925233645,0.736400360826764,0.7873155874403642,0.8723657687374015,0.7620112170059222,0.8134628753445902
HRF,01_h.jpg,connected_recovery,raw,800,1200,97834,165669,0,0,0.6503834870950236,0.4819024373783842,0.8758611525645481,0.9072336417812811,0.5172301396157398,79980,12145,0.8175072060837746,0.1241388474354519,0.7205898297733926,0.5632203389830508,0.5632203389830508,1.0,1.0,0,2577,0.0,0.43677966101694915,370,2605,0.8135135135135135,0.2126679462571977,69,35980,25497,0.4250696160332588,13257,9658,1.3726444398426174,25976,23493,0.40531222066147365,9095,8826,1.0304781327894856,5.293674409506633,21.18962010041709,1.3557048937212282,7.0,0.6370483602001111,0.8890849903910264,0.7422551050178511,0.6785158421345192,0.9274032239086951,0.7836730913458666
HRF,01_h.jpg,connected_recovery,structure_filtered,800,1200,97834,122369,11,92,0.7356484698210288,0.5818385569691179,0.8278921438354764,0.9520127214480738,0.6618996641306213,41373,16838,0.4228897929145287,0.1721078561645236,0.5040567951318459,0.3369491525423729,0.3369491525423729,1.0,1.0,0,3912,0.0,0.6630508474576271,370,538,0.34054054054054056,0.28066914498141265,244,22601,25497,0.37078872024159704,8216,9658,0.8506937254089874,20365,23493,0.3761971651130124,7271,8826,0.8238159981871742,2.5380792083597616,15.231546211727817,4.6280045272588,24.73863375370596,0.8385469669483652,0.7508726516845119,0.792291698495711,0.8702712269368612,0.7779738792799152,0.8215383499603321
HRF,02_dr.jpg,baseline,raw,800,1200,61175,164338,0,0,0.4767796091577869,0.31300763305444446,0.8787903555373927,0.8769749395043529,0.32713066971729,110578,7415,1.8075684511646914,0.12120964446260728,0.7931065595957774,0.6571471291866029,0.6571471291866029,1.0,1.0,0,2293,0.0,0.3428528708133971,1035,3162,0.8144927536231884,0.20683111954459202,192,37689,20523,0.3774302002631194,14345,8154,1.7592592592592593,25611,17342,0.3800599700149925,9274,6853,1.3532759375456005,9.015557434318362,30.886890422961002,1.2470958590208618,5.385164807134504,0.5171535461275173,0.9122447985187351,0.6600967942314222,0.5473745655230969,0.9464990498465137,0.6936189257878753
HRF,02_dr.jpg,baseline,structure_filtered,800,1200,61175,100223,17,183,0.6431802128898747,0.47403510694649936,0.848451164691459,0.9462420382165605,0.5178851161908943,48319,9271,0.789848794442174,0.15154883530854107,0.6353805345847786,0.46561004784689,0.46561004784689,1.0,1.0,0,3574,0.0,0.53438995215311,1035,483,0.31980676328502416,0.35610766045548653,704,20070,20523,0.3420065292598548,7540,8154,0.9246995339710572,18003,17342,0.3704878330065736,6710,6853,0.9791332263242376,2.9243584716369555,16.492422502470642,3.979818390531121,23.769728648009426,0.8339810662680618,0.8058763338693173,0.8196878632791191,0.8602889885401096,0.8280465818837401,0.8438599160876803
HRF,02_dr.jpg,multiscale_line,raw,800,1200,61175,167444,0,0,0.47308403938430316,0.30982978211423107,0.8839885574172456,0.8738731121185993,0.3229617066004157,113366,7097,1.8531426236207602,0.11601144258275439,0.7971223021582734,0.6626794258373205,0.6626794258373205,1.0,1.0,0,2256,0.0,0.3373205741626794,1035,3177,0.8106280193236715,0.20522505508341202,196,38450,20523,0.37976903961409153,14427,8154,1.7693156732891833,26361,17342,0.3840964133317956,9410,6853,1.3731212607617103,9.091110550992667,30.805843601498726,1.2369265545474502,5.385164807134504,0.5102990897269181,0.9135603956536569,0.65482450073087,0.5411963589076723,0.9468401305851971,0.6887283137996315
HRF,02_dr.jpg,multiscale_line,structure_filtered,800,1200,61175,104966,20,174,0.6322701801481874,0.46227710398000316,0.8585696771557009,0.9416538258281646,0.5003810757769183,52443,8652,0.8572619534123417,0.14143032284429916,0.669848846459825,0.5035885167464115,0.5035885167464115,1.0,1.0,0,3320,0.0,0.4964114832535885,1035,535,0.35845410628019325,0.35700934579439253,664,20890,20523,0.34770745017784926,7770,8154,0.9529065489330389,18630,17342,0.3739476415638335,6889,6853,1.0052531737924997,3.0618255833589063,16.64331697709324,3.570513434254359,21.2602916254693,0.8180947821924366,0.8201529990742095,0.8191225977102435,0.8462900909526089,0.8427130536471276,0.8444977845047047
HRF,02_dr.jpg,clean_recovery,raw,800,1200,61175,170071,0,0,0.4702005656314055,0.3073609226594301,0.8886963628933388,0.8712708258003504,0.3196664922297158,115705,6809,1.8913771965672252,0.11130363710666122,0.7992818671454219,0.6656698564593302,0.6656698564593302,1.0,1.0,0,2236,0.0,0.33433014354066987,1035,3139,0.81256038647343,0.20579802484867793,194,38112,20523,0.3748964576328997,14296,8154,1.7532499386804024,26158,17342,0.37821473878445394,9331,6853,1.3615934627170583,9.011262355728954,30.805843601498726,1.2458942751870643,5.385164807134504,0.5153232577665827,0.913462944014033,0.6589211171996515,0.5465994962216625,0.9469375822248209,0.6931138340881743
HRF,02_dr.jpg,clean_recovery,structure_filtered,800,1200,61175,107071,24,177,0.6267608145215934,0.4564105227620952,0.8618716796076829,0.939536617250299,0.49243025655873207,54346,8450,0.888369431957499,0.13812832039231712,0.6690547263681592,0.5026913875598086,0.5026913875598086,1.0,1.0,0,3326,0.0,0.49730861244019137,1035,521,0.3536231884057971,0.362763915547025,669,20767,20523,0.34225015835891437,7701,8154,0.9444444444444444,18549,17342,0.3678353131126744,6825,6853,0.9959141981613892,3.0343563579242003,16.64331697709324,3.6225606340214798,21.470910553583888,0.8215437954446959,0.8181552404619208,0.8198460166080555,0.85072470746858,0.8411051015933343,0.8458875563849737
HRF,02_dr.jpg,connected_recovery,raw,800,1200,61175,181035,0,0,0.45247512489162295,0.29238633392560814,0.8957417245606866,0.8595521931410453,0.30268732565526,126238,6378,2.063555373927258,0.10425827543931344,0.8081618105675844,0.6780801435406698,0.6780801435406698,1.0,1.0,0,2153,0.0,0.32191985645933013,1035,3144,0.7932367149758454,0.19815521628498728,214,39318,20523,0.3708522145885105,14411,8154,1.7673534461613931,27409,17342,0.37683081536155,9524,6853,1.3897563111046256,9.077879379588577,30.805843601498726,1.2470826668082053,5.385164807134504,0.5082659341777302,0.9155094284461336,0.6536456060598709,0.543288061447683,0.9472786629635044,0.6905362638569483
HRF,02_dr.jpg,connected_recovery,structure_filtered,800,1200,61175,120044,21,152,0.5919909060308246,0.42044537110339475,0.8768287699223539,0.926121325063277,0.4468361600746393,66404,7535,1.0854760931753167,0.12317123007764609,0.7160683432520637,0.5577153110047847,0.5577153110047847,1.0,1.0,0,2958,0.0,0.44228468899521534,1035,648,0.4038647342995169,0.33641975308641975,617,22869,20523,0.3436144813136481,8288,8154,1.0164336521952415,20172,17342,0.3666243801176335,7213,6853,1.0525317379249963,3.496304613616742,18.0,3.025151983786408,18.384776310850235,0.781582054309327,0.8462213126735857,0.8126182871652694,0.8155581791945429,0.8687813672465039,0.8413288775257095
HRF,02_g.jpg,baseline,raw,800,1200,71431,162188,0,0,0.5414799309987629,0.3712529861653235,0.8854698940236032,0.8886546796028221,0.3899795299282314,98938,8181,1.3850849071131581,0.1145301059763968,0.8092622509423801,0.679630969609262,0.679630969609262,1.0,1.0,0,3542,0.0,0.32036903039073805,1589,2549,0.7520453115166772,0.3252255786582974,394,36582,23962,0.3727568650363075,13461,9452,1.4241430385103682,26390,19201,0.3856049164106036,9248,7498,1.233395572152574,6.449497878669609,23.706539182259394,1.498895506720162,7.0710678118654755,0.5933245858618993,0.8795175694850179,0.7086155101936868,0.632168826198677,0.9222101660963191,0.7501291784043287
HRF,02_g.jpg,baseline,structure_filtered,800,1200,71431,108451,16,150,0.6684826719738495,0.5020457923479016,0.8417073819490137,0.9456125523172652,0.554388617901172,48327,11307,0.6765549971300976,0.15829261805098627,0.6713135440451868,0.505246020260492,0.505246020260492,1.0,1.0,0,5470,0.0,0.49475397973950797,1589,459,0.2448080553807426,0.42701525054466233,1200,21228,23962,0.327727234788415,7804,9452,0.8256453660600931,19122,19201,0.3678454247174626,6913,7498,0.9219791944518538,2.8518898438157803,17.0,5.283494866544577,28.0178514522438,0.8313548143960806,0.7380853017277356,0.7819486232349215,0.8601846617674769,0.7679242133377848,0.8114403647241484
HRF,02_g.jpg,multiscale_line,raw,800,1200,71431,164107,0,0,0.5406261410048485,0.3704507502807371,0.8913356945863841,0.8869665720951327,0.387972481368863,100438,7762,1.4060841931374333,0.10866430541361594,0.8130334424821515,0.6849674384949349,0.6849674384949349,1.0,1.0,0,3483,0.0,0.31503256150506515,1589,2539,0.7520453115166772,0.32611264277274515,394,36752,23962,0.3735080544194975,13468,9452,1.4248836225137538,26621,19201,0.3881047862090516,9289,7498,1.2388636969858629,6.442238114255687,23.706539182259394,1.4874143458572806,7.0710678118654755,0.5931377884196778,0.8806860863033136,0.7088610877878596,0.6327002612102742,0.9229613554795092,0.7507518144485044
HRF,02_g.jpg,multiscale_line,structure_filtered,800,1200,71431,110551,16,148,0.6663296369970656,0.4996209374381963,0.8487911411012026,0.9438186567390939,0.5484346591166068,49921,10801,0.698870238411894,0.15120885889879745,0.6780654032402702,0.5129341534008683,0.5129341534008683,1.0,1.0,0,5385,0.0,0.4870658465991317,1589,456,0.2448080553807426,0.4342105263157895,1200,21361,23962,0.3277689675319255,7801,9452,0.825327972915785,19284,19201,0.3688349565126816,6936,7498,0.9250466791144305,2.8651996570383504,17.0,5.2449719487996225,28.0,0.8298300641355741,0.7409231282864536,0.78286046468882,0.8593230653995599,0.7705951089224605,0.8125440425334244
HRF,02_g.jpg,clean_recovery,raw,800,1200,71431,167473,0,0,0.5358888926095837,0.3660165474495543,0.8961515308479512,0.8835655981696413,0.3822287771760224,103460,7418,1.4483907547143398,0.10384846915204883,0.8144971048681107,0.6870477568740955,0.6870477568740955,1.0,1.0,0,3460,0.0,0.3129522431259045,1589,2526,0.7470106985525488,0.3254156769596199,402,36693,23962,0.36795759953259327,13399,9452,1.417583580194668,26622,19201,0.3820113535753346,9236,7498,1.2317951453720992,6.440946312128713,23.706539182259394,1.499743981461663,7.0710678118654755,0.5939552503202246,0.8803104916117186,0.7093226458882138,0.6334178181124465,0.9232534846840831,0.7513534896965259
HRF,02_g.jpg,clean_recovery,structure_filtered,800,1200,71431,115680,17,142,0.6535478940308159,0.48538517718785723,0.8559728969215047,0.9386237872354314,0.5285529045643154,54537,10288,0.7634920412705968,0.14402710307849534,0.6864678626589046,0.5226121562952243,0.5226121562952243,1.0,1.0,0,5278,0.0,0.47738784370477566,1589,481,0.25739458779106356,0.4282744282744283,1180,21737,23962,0.3248476754861865,7886,9452,0.8343207786711807,19548,19201,0.36378313629498465,6960,7498,0.9282475326753801,2.929290506312495,17.11724276862369,5.03105160639978,26.40075756488817,0.8245848093113125,0.7484767548618646,0.78468964754869,0.8550857984082441,0.7788581921375511,0.8151938902731605
HRF,02_g.jpg,connected_recovery,raw,800,1200,71431,175574,0,0,0.5233497297625554,0.35441684487580194,0.9048592347860173,0.8751486941363023,0.3681353731190267,110939,6796,1.5530931948313758,0.09514076521398272,0.8207562263345954,0.6960021707670043,0.6960021707670043,1.0,1.0,0,3361,0.0,0.3039978292329957,1589,2524,0.7507866582756451,0.3256735340729002,396,37189,23962,0.3672481428929138,13444,9452,1.422344477359289,27196,19201,0.3831050466121556,9326,7498,1.24379834622566,6.41741664870637,23.706539182259394,1.4761338770944796,7.0,0.5942348543924278,0.8841916367582004,0.7107793206750378,0.6356718384468526,0.925340121859611,0.7536299162444001
HRF,02_g.jpg,connected_recovery,structure_filtered,800,1200,71431,130573,20,115,0.6180867705589989,0.4472688714392159,0.8739622852823004,0.9233092759256738,0.47810803152259657,68145,9003,0.9539975640828212,0.1260377147176996,0.7201481738727789,0.5626808972503617,0.5626808972503617,1.0,1.0,0,4835,0.0,0.4373191027496382,1589,567,0.2970421648835746,0.42328042328042326,1117,23625,23962,0.32943827727234787,8351,9452,0.8835167160389336,21085,19201,0.36805374720066664,7295,7498,0.9729261136303015,3.3613133181587673,18.973665961010276,4.048830784071092,22.561028345356956,0.796994708994709,0.7776896753192555,0.7872238559592899,0.8302222222222222,0.8083215090560053,0.8191255035896814
HRF,02_h.jpg,baseline,raw,800,1200,94825,168636,0,0,0.646129787710515,0.47724647595124087,0.8976008436593725,0.9034634611494784,0.504726155743732,83521,9710,0.8807909306617453,0.10239915634062748,0.8380778865861991,0.7212857702861623,0.7212857702861623,1.0,1.0,0,1422,0.0,0.2787142297138377,277,2811,0.8700361010830325,0.16506581287797936,36,38256,23071,0.5103376533310217,14207,8436,1.6840919867235657,27190,21539,0.48957704628812854,9614,7820,1.2294117647058824,7.136927007521609,25.0,0.8643712805170761,3.605551275463989,0.5741844416562107,0.9427419704390794,0.7136902193887503,0.6015265579255542,0.9672749338997009,0.7417656913105038
HRF,02_h.jpg,baseline,structure_filtered,800,1200,94825,122169,18,124,0.7585555360977723,0.6110265566881724,0.8679251252306881,0.9539191493050538,0.6736651687416612,39868,12524,0.4204376482994991,0.1320748747693119,0.7075364154528182,0.5474323794590357,0.5474323794590357,1.0,1.0,0,2309,0.0,0.45256762054096433,277,646,0.5126353790613718,0.28328173374613,135,24900,23071,0.4667331281695635,9083,8436,1.0766951161688003,22189,21539,0.4681740099354659,7960,7820,1.0179028132992327,3.4368275965899384,20.248456731316587,2.7769344227660144,18.384776310850235,0.7903212851405622,0.8557929868666291,0.8217551171219781,0.818714859437751,0.8767283602791384,0.8467290769795095
HRF,02_h.jpg,multiscale_line,raw,800,1200,94825,169759,0,0,0.6466679768995858,0.4778339430837546,0.9021776957553388,0.9026670904730257,0.5039438262477983,84210,9276,0.8880569470076457,0.09782230424466122,0.840718018632129,0.7252058016464131,0.7252058016464131,1.0,1.0,0,1402,0.0,0.2747941983535868,277,2802,0.8664259927797834,0.16523911491791576,37,38379,23071,0.5099908976637337,14191,8436,1.6821953532479847,27349,21539,0.4900877478063048,9615,7820,1.229539641943734,7.132950106710631,25.0,0.8597450680014221,3.605551275463989,0.5732040959899946,0.9441289931082311,0.7133286815938065,0.6020219390812684,0.9674049672749339,0.7421804888357426
HRF,02_h.jpg,multiscale_line,structure_filtered,800,1200,94825,124073,20,118,0.7574578114007438,0.6096032942387588,0.8742736620089638,0.9524142514520184,0.6681792170738194,41170,11922,0.43416820458739785,0.1257263379910361,0.7156702328508496,0.5572324578596629,0.5572324578596629,1.0,1.0,0,2259,0.0,0.44276754214033714,277,655,0.5451263537906137,0.2885496183206107,126,25163,23071,0.46838021758918125,9108,8436,1.0796586059743956,22419,21539,0.47017038859742794,7974,7820,1.019693094629156,3.4382167633108147,20.223748416156685,2.6278141267965527,17.204650534085253,0.7890553590589358,0.86194789996099,0.8238925101789957,0.8189007669991655,0.8821030731221013,0.8493277511948616
HRF,02_h.jpg,clean_recovery,raw,800,1200,94825,172309,0,0,0.6456759528925557,0.47675144975206335,0.9094753493277089,0.9005195480683099,0.5005020051187111,86068,8584,0.9076509359346164,0.09052465067229107,0.8432150549824283,0.7289298314386515,0.7289298314386515,1.0,1.0,0,1383,0.0,0.27107016856134847,277,2801,0.8628158844765343,0.16494109246697608,38,38382,23071,0.502925750942742,14137,8436,1.6757942152678995,27383,21539,0.4828914991410929,9569,7820,1.2236572890025574,7.1295373354882825,25.0,0.8697955613071271,3.605551275463989,0.5734979938512844,0.9434788262320662,0.7133704443229721,0.60260017716638,0.9672749338997009,0.7425814224683547
HRF,02_h.jpg,clean_recovery,structure_filtered,800,1200,94825,127233,24,110,0.7531635878914518,0.604059666991729,0.8818665963617189,0.9495940127719825,0.6572430108541023,43610,11202,0.45989981544951225,0.11813340363828105,0.7272046900336784,0.5713445707565661,0.5713445707565661,1.0,1.0,0,2187,0.0,0.42865542924343397,277,662,0.5415162454873647,0.28851963746223563,127,25299,23071,0.4618352043691214,9128,8436,1.0820293978188715,22512,21539,0.46237058359255306,7966,7820,1.0186700767263428,3.495805406479258,20.396078054371138,2.65285929175329,17.46424919657298,0.7859994466184435,0.8629014780460318,0.8226571701006582,0.815961105182023,0.8836634736248971,0.8484638708321093
HRF,02_h.jpg,connected_recovery,raw,800,1200,94825,178172,0,0,0.6396407286526958,0.47019985243985846,0.9207487476931189,0.8949784725633543,0.4900321038098018,90862,7515,0.9582072238333773,0.0792512523068811,0.8484369709965015,0.7367698941591533,0.7367698941591533,1.0,1.0,0,1343,0.0,0.2632301058408467,277,2786,0.8700361010830325,0.16331658291457288,36,38720,23071,0.49070261367084217,14199,8436,1.6831436699857754,27842,21539,0.4729096058312828,9693,7820,1.2395140664961637,7.12510798357237,25.0,0.8766598099593286,3.605551275463989,0.5722882231404959,0.944779159984396,0.7128041809374641,0.6041838842975207,0.9680984786095098,0.7440260260979594
HRF,02_h.jpg,connected_recovery,structure_filtered,800,1200,94825,134935,24,102,0.739858983286908,0.5871239595206024,0.89633535460058,0.9422775739012339,0.629895875792048,49940,9830,0.5266543633008173,0.10366464539941998,0.741024059222702,0.5885927087416699,0.5885927087416699,1.0,1.0,0,2099,0.0,0.4114072912583301,277,692,0.5595667870036101,0.2846820809248555,122,25938,23071,0.4495253781803996,9296,8436,1.1019440493124704,23080,21539,0.45071730349598405,8122,7820,1.038618925831202,3.6555368874409004,20.8806130178211,2.464141836032636,15.811388300841896,0.7761970853573907,0.8695331801829136,0.8202183969168686,0.8088133240804997,0.8910320315547657,0.8479342863923983
HRF,03_dr.jpg,baseline,raw,800,1200,57927,211650,0,0,0.3698386731805755,0.22687243716065844,0.8605658846479189,0.8206353587791675,0.23553035672100164,161800,8077,2.7931707148652616,0.13943411535208106,0.8065859564164649,0.6758643077422496,0.6758643077422496,1.0,1.0,0,1997,0.0,0.32413569225775035,930,3532,0.7741935483870968,0.15118912797281994,210,46281,17901,0.33417127534774593,16321,7072,2.3078337104072397,32808,15038,0.3358824311743583,10727,5975,1.7953138075313808,11.956007856536187,33.1058907144937,1.4365271830067852,6.0,0.372355826365031,0.8920730685436568,0.5254049570569964,0.40869903416088676,0.9355343276911904,0.5688773794825946
HRF,03_dr.jpg,baseline,structure_filtered,800,1200,57927,118679,16,234,0.4943320158997995,0.3283140912338761,0.7535518842681306,0.9168271303985376,0.3678072784570143,75028,14276,1.2952163930464204,0.24644811573186942,0.678038837034653,0.5129037493913325,0.5129037493913325,1.0,1.0,0,3001,0.0,0.4870962506086674,930,836,0.3903225806451613,0.23803827751196172,567,22009,17901,0.2680297190101112,7687,7072,1.086962669683258,18626,15038,0.2868067562175821,6291,5975,1.052887029288703,6.70426333571906,26.0115341975092,9.066516626205551,53.225933528685054,0.6031169067199782,0.7072230601642366,0.651034380675319,0.6433277295651779,0.7353779118485001,0.6862799254477376
HRF,03_dr.jpg,multiscale_line,raw,800,1200,57927,214759,0,0,0.36874647029917196,0.22605098691605593,0.8679199682358831,0.8176610983811732,0.2341042750245624,164483,7651,2.8394876309838244,0.1320800317641169,0.8085476696963837,0.6786236000649245,0.6786236000649245,1.0,1.0,0,1980,0.0,0.3213763999350755,930,3529,0.7763440860215054,0.1507509209407764,208,46752,17901,0.33405954974582425,16377,7072,2.315752262443439,33384,15038,0.33894134858358826,10875,5975,1.8200836820083681,11.993475337606766,33.24154027718932,1.4235567111396688,6.0,0.36960985626283366,0.8942517177811296,0.5230386866091684,0.40607888432580425,0.936372269705603,0.5664876602084197
HRF,03_dr.jpg,multiscale_line,structure_filtered,800,1200,57927,144456,28,178,0.456589733327404,0.29583173261621204,0.7976073333678595,0.8910808770465362,0.31984133577006146,98253,11724,1.6961520534465793,0.20239266663214045,0.7215189873417721,0.5643564356435643,0.5643564356435643,1.0,1.0,0,2684,0.0,0.43564356435643564,930,1104,0.478494623655914,0.2164855072463768,485,27309,17901,0.28808446455505277,9394,7072,1.3283371040723981,22818,15038,0.30755419603670703,7517,5975,1.2580753138075313,8.514256192730478,28.653097563788805,5.5491214119038625,32.01562118716424,0.5263832436193197,0.7639238031394894,0.6232883721509067,0.5668460946940569,0.7967711301044634,0.6624243156380162
HRF,03_dr.jpg,clean_recovery,raw,800,1200,57927,216634,0,0,0.368173192842392,0.22562026265746501,0.8725292178086212,0.8158785375462961,0.23331056066914704,166091,7384,2.867246707062337,0.1274707821913788,0.8098135806046557,0.6804090245090083,0.6804090245090083,1.0,1.0,0,1969,0.0,0.31959097549099175,930,3513,0.7731182795698924,0.15229148875604895,211,46479,17901,0.3323278029160382,16296,7072,2.3042986425339365,33155,15038,0.33827636653810345,10791,5975,1.8060251046025104,11.978229566443868,33.24154027718932,1.4271256719139285,6.0,0.3711998967275544,0.8946986201888163,0.52470562367886,0.40738828288044066,0.9362605441036813,0.567739974509892
HRF,03_dr.jpg,clean_recovery,structure_filtered,800,1200,57927,147868,35,169,0.4537816759396487,0.29347839750600246,0.8060662558047197,0.8878416713503231,0.31577488029864476,101175,11234,1.7465948521414885,0.19393374419528026,0.7254861398427803,0.56922577503652,0.56922577503652,1.0,1.0,0,2654,0.0,0.43077422496347995,930,1120,0.47419354838709676,0.21339285714285713,489,27557,17901,0.28936930897715213,9451,7072,1.3363970588235294,23008,15038,0.30915015294587045,7539,5975,1.261757322175732,8.482104382584959,28.635642126552707,5.342734929959138,30.364452901377952,0.5273070363247088,0.7730294396961064,0.6269513627507884,0.5674783176688318,0.8050388246466678,0.6656996314055081
HRF,03_dr.jpg,connected_recovery,raw,800,1200,57927,224923,0,0,0.3600353544281421,0.2195384854181398,0.8790028829388713,0.8071054116462858,0.22637969438430042,174005,7009,3.003866935971136,0.12099711706112866,0.8143943038583662,0.6869014770329492,0.6869014770329492,1.0,1.0,0,1929,0.0,0.3130985229670508,930,3489,0.7623655913978494,0.15075952995127545,221,47537,17901,0.32947880006703534,16355,7072,2.3126414027149322,34441,15038,0.33508445271977655,10965,5975,1.8351464435146443,11.994019460786562,33.24154027718932,1.4173797829966017,6.0,0.3673980268001767,0.8963186414166806,0.5211701460033189,0.4062730083934619,0.9381040165353891,0.566993237635838
HRF,03_dr.jpg,connected_recovery,structure_filtered,800,1200,57927,163077,31,152,0.44223633961376263,0.2838918064785983,0.8436135135601706,0.8733927298566746,0.29966212280088544,114209,9059,1.9716021889619695,0.15638648643982944,0.7360754949225562,0.5823729913975004,0.5823729913975004,1.0,1.0,0,2573,0.0,0.41762700860249957,930,1201,0.4860215053763441,0.21398834304746045,478,29467,17901,0.2931121166415284,10088,7072,1.4264705882352942,24605,15038,0.3102806224231946,8001,5975,1.33907949790795,8.788038739059502,29.068883707497267,3.926977370324413,22.67156809750927,0.5088743340007466,0.7948717948717948,0.6205040172677773,0.5511589235415889,0.8309591642924976,0.6627372328455481
HRF,03_g.jpg,baseline,raw,800,1200,55457,135519,0,0,0.508692191689008,0.34110475976461,0.8758858214472475,0.9038796386683662,0.3584294453176307,86945,6883,1.5677912616982528,0.12411417855275259,0.8099076406381193,0.6805418371666432,0.6805418371666432,1.0,1.0,0,2264,0.0,0.3194581628333569,852,2648,0.7629107981220657,0.18768882175226587,202,32086,18384,0.3510117493472585,11845,7165,1.653175157013259,22083,15757,0.35438217934886085,7788,6168,1.2626459143968871,10.31494759434035,35.0,1.4131022307190662,6.0,0.5246836626566104,0.8982267188859878,0.6624238474529965,0.5518294583307362,0.9381527415143603,0.694908058948874
HRF,03_g.jpg,baseline,structure_filtered,800,1200,55457,79679,4,147,0.6801444470755387,0.515317335725499,0.8286780749048812,0.9627181902905666,0.576764266619812,33723,9501,0.60809275655012,0.17132192509511873,0.6791538533221507,0.5141808945957387,0.5141808945957387,1.0,1.0,0,3443,0.0,0.4858191054042613,852,293,0.22535211267605634,0.36177474402730375,660,14991,18384,0.3059725848563969,5473,7165,0.7638520586182833,13741,15757,0.33343910642888874,4978,6168,0.8070687418936446,1.6396607393600393,7.810249675906654,5.777388785840171,33.83784863137726,0.9169501701020613,0.7572345517841601,0.8294740024665354,0.9360949903275299,0.7807876414273281,0.85141684834066
HRF,03_g.jpg,multiscale_line,raw,800,1200,55457,141285,0,0,0.5031259212572811,0.3361177325482686,0.8924572191066953,0.8985211316653824,0.3503061188378101,91792,5964,1.6551923111599978,0.10754278089330473,0.8217788861180383,0.6974742486242416,0.6974742486242416,1.0,1.0,0,2144,0.0,0.30252575137575843,852,2665,0.7687793427230047,0.18686679174484053,197,32478,18384,0.344538729329852,11871,7165,1.6568039078855548,22456,15757,0.34803579361553594,7804,6168,1.2652399481193255,10.256784905356035,34.83675616710919,1.4047011997873424,6.0,0.5236775663526079,0.9017624020887729,0.6625782223161373,0.5532976168483281,0.9400565709312445,0.6965943707865279
HRF,03_g.jpg,multiscale_line,structure_filtered,800,1200,55457,88199,10,136,0.6618867294091441,0.49464177955344696,0.8572768090592712,0.9550524408458194,0.5390310547738636,40657,7915,0.7331265665290225,0.14272319094072886,0.7085193621867881,0.5486101312261888,0.5486101312261888,1.0,1.0,0,3199,0.0,0.4513898687738112,852,332,0.2699530516431925,0.37650602409638556,622,15808,18384,0.30379677980852915,5644,7165,0.7877180739706908,14448,15757,0.3296947388462271,5084,6168,0.8242542153047989,1.7810791616590453,9.219544457292887,4.730334533890208,28.30194339616981,0.9010627530364372,0.7808420365535248,0.8366557720726007,0.9256072874493927,0.8072236727589208,0.8623716118478157
HRF,03_g.jpg,clean_recovery,raw,800,1200,55457,146140,0,0,0.49558277156902136,0.32941843672309307,0.9007699659195413,0.8936634300414684,0.3418229095387984,96186,5503,1.7344248697188813,0.09923003408045873,0.8253915637689566,0.7026950754903344,0.7026950754903344,1.0,1.0,0,2107,0.0,0.29730492450966556,852,2638,0.7570422535211268,0.18726307808946172,207,32361,18384,0.3419277632724108,11793,7165,1.6459176552686672,22489,15757,0.3470838357555372,7795,6168,1.263780804150454,10.267280487592155,34.92849839314596,1.4197464073311137,6.0,0.5252927907048608,0.8996409921671018,0.6632938780572233,0.5546491146750718,0.9397845953002611,0.6975895823136433
HRF,03_g.jpg,clean_recovery,structure_filtered,800,1200,55457,95305,10,134,0.6363539884055663,0.46665628982518265,0.8649764682546838,0.9476686017137936,0.5033209170557683,47336,7488,0.8535622193771751,0.1350235317453162,0.7149592021758839,0.5563708198109214,0.5563708198109214,1.0,1.0,0,3144,0.0,0.4436291801890786,852,319,0.2828638497652582,0.3981191222570533,611,16588,18384,0.302763272410792,5943,7165,0.8294487090020936,15291,15757,0.3293139557022276,5392,6168,0.874189364461738,2.760914406393305,16.531762358075156,4.70589867458154,28.178005607210743,0.8592355919942127,0.7805700609225413,0.8180159364577905,0.8865444899927658,0.8101610095735422,0.8466334071858543
HRF,03_g.jpg,connected_recovery,raw,800,1200,55457,162081,0,0,0.46486590848495435,0.30281778709387636,0.911751447067097,0.8767134342977614,0.3119613032989678,111518,4894,2.0108913212038155,0.08824855293290297,0.8354284775285514,0.7173698320869197,0.7173698320869197,1.0,1.0,0,2003,0.0,0.28263016791308027,852,2634,0.7394366197183099,0.18109339407744876,222,33222,18384,0.33768494342906874,11802,7165,1.6471737613398465,23438,15757,0.34359332360220857,7851,6168,1.2728599221789882,10.189618529593147,34.710948001984434,1.4143399349369212,5.830951894845301,0.5226958039853109,0.9044277632724108,0.6625082897043041,0.5586960447895972,0.9420691906005222,0.7014159420741526
HRF,03_g.jpg,connected_recovery,structure_filtered,800,1200,55457,112787,8,116,0.5864221012339221,0.4148495118279751,0.889536036929513,0.9298474478272454,0.4373819677799746,63456,6126,1.1442378779955642,0.11046396307048705,0.7701518438177875,0.6262170170735148,0.6262170170735148,1.0,1.0,0,2649,0.0,0.3737829829264851,852,430,0.36502347417840375,0.3883720930232558,541,18512,18384,0.30880113141862486,6428,7165,0.8971388695045359,16793,15757,0.3288697087008948,5703,6168,0.9246108949416343,3.0543001095764364,17.0,3.404935438669377,20.09975124224178,0.8262748487467588,0.8207136640557006,0.8234848675151117,0.8627917026793431,0.8530787641427328,0.8579077426485241
HRF,03_h.jpg,baseline,raw,800,1200,101393,154589,0,0,0.6611480494722285,0.49381714625848355,0.8345842415156864,0.9185098653982555,0.5473934109153951,69968,16772,0.6900673616521851,0.1654157584843135,0.74842503149937,0.5979865771812081,0.5979865771812081,1.0,1.0,0,2995,0.0,0.40201342281879193,296,2539,0.875,0.20519889720362347,37,35677,23167,0.4610868908361031,13305,8554,1.555412672433949,25551,21445,0.4339006761482863,9115,7834,1.1635179984682156,6.806292805564176,25.96150997149434,1.1146943870558128,5.0,0.6070857975726659,0.9216126386670696,0.7319925637845093,0.635871850211621,0.9521733500237407,0.7625226658687788
HRF,03_h.jpg,baseline,structure_filtered,800,1200,101393,110894,24,103,0.7509079689288557,0.6011630450359398,0.7860897695107157,0.9636737180106848,0.7187404187782928,31190,21689,0.3076149241071869,0.21391023048928426,0.5538192759390469,0.38295302013422816,0.38295302013422816,1.0,1.0,0,4597,0.0,0.6170469798657718,296,586,0.4594594594594595,0.30887372013651876,160,22086,23167,0.4164544395044676,8066,8554,0.9429506663549216,19630,21445,0.4193984611797622,7078,7834,0.9034975746744958,2.6306547021163653,16.1245154965971,3.8235705370127655,22.135943621178654,0.8408494068640768,0.8056286959899858,0.82286233871147,0.8678801050439192,0.8307074718349376,0.8488870373603263
HRF,03_h.jpg,multiscale_line,raw,800,1200,101393,157056,0,0,0.6656245526196658,0.498828537295429,0.8483327251388163,0.9172601667584821,0.5476708944580277,71041,15378,0.7006499462487549,0.1516672748611837,0.7502096963596712,0.6002684563758389,0.6002684563758389,1.0,1.0,0,2978,0.0,0.3997315436241611,296,2496,0.875,0.20873397435897437,37,35643,23167,0.4651875512582553,13277,8554,1.5521393500116905,25740,21445,0.4411284681743996,9180,7834,1.1718151646668369,6.818786269936229,26.0,1.0917799083538242,5.0,0.6050556911595545,0.9240298700738119,0.7312730508535046,0.6346547709227618,0.9526913281823283,0.7618125586959693
HRF,03_h.jpg,multiscale_line,structure_filtered,800,1200,101393,116274,25,88,0.7520846063022875,0.6026727533777565,0.8072746639314351,0.9599094812877137,0.7039578925641158,34422,19541,0.33949089187616505,0.1927253360685649,0.587142044377015,0.4155704697986577,0.4155704697986577,1.0,1.0,0,4354,0.0,0.5844295302013423,296,623,0.5067567567567568,0.3274478330658106,146,23006,23167,0.42128890231795224,8372,8554,0.9787234042553191,20395,21445,0.4251340638843553,7320,7834,0.934388562675517,2.822760664036284,17.0,3.413045764306766,20.615528128088304,0.82960966704338,0.8246643933180817,0.8271296384997501,0.8581239676606103,0.8479302456079769,0.8529966527458772
HRF,03_h.jpg,clean_recovery,raw,800,1200,101393,160363,0,0,0.665581686761717,0.4987803900461505,0.859132287238764,0.9146839007834784,0.5432051034216122,73253,14283,0.7224660479520283,0.14086771276123597,0.7517801792745246,0.6022818791946308,0.6022818791946308,1.0,1.0,0,2963,0.0,0.3977181208053691,296,2488,0.8716216216216216,0.20779742765273312,38,35722,23167,0.45689990072085296,13239,8554,1.5476969838671966,25877,21445,0.43329447423641876,9161,7834,1.1693898391626245,6.806225247406423,25.96150997149434,1.0979864610274692,5.0,0.6061530709366777,0.9248931670047913,0.7323447451490177,0.6356586977212922,0.9527344930288772,0.762549185730104
HRF,03_h.jpg,clean_recovery,structure_filtered,800,1200,101393,119963,26,86,0.7508899690995501,0.6011399720793641,0.819652244237768,0.9570746569734465,0.6927719380142211,36856,18286,0.3634964938407977,0.1803477557622321,0.5935435151972814,0.42201342281879195,0.42201342281879195,1.0,1.0,0,4306,0.0,0.577986577181208,296,606,0.5067567567567568,0.3316831683168317,146,23108,23167,0.4149005050287046,8304,8554,0.9707739069441197,20565,21445,0.4186989974352996,7283,7834,0.9296655603778402,2.831771961319836,17.0,3.3740747032671274,20.248456731316587,0.8305781547516011,0.8284197349678422,0.8294975407663253,0.8584040159252208,0.8511676090991497,0.8547704971012993
HRF,03_h.jpg,connected_recovery,raw,800,1200,101393,167045,0,0,0.6602939971241032,0.4928648492330964,0.8740642845166826,0.9086648489937771,0.530539674937891,78421,12769,0.7734360360182656,0.1259357154833174,0.7548052816312887,0.6061744966442953,0.6061744966442953,1.0,1.0,0,2934,0.0,0.3938255033557047,296,2451,0.8682432432432432,0.20807833537331702,39,36400,23167,0.4540078560020719,13213,8554,1.5446574701893852,26827,21445,0.4374446257868967,9277,7834,1.184197089609395,6.803586570161876,26.0,1.0947443002852488,5.0,0.6045054945054945,0.9269650796391419,0.7317874640452124,0.6371703296703297,0.9536841196529546,0.7639406925996487
HRF,03_h.jpg,connected_recovery,structure_filtered,800,1200,101393,128318,21,74,0.740391187187379,0.5877945435568489,0.8386969514660776,0.94959277061566,0.6627129475210025,43280,16355,0.42685392482715767,0.16130304853392247,0.62049810202759,0.44979865771812083,0.44979865771812083,1.0,1.0,0,4099,0.0,0.5502013422818792,296,631,0.5202702702702703,0.3312202852614897,142,24028,23167,0.41084300945310137,8447,8554,0.9874912321720832,21412,21445,0.41706691536488694,7400,7834,0.9446004595353586,3.005217126454143,17.46424919657298,3.2612107599138254,20.0,0.8174213417679375,0.8383476496741054,0.8277522579617546,0.847927418012319,0.8601027323347865,0.8539716806588772
HRF,04_dr.jpg,baseline,raw,800,1200,54157,195818,0,0,0.37145314531453144,0.22808870634936232,0.857266835312148,0.8350806927911348,0.23709260639982024,149391,7730,2.758479974887826,0.142733164687852,0.7929373996789727,0.6569148936170213,0.6569148936170213,1.0,1.0,0,2064,0.0,0.34308510638297873,1054,3628,0.818785578747628,0.1855016538037486,191,43698,17012,0.32324241711732893,15944,6986,2.282278843401088,29592,14068,0.321651976116008,10085,5799,1.739092947059838,12.957998368123173,38.49933280279213,1.5803543031936376,7.0710678118654755,0.3696050162478832,0.8704443921937456,0.5188835404936885,0.40301615634582816,0.9172936750529038,0.5599960893550541
HRF,04_dr.jpg,baseline,structure_filtered,800,1200,54157,100840,19,290,0.5497267689052047,0.37905048312187484,0.7866573111509131,0.9357096097226562,0.42248115827052757,58237,11554,1.0753365215946231,0.21334268884908691,0.6146229130685089,0.44365026595744683,0.44365026595744683,1.0,1.0,0,3347,0.0,0.5563497340425532,1054,733,0.3396584440227704,0.27012278308321963,696,18570,17012,0.26604749588525745,6927,6986,0.991554537646722,15513,14068,0.28639465453511515,5621,5799,0.969305052595275,5.7300420308912505,25.45584412271571,8.730417087883083,49.65329772435734,0.6578352180936995,0.6908652715730073,0.6739457871938683,0.6949380721593968,0.7226663531624735,0.7085310306747434
HRF,04_dr.jpg,multiscale_line,raw,800,1200,54157,200252,0,0,0.3706394034802228,0.22747536933929036,0.8705615155935521,0.8309806445487794,0.2354383476819208,153105,7010,2.827058367339402,0.12943848440644792,0.7965593118623725,0.6619015957446809,0.6619015957446809,1.0,1.0,0,2034,0.0,0.3380984042553192,1054,3612,0.8178368121442126,0.18660022148394242,192,44580,17012,0.32859158241241476,16046,6986,2.2968794732321784,30626,14068,0.3313193062268979,10298,5799,1.7758234178306604,13.055559085236156,38.627062948709245,1.5408014127860619,7.0710678118654755,0.3639075818752804,0.8740300964025394,0.5138646063516704,0.39822790489008525,0.9199388666823419,0.5558406347458736
HRF,04_dr.jpg,multiscale_line,structure_filtered,800,1200,54157,120422,26,238,0.5167059039174242,0.3483502734097439,0.8328193954613439,0.9168520372735672,0.374541196791284,75319,9054,1.3907528112709344,0.16718060453865613,0.6853146853146853,0.5212765957446809,0.5212765957446809,1.0,1.0,0,2880,0.0,0.4787234042553192,1054,921,0.41366223908918404,0.26384364820846906,618,22504,17012,0.29279332236068656,8140,6986,1.1651875178929287,18685,14068,0.3139038953653682,6535,5799,1.1269184342127954,7.042775425670152,29.154759474226502,5.179970319171781,26.0,0.604381443298969,0.7656360216317893,0.6755186932144526,0.6409082829719162,0.7996120385610157,0.7115178745030962
HRF,04_dr.jpg,clean_recovery,raw,800,1200,54157,202073,0,0,0.3696678765171916,0.22674390769378083,0.8744945251768008,0.8292055024987773,0.23437074720521792,154713,6797,2.856749819967871,0.1255054748231992,0.797641650844409,0.6633976063829787,0.6633976063829787,1.0,1.0,0,2025,0.0,0.33660239361702127,1054,3590,0.8159392789373814,0.18746518105849583,194,44124,17012,0.3265342111450741,15863,6986,2.2706842255940454,30309,14068,0.33053738982087005,10174,5799,1.7544404207622004,12.980686818647914,38.600518131237564,1.5581270943158168,7.0710678118654755,0.3668525065723869,0.8735598401128615,0.5167114272004173,0.4019581180310035,0.9186456618857277,0.5592246319516301
HRF,04_dr.jpg,clean_recovery,structure_filtered,800,1200,54157,118893,29,246,0.5228431089280555,0.353952320222829,0.8353306128478313,0.9186901041350433,0.3805017957322971,73654,8918,1.3600088631201876,0.1646693871521687,0.6854583196766088,0.5214428191489362,0.5214428191489362,1.0,1.0,0,2879,0.0,0.47855718085106386,1054,879,0.4146110056925996,0.27189988623435724,617,21761,17012,0.2889137079708441,7841,6986,1.1223876324076725,18142,14068,0.30992323002558997,6316,5799,1.089153302293499,6.5525329107220776,27.459060435491963,5.27706170669402,27.018512172212592,0.6231331280731583,0.7636374324006584,0.6862674987894101,0.6610449887413262,0.7973195391488361,0.7228152847935672
HRF,04_dr.jpg,connected_recovery,raw,800,1200,54157,211618,0,0,0.35925124635499955,0.21895567225445456,0.8815111619919863,0.8190878551802023,0.22559517621374364,163878,6417,3.0259800210499104,0.11848883800801374,0.8030242737763629,0.6708776595744681,0.6708776595744681,1.0,1.0,0,1980,0.0,0.3291223404255319,1054,3539,0.8197343453510436,0.18508053122350945,190,45642,17012,0.3252410063484599,16004,6986,2.2908674491840824,32115,14068,0.331248222917259,10500,5799,1.810657009829281,13.075350277362135,38.8329756778952,1.5345177332491995,7.031980515339386,0.36080802769379083,0.8784387491182695,0.5115167672003245,0.3987336225406424,0.9222313660945215,0.556751551459984
HRF,04_dr.jpg,connected_recovery,structure_filtered,800,1200,54157,136294,32,198,0.48103711715874425,0.31668786814523936,0.8458186384031612,0.9001074137571301,0.33608962977093637,90487,8350,1.6708274091991802,0.15418136159683882,0.7079037800687286,0.5478723404255319,0.5478723404255319,1.0,1.0,0,2720,0.0,0.4521276595744681,1054,1050,0.452561669829222,0.2523809523809524,577,24715,17012,0.28932518222431225,8783,6986,1.257228743200687,20456,14068,0.3094967301677566,6973,5799,1.2024486980513882,7.800470462240446,30.083217912982647,4.986517555317653,25.298221281347036,0.5641917863645559,0.7772748648013167,0.6538099088596708,0.6039652033178232,0.8118974841288502,0.6926629727906842
HRF,04_g.jpg,baseline,raw,800,1200,61875,149277,0,0,0.520156096082443,0.3514938938528892,0.8875313131313132,0.8949355601948504,0.3678798475317698,94361,6959,1.5250262626262627,0.11246868686868687,0.8011619906734959,0.6682821068741231,0.6682821068741231,1.0,1.0,0,2601,0.0,0.3317178931258768,943,2681,0.7338282078472959,0.2081312942931742,251,34087,20554,0.3651357400019461,12890,8204,1.5711847879083374,23702,17358,0.373545339324807,8593,7008,1.2261700913242009,8.96175525164448,31.622776601683793,1.3984476645455204,6.4031242374328485,0.541819461964972,0.8924296973825047,0.6742702623543319,0.5694839674949395,0.932713826992313,0.7071845967052223
HRF,04_g.jpg,baseline,structure_filtered,800,1200,61875,91773,12,167,0.6785639904196605,0.5135049941882228,0.8425050505050505,0.9558602644398051,0.568031991980212,39643,9745,0.6406949494949495,0.1574949494949495,0.6887959866220735,0.5253156485142201,0.5253156485142201,1.0,1.0,0,3722,0.0,0.47468435148577987,943,427,0.25874867444326616,0.36065573770491804,699,17571,20554,0.3204242483214946,6712,8204,0.818137493905412,15723,17358,0.3480239658946883,5922,7008,0.8450342465753424,2.315312491728309,13.45362404707371,6.002050919475136,35.35533905932738,0.8874850606112344,0.7646686776296585,0.8215119598206806,0.9074611575892095,0.7886056242093996,0.8438688621299779
HRF,04_g.jpg,multiscale_line,raw,800,1200,61875,152524,0,0,0.5170826356466215,0.3486928186804892,0.8958545454545455,0.8918936673625609,0.36342477249482047,97093,6444,1.569179797979798,0.10414545454545454,0.8070896090065419,0.6765718658334396,0.6765718658334396,1.0,1.0,0,2536,0.0,0.3234281341665604,943,2683,0.7423117709437964,0.20983973164368244,243,34305,20554,0.3611949012357692,12876,8204,1.5694783032666992,23912,17358,0.3695702269846757,8606,7008,1.2280251141552512,8.950979807856992,31.622776601683793,1.4001128837480756,6.4031242374328485,0.5417869115289317,0.8937919626350103,0.6746334815875873,0.570179274158286,0.933103045635886,0.7078324680202468
HRF,04_g.jpg,multiscale_line,structure_filtered,800,1200,61875,101069,13,159,0.6520522388059702,0.48373702422145326,0.858569696969697,0.9466165622825331,0.5256211103305662,47945,8751,0.7748686868686868,0.14143030303030302,0.7028949545078578,0.541895166432853,0.541895166432853,1.0,1.0,0,3592,0.0,0.45810483356714704,943,465,0.28844114528101805,0.3655913978494624,671,19815,20554,0.3217378612435536,7508,8204,0.9151633349585568,17802,17358,0.34865767945615855,6670,7008,0.951769406392694,3.8927665394153124,23.40939982143925,5.311709184857229,31.38470965295043,0.8076204895281353,0.7802374233725795,0.7936928420266463,0.833005299015897,0.8074827284226914,0.8200454747483326
HRF,04_g.jpg,clean_recovery,raw,800,1200,61875,157440,0,0,0.5098420080705834,0.34213956562448367,0.9035636363636363,0.8869511482254697,0.35510670731707317,101532,5967,1.6409212121212122,0.09643636363636364,0.808539735602492,0.6786124218849636,0.6786124218849636,1.0,1.0,0,2520,0.0,0.3213875781150363,943,2676,0.7327677624602333,0.2062780269058296,252,34299,20554,0.35511335992994064,12841,8204,1.5652120916626036,23982,17358,0.36334831201751355,8603,7008,1.2275970319634704,8.944285292493406,31.575306807693888,1.4157305525261739,6.4031242374328485,0.5421732412023674,0.8921864357302715,0.6744746375624523,0.5712702994256392,0.9321786513574,0.7084057985497622
HRF,04_g.jpg,clean_recovery,structure_filtered,800,1200,61875,102340,15,159,0.6526565782662972,0.48440254187494913,0.8660686868686869,0.9457180236604036,0.5236271252687121,48752,8287,0.7879111111111111,0.13393131313131312,0.7059988447891741,0.5455936742762403,0.5455936742762403,1.0,1.0,0,3563,0.0,0.4544063257237597,943,455,0.2916224814422057,0.36043956043956044,668,18152,20554,0.3173104991729104,6825,8204,0.8319112627986348,16220,17358,0.34306947805046667,6011,7008,0.8577340182648402,2.44373153546875,14.484311706373342,5.372826453413102,31.04834939252005,0.876873071837814,0.7778048068502481,0.8243732499932348,0.8991846628470692,0.8034932373260679,0.848649994965547
HRF,04_g.jpg,connected_recovery,raw,800,1200,61875,170079,0,0,0.48775188183864043,0.3225342957818754,0.9142303030303031,0.8736133611691023,0.33259838075247383,113511,5307,1.8345212121212122,0.08576969696969697,0.8174345826106628,0.6912383624537687,0.6912383624537687,1.0,1.0,0,2421,0.0,0.30876163754623137,943,2703,0.7232237539766702,0.20569737328893822,261,34918,20554,0.35151308747689014,12835,8204,1.5644807411019015,24616,17358,0.361735222951953,8616,7008,1.2294520547945205,8.94776162306097,31.76476034853718,1.4135980562982453,6.4031242374328485,0.541726330259465,0.8953488372093024,0.6750294638210231,0.5740019474196689,0.9335409166099056,0.7108976028684466
HRF,04_g.jpg,connected_recovery,structure_filtered,800,1200,61875,123225,13,144,0.5968233387358185,0.4253372759194234,0.8927030303030303,0.9242989561586639,0.4482531953743153,67989,6639,1.0988121212121211,0.1072969696969697,0.7405027708617782,0.5879352123453642,0.5879352123453642,1.0,1.0,0,3231,0.0,0.4120647876546359,943,516,0.3107104984093319,0.34689922480620156,650,21090,20554,0.3245110440790114,7811,8204,0.9520965382740126,18893,17358,0.3503859891692591,6878,7008,0.9814497716894978,4.003641425147037,23.40939982143925,3.605945797886596,22.258580073512473,0.7964438122332859,0.814342707015666,0.805293814281905,0.8260312944523471,0.843534105283643,0.834690954918368
HRF,04_h.jpg,baseline,raw,800,1200,90369,162116,0,0,0.631308790621225,0.46124997829697834,0.881917471699366,0.9052264696175735,0.4916109452490809,82418,10671,0.912016288771592,0.11808252830063407,0.799384906553111,0.6658128078817734,0.6658128078817734,1.0,1.0,0,1696,0.0,0.3341871921182266,276,2652,0.822463768115942,0.16402714932126697,49,37427,22267,0.46872052813580634,14118,8794,1.6054127814418921,26948,20686,0.4411679396693416,9830,8095,1.2143298332303891,7.2290344270921585,25.626156950086177,0.9137417389823085,3.605551275463989,0.5745317551500254,0.9400008981901469,0.7131709767877616,0.6049376118844685,0.9685633448601069,0.7447347194636854
HRF,04_h.jpg,baseline,structure_filtered,800,1200,90369,112888,15,105,0.7410913277279503,0.58867759357829,0.833427392136684,0.9567954684228138,0.6671745446814542,37572,15053,0.4157620422932643,0.16657260786331596,0.6313376483279396,0.4612807881773399,0.4612807881773399,1.0,1.0,0,2734,0.0,0.5387192118226601,276,615,0.4601449275362319,0.26178861788617885,149,22412,22267,0.41303273903085286,8585,8794,0.976233795769843,19756,20686,0.40906893551194046,7487,8095,0.9248919085855466,2.9213549012719935,17.46424919657298,4.046048662417305,26.40075756488817,0.8180885240049973,0.8197332375263844,0.8189100549485503,0.8473139389612707,0.8417838056316522,0.8445398194234879
HRF,04_h.jpg,multiscale_line,raw,800,1200,90369,164224,0,0,0.632758952524225,0.4627998506133471,0.8913233520344366,0.9037798790521497,0.4904764224473889,83676,9821,0.9259369916674965,0.10867664796556341,0.8017943572187463,0.6691625615763547,0.6691625615763547,1.0,1.0,0,1679,0.0,0.3308374384236453,276,2628,0.8152173913043478,0.16552511415525115,51,37307,22267,0.46647505276867113,14056,8794,1.5983625198999318,26925,20686,0.44111959779561055,9798,8095,1.2103767757875232,7.2515157294915245,25.632011235952593,0.9068802205640917,3.605551275463989,0.5726807301578792,0.9414829119324561,0.7121675708608493,0.6030503658830783,0.9688328019041631,0.7433821897721523
HRF,04_h.jpg,multiscale_line,structure_filtered,800,1200,90369,116718,15,101,0.7373615919879085,0.5839847634199697,0.8448583031791875,0.9535791617364147,0.6541321818399904,40369,14020,0.4467129214664321,0.15514169682081244,0.6414134653995449,0.47211822660098524,0.47211822660098524,1.0,1.0,0,2679,0.0,0.5278817733990148,276,635,0.4746376811594203,0.26614173228346455,145,22888,22267,0.4115058157812009,8660,8794,0.9847623379576984,20172,20686,0.40819878178478197,7527,8095,0.9298332303891291,3.1385040203393895,18.973665961010276,3.8860199177692696,25.317977802344327,0.8100314575323313,0.828445681950869,0.8191350944923076,0.8394792030758476,0.8500920644900526,0.8447523020053687
HRF,04_h.jpg,clean_recovery,raw,800,1200,90369,167601,0,0,0.6308407954413304,0.46075050537652673,0.9004083258639578,0.900840701400939,0.48549232999803105,86232,9000,0.9542210271221326,0.09959167413604222,0.8029248732161811,0.6707389162561577,0.6707389162561577,1.0,1.0,0,1671,0.0,0.3292610837438424,276,2635,0.8333333333333334,0.16622390891840608,46,37384,22267,0.4629721111959402,14016,8794,1.5938139640664089,26984,20686,0.43821908537174903,9762,8095,1.205929586164299,7.247179637333207,25.632011235952593,0.9100293281856919,3.605551275463989,0.5731863898994222,0.9429200161674226,0.7129696410069526,0.6036807190241815,0.9695064445143037,0.7440593987641636
HRF,04_h.jpg,clean_recovery,structure_filtered,800,1200,90369,120530,16,98,0.7316203490770463,0.576814953271028,0.8537108964357246,0.9501156237530631,0.6400813075582843,43381,13220,0.48004293507729423,0.14628910356427535,0.6432295147707525,0.4740886699507389,0.4740886699507389,1.0,1.0,0,2669,0.0,0.525911330049261,276,641,0.48188405797101447,0.2667706708268331,143,22976,22267,0.406475950958818,8618,8794,0.9799863543324995,20242,20686,0.40384801314898966,7490,8095,0.9252625077208153,3.192669926993237,19.0,3.8943892917269203,25.317977802344327,0.806841922005571,0.8280414963847846,0.8173042614882636,0.8365685933147632,0.8507657071001931,0.8436074234420746
HRF,04_h.jpg,connected_recovery,raw,800,1200,90369,173948,0,0,0.6238191262764029,0.4532973377173208,0.9122929323108588,0.8947772101040556,0.4739519856508842,91505,7926,1.0125706824242826,0.08770706768914119,0.8072855464159812,0.6768472906403941,0.6768472906403941,1.0,1.0,0,1640,0.0,0.32315270935960594,276,2641,0.822463768115942,0.1628171147292692,49,38009,22267,0.4552027664256523,13967,8794,1.5882419831703434,27656,20686,0.4351735473266944,9776,8095,1.2076590487955527,7.196371504186358,25.553864678361276,0.9093550456662254,3.1622776601683795,0.5733378936567655,0.9451205820272152,0.7137151952832377,0.6072509142571496,0.9708986392419275,0.7471777120532929
HRF,04_h.jpg,connected_recovery,structure_filtered,800,1200,90369,132346,19,78,0.7096603282221673,0.5499794695488173,0.8744812933638748,0.9386866383558083,0.5971166487842473,53320,11343,0.5900253405481969,0.12551870663612522,0.674934725848564,0.50935960591133,0.50935960591133,1.0,1.0,0,2490,0.0,0.49064039408866994,276,705,0.5144927536231884,0.2723404255319149,134,24929,22267,0.40674540800287423,9145,8794,1.039913577439163,21907,20686,0.40515324373972733,7901,8095,0.9760345892526251,3.9569583200462626,22.0,3.2883025483848836,21.93171219946131,0.7685426611576879,0.8476220415862038,0.8061476635278354,0.8019575594688917,0.8714689899851799,0.8352695785654094
HRF,05_dr.jpg,baseline,raw,800,1200,59703,159646,0,0,0.49231133946359457,0.3265338211726286,0.9043766644892216,0.8826476151758809,0.3382107913759192,105652,5709,1.7696263169354973,0.09562333551077835,0.8486317977138899,0.737063778580024,0.737063778580024,1.0,1.0,0,2185,0.0,0.2629362214199759,1244,3076,0.7829581993569131,0.23764629388816644,270,37071,20618,0.38568241342516246,14018,8091,1.7325423309850452,25031,16795,0.39321226555522476,9057,6640,1.3640060240963856,8.263603054060265,27.294688127912362,1.2037697261986788,5.0,0.5289849208276011,0.9158017266466194,0.6706115462941892,0.5583340077149254,0.9509166747502182,0.7035665104342286
HRF,05_dr.jpg,baseline,structure_filtered,800,1200,59703,100157,8,170,0.6349305642437133,0.46512693611951245,0.8500410364638293,0.9451214432570585,0.5067044739758579,49407,8953,0.82754635445455,0.14995896353617072,0.7138213898777279,0.5549939831528279,0.5549939831528279,1.0,1.0,0,3698,0.0,0.44500601684717206,1244,466,0.3062700964630225,0.40987124463519314,863,19763,20618,0.33771461829469396,7457,8091,0.9216413298726981,17698,16795,0.37076510866329265,6603,6640,0.9944277108433734,3.2228515026398266,18.867962264113206,5.177410254790393,29.216423523558582,0.8153114405707635,0.7756814433989718,0.7950028707402504,0.842685827050549,0.8004656125715395,0.8210333028226674
HRF,05_dr.jpg,multiscale_line,raw,800,1200,59703,162009,0,0,0.4913852204661904,0.3257194793080561,0.9123997119072743,0.8805549724146587,0.33623440673049027,107536,5230,1.8011825201413665,0.08760028809272566,0.850463411260202,0.7398315282791817,0.7398315282791817,1.0,1.0,0,2162,0.0,0.2601684717208183,1244,3046,0.7781350482315113,0.23933026920551542,276,37162,20618,0.3842758754486371,13955,8091,1.724755901619083,25301,16795,0.39612980053587377,9069,6640,1.3658132530120481,8.256315749477162,27.294688127912362,1.2058221180463728,5.0,0.5283084871643077,0.9167232515277912,0.6703142376669801,0.5587428017867714,0.9509166747502182,0.7038909838588076
HRF,05_dr.jpg,multiscale_line,structure_filtered,800,1200,59703,104228,11,157,0.6264098919667421,0.4560384413831082,0.8599902852452975,0.9412593844031469,0.49261234984840924,52884,8359,0.8857846339379931,0.14000971475470245,0.7244819646968534,0.5679903730445247,0.5679903730445247,1.0,1.0,0,3590,0.0,0.43200962695547535,1244,477,0.33762057877813506,0.42557651991614254,824,20370,20618,0.337035599961199,7573,8091,0.9359782474354221,18283,16795,0.3726704376302471,6710,6640,1.0105421686746987,3.325108043106242,19.1049731745428,4.890400966134472,28.178005607210743,0.8064310260186549,0.7878067707828111,0.7970101119688138,0.8352479135984291,0.8125909399553788,0.8237636656557377
HRF,05_dr.jpg,clean_recovery,raw,800,1200,59703,166503,0,0,0.4847970434029159,0.31995518573412535,0.9184128100765455,0.875962043636711,0.32931538771073193,111671,4871,1.8704420213389612,0.08158718992345443,0.8538721467485001,0.745006016847172,0.745006016847172,1.0,1.0,0,2119,0.0,0.2549939831528279,1244,3048,0.7853697749196141,0.24114173228346455,267,37154,20618,0.3770491803278688,13917,8091,1.7200593251761216,25290,16795,0.3879130693658827,9035,6640,1.3606927710843373,8.263106249756492,27.294688127912362,1.2005957596053394,5.0,0.5279646875168219,0.9176932777184984,0.670296371974913,0.5581902352371212,0.95183819963139,0.7037043492577518
HRF,05_dr.jpg,clean_recovery,structure_filtered,800,1200,59703,109567,16,151,0.6125007384651739,0.4414422086161235,0.8682813258965211,0.9358789377283274,0.47312603247328117,57728,7864,0.9669195852804716,0.1317186741034789,0.7402410369135147,0.5876052948255114,0.5876052948255114,1.0,1.0,0,3427,0.0,0.41239470517448856,1244,485,0.3609324758842444,0.44123711340206184,795,20568,20618,0.33213696769812784,7620,8091,0.9417871709306637,18447,16795,0.36409645727895207,6744,6640,1.0156626506024096,3.307641576138641,18.973665961010276,4.609178201378865,26.570660511172846,0.8066900038895372,0.7944999514986905,0.8005485755240304,0.8364449630493971,0.8203026481715007,0.8282951652889382
HRF,05_dr.jpg,connected_recovery,raw,800,1200,59703,174299,0,0,0.4727139084281331,0.3095123507224641,0.9263856087633787,0.8678313934179499,0.31731679470335455,118991,4395,1.9930489255146309,0.07361439123662128,0.8608636052090473,0.7557160048134778,0.7557160048134778,1.0,1.0,0,2030,0.0,0.24428399518652227,1244,3052,0.7757234726688103,0.23525557011795545,279,37800,20618,0.3720050441361917,13874,8091,1.71474477814856,26054,16795,0.38416195296219113,9040,6640,1.3614457831325302,8.191233489351955,27.202941017470888,1.1867221326404498,5.0,0.5297883597883598,0.9216218837908624,0.672813972918565,0.563015873015873,0.9538267533223397,0.7080755681610608
HRF,05_dr.jpg,connected_recovery,structure_filtered,800,1200,59703,122781,15,134,0.5897941737357796,0.41823268827232457,0.9013617406160495,0.9233952795577459,0.4382925696972659,68967,5889,1.1551680820059294,0.09863825938395056,0.7779411764705882,0.6365824308062575,0.6365824308062575,1.0,1.0,0,3020,0.0,0.36341756919374246,1244,550,0.4091639871382637,0.44181818181818183,735,22220,20618,0.34023668639053256,7964,8091,0.9843035471511556,19914,16795,0.37052694254242335,7007,6640,1.0552710843373494,3.425586578435629,19.1049731745428,3.1799171702641393,20.227454663430617,0.7953645364536454,0.8326704821030168,0.8135900818689294,0.828082808280828,0.8574061499660491,0.8424894022914662
HRF,05_g.jpg,baseline,raw,800,1200,62788,133585,0,0,0.5762910379736522,0.4047814921059597,0.9011913104414856,0.9141774742201397,0.42358049182168656,77001,6204,1.2263649104924508,0.09880868955851436,0.8265865565152084,0.7044290834613415,0.7044290834613415,1.0,1.0,0,2309,0.0,0.29557091653865847,855,2292,0.7298245614035088,0.225130890052356,231,29494,20128,0.39894674085850557,11134,7763,1.434239340461162,20651,17257,0.4017500144868749,7492,6671,1.123070004497077,7.758326290616875,29.427877939124322,1.386662297906882,6.4031242374328485,0.6000203431206347,0.8877186009538951,0.716051995090131,0.625754390723537,0.9302961049284578,0.7482236263651171
HRF,05_g.jpg,baseline,structure_filtered,800,1200,62788,87958,7,123,0.7119658233054277,0.5527538291976968,0.8546696821048608,0.9617760350953843,0.6100980013188112,34295,9125,0.5462030961330191,0.1453303178951392,0.7199737833852203,0.562467997951869,0.562467997951869,1.0,1.0,0,3418,0.0,0.4375320020481311,855,303,0.27485380116959063,0.4389438943894389,620,15962,20128,0.34792329093799684,5971,7763,0.7691614066726781,14617,17257,0.3764269571767978,5390,6671,0.8079748163693599,1.8270086545736997,9.486832980505138,5.55343717955391,29.832867780352597,0.9098483899260744,0.7417031001589826,0.81721626668518,0.9275779977446436,0.7704193163751988,0.8417257211947118
HRF,05_g.jpg,multiscale_line,raw,800,1200,62788,136842,0,0,0.5716074738265792,0.4001753463089602,0.9086927438364019,0.9110722995234125,0.4169407053390041,79787,5733,1.2707364464547366,0.09130725616359814,0.8305389221556886,0.710189452124936,0.710189452124936,1.0,1.0,0,2264,0.0,0.289810547875064,855,2295,0.7380116959064328,0.2252723311546841,224,29818,20128,0.3920906200317965,11144,7763,1.435527502254283,21008,17257,0.39647679202642405,7523,6671,1.1277169839604257,7.723141051880373,29.410882339705484,1.376023681084354,6.4031242374328485,0.6005097592058488,0.8911963434022258,0.7175302167711419,0.6274733382520625,0.9318859300476947,0.7499664603074024
HRF,05_g.jpg,multiscale_line,structure_filtered,800,1200,62788,93176,8,113,0.6983662896565874,0.536530580075662,0.8673631904185514,0.9568485486150431,0.5844852751781575,38716,8328,0.6166146397400777,0.1326368095814487,0.7359223300970874,0.5821812596006144,0.5821812596006144,1.0,1.0,0,3264,0.0,0.41781874039938555,855,352,0.3321637426900585,0.44886363636363635,571,16712,20128,0.34409777424483307,6129,7763,0.7895143630039932,15190,17257,0.37144347221417395,5473,6671,0.820416729126068,1.978324704323354,11.180339887498949,5.056902648663616,27.65863337187866,0.8976783149832456,0.7595886327503975,0.8228803993952507,0.9180828147438966,0.7884538950715422,0.8483450336809412
HRF,05_g.jpg,clean_recovery,raw,800,1200,62788,141824,0,0,0.5613453756377925,0.3901877254846008,0.91464929604383,0.9059363896158321,0.4049314643501805,84395,5359,1.3441262661655093,0.08535070395616996,0.8329847624738572,0.713773681515617,0.713773681515617,1.0,1.0,0,2236,0.0,0.286226318484383,855,2287,0.7239766081871345,0.2225623087013555,236,29778,20128,0.39233903020667726,11109,7763,1.431018935978359,21025,17257,0.3984470070116474,7492,6671,1.123070004497077,7.715926153011233,29.410882339705484,1.3883115061760853,6.4031242374328485,0.6011149170528578,0.8899046104928457,0.7175424952373275,0.6286856068238297,0.9310413354531002,0.7505573842340862
HRF,05_g.jpg,clean_recovery,structure_filtered,800,1200,62788,97927,7,114,0.6816663037053169,0.5170665861164077,0.872411925845703,0.9519065728055354,0.5593656499229017,43150,8011,0.6872332292794802,0.127588074154297,0.7362290706139286,0.5825652841781874,0.5825652841781874,1.0,1.0,0,3261,0.0,0.4174347158218126,855,340,0.2994152046783626,0.4441176470588235,599,16582,20128,0.3444952305246423,6074,7763,0.7824294731418266,15145,17257,0.3735875296980935,5452,6671,0.8172687752960576,1.9673355394620051,11.04309296632785,5.207354424315511,28.31342312471758,0.8967555180316006,0.7538751987281399,0.8191314235248549,0.9175612109516343,0.7830882352941176,0.8450082302906506
HRF,05_g.jpg,connected_recovery,raw,800,1200,62788,152595,0,0,0.5392533301142616,0.3691627995677325,0.9249060329999363,0.8946492021952448,0.38056948130672696,94522,4715,1.5054150474612984,0.07509396700006371,0.8444641668515642,0.7307987711213517,0.7307987711213517,1.0,1.0,0,2103,0.0,0.2692012288786482,855,2292,0.7111111111111111,0.22076788830715532,247,30596,20128,0.38240262321144675,11144,7763,1.435527502254283,21891,17257,0.3896389870777076,7588,6671,1.137460650577125,7.695353679374908,29.274562336608895,1.3662169505816137,6.082762530298219,0.5989018172310105,0.8959161367249603,0.717901201214726,0.6306706759053471,0.9338235294117647,0.7528760598394948
HRF,05_g.jpg,connected_recovery,structure_filtered,800,1200,62788,110227,7,101,0.6510071381094125,0.48258753363382406,0.8969389055233484,0.9399138665109249,0.5109183775300062,53910,6471,0.8586035548193922,0.10306109447665159,0.7709251101321586,0.6272401433691757,0.6272401433691757,1.0,1.0,0,2912,0.0,0.3727598566308244,855,398,0.3391812865497076,0.42462311557788945,565,17910,20128,0.34673092209856915,6394,7763,0.8236506505217055,16246,17257,0.37202294720982787,5680,6671,0.8514465597361714,2.0747055405787402,11.40175425099138,3.927634585661028,22.627416997969522,0.8878280290340592,0.7960552464228935,0.8394407982252422,0.9120044667783361,0.8254173290937997,0.8665532950931044
HRF,05_h.jpg,baseline,raw,800,1200,86639,153752,0,0,0.6310219600567409,0.46094381476191926,0.8754256166391579,0.9107974823698333,0.49330090015089234,77906,10793,0.8992024377012662,0.12457438336084212,0.7458607940845523,0.5947193027428864,0.5947193027428864,1.0,1.0,0,1581,0.0,0.4052806972571136,197,2607,0.8477157360406091,0.1308016877637131,30,34858,21516,0.4676519799219186,12833,8168,1.5711312438785505,24703,20351,0.44528524396835534,8857,7710,1.1487678339818417,8.722325832088414,30.610455730027933,1.132245185450767,5.830951894845301,0.5561994377187446,0.9102063580591188,0.6904722635687097,0.5804119570830225,0.9433909648633575,0.7186695711429404
HRF,05_h.jpg,baseline,structure_filtered,800,1200,86639,95565,9,151,0.7444951812254396,0.5929847262172252,0.7828460623968421,0.9682376474333065,0.7097263642546957,27740,18814,0.3201791341081961,0.21715393760315793,0.537856071964018,0.3678543963086388,0.3678543963086388,1.0,1.0,0,2466,0.0,0.6321456036913612,197,408,0.39593908629441626,0.26715686274509803,119,18674,21516,0.3829243353783231,7057,8168,0.8639813907933399,16958,20351,0.383273549211341,6355,7710,0.8242542153047989,3.5469861407939667,23.04450122961828,8.240702568943911,46.82947424601886,0.8232837099710828,0.7286205614426473,0.7730650015406728,0.8443825639927172,0.750604201524447,0.7947365005519831
HRF,05_h.jpg,multiscale_line,raw,800,1200,86639,155783,0,0,0.6307760846787833,0.4606814689844244,0.8824778679347638,0.9091715796789643,0.49079167816770763,79326,10182,0.9155922852295155,0.1175221320652362,0.7470692147101333,0.5962573699051525,0.5962573699051525,1.0,1.0,0,1575,0.0,0.40374263009484745,197,2592,0.8375634517766497,0.13040123456790123,32,35008,21516,0.46769845696226064,12827,8168,1.5703966699314398,24934,20351,0.4479386762321262,8899,7710,1.1542153047989623,8.70312985127084,30.610455730027933,1.1259319204661897,5.70037866083061,0.5569869744058501,0.911647146309723,0.6914936519401754,0.5816956124314442,0.9442275515895148,0.7198960430604772
HRF,05_h.jpg,multiscale_line,structure_filtered,800,1200,86639,105651,11,141,0.7451557543293983,0.5938233026929803,0.8269139763847689,0.9610607755555836,0.6781100036913991,34008,14996,0.3925253061554265,0.173086023615231,0.5607821435159565,0.3896436811074084,0.3896436811074084,1.0,1.0,0,2381,0.0,0.6103563188925917,197,463,0.4365482233502538,0.2526997840172786,111,20586,21516,0.41336679680237964,7676,8168,0.9397649363369246,18626,20351,0.4143776718588767,6892,7710,0.8939040207522698,3.5992231981132603,23.584936729778832,4.744398103486824,29.0,0.818954629359759,0.7928053541550474,0.8056678681779852,0.8416885261828427,0.8158579661647146,0.8285719794720812
HRF,05_h.jpg,clean_recovery,raw,800,1200,86639,160202,0,0,0.6257955526026876,0.45538751805666106,0.8914691997830076,0.905003772781244,0.48211632813572863,82966,9403,0.957605697203338,0.10853080021699235,0.7474715042542944,0.5967700589592412,0.5967700589592412,1.0,1.0,0,1573,0.0,0.40322994104075877,197,2597,0.8375634517766497,0.1301501732768579,32,35018,21516,0.46016917642684513,12760,8168,1.5621939275220371,24957,20351,0.4403714805169279,8820,7710,1.1439688715953307,8.697524537032635,30.59411708155671,1.135658712548367,5.656854249492381,0.5575418356273917,0.910996467744934,0.6917335989265039,0.5823576446398995,0.944366982710541,0.7204433882506083
HRF,05_h.jpg,clean_recovery,structure_filtered,800,1200,86639,110329,11,141,0.7360992648552049,0.5824027507752623,0.836736342755572,0.9566788533035022,0.657071123639297,37835,14145,0.43669709945867335,0.16326365724442804,0.5689655172413793,0.39759036144578314,0.39759036144578314,1.0,1.0,0,2350,0.0,0.6024096385542169,197,467,0.4467005076142132,0.2569593147751606,109,20620,21516,0.4062093325897007,7637,8168,0.9349902056807052,18655,20351,0.4067613385091642,6838,7710,0.8869001297016861,3.5986012062153843,23.348443297936544,4.743818005171644,29.154759474226502,0.8186226964112512,0.7930842163970998,0.8056511200003759,0.8419010669253152,0.8175776166573713,0.8295610839327789
HRF,05_h.jpg,connected_recovery,raw,800,1200,86639,169821,0,0,0.6108944864696249,0.4397754385964912,0.904154018398181,0.8952483566360302,0.4612798181614759,91486,8304,1.0559447823728345,0.09584598160181904,0.7528772378516624,0.6036913611894386,0.6036913611894386,1.0,1.0,0,1546,0.0,0.3963086388105614,197,2617,0.8274111675126904,0.12609858616736722,34,35623,21516,0.4498977505112474,12833,8168,1.5711312438785505,25594,20351,0.43167411920790133,8924,7710,1.1574578469520105,8.655061547610948,30.59411708155671,1.1310549949286584,5.385164807134504,0.5570558347135278,0.9142033835285369,0.6922809014143858,0.58535216012127,0.9466443576873025,0.7233963174165826
HRF,05_h.jpg,connected_recovery,structure_filtered,800,1200,86639,121267,11,131,0.7109270535722875,0.5515025783004858,0.8529992266762082,0.9457681302462556,0.6094238333594465,47364,12736,0.5466822100901442,0.14700077332379183,0.5899150551238026,0.4183542681363753,0.4183542681363753,1.0,1.0,0,2269,0.0,0.5816457318636247,197,496,0.4467005076142132,0.24798387096774194,109,21247,21516,0.3976575571667596,7750,8168,0.948824681684623,19213,20351,0.3986536288143089,6921,7710,0.8976653696498055,3.7604796281380146,24.041630560342615,4.587652621685775,28.792360097775937,0.8098555090130372,0.8026120096672243,0.8062174897774372,0.8352237963006542,0.8274772262502323,0.8313324655333849
HRF,06_dr.jpg,baseline,raw,800,1200,72476,178108,0,0,0.45658142578935607,0.2958247577283869,0.7893095645455047,0.863776078168027,0.3211871448783884,120902,15270,1.6681660135769083,0.21069043545449528,0.777849951282884,0.6364602710603242,0.6364602710603242,1.0,1.0,0,4104,0.0,0.3635397289396758,1274,3726,0.8202511773940345,0.24745034889962425,229,42551,27347,0.304164990675394,16030,10620,1.509416195856874,27736,22804,0.2862217154885108,9840,8801,1.1180547665038063,8.35464520256383,29.5296461204668,1.8480400596942292,7.810249675906654,0.5246175178021668,0.8245877061469266,0.6412562713666238,0.5657681370590586,0.8909569605441182,0.6920661428792942
HRF,06_dr.jpg,baseline,structure_filtered,800,1200,72476,83548,14,259,0.5884607496282623,0.4168929411444191,0.6334096804459407,0.957588752529509,0.5494685689663427,37641,26569,0.5193581323472598,0.3665903195540593,0.5692015209125475,0.3978208875896891,0.3978208875896891,1.0,1.0,0,6798,0.0,0.602179112410311,1274,494,0.29356357927786497,0.4230769230769231,900,17006,27347,0.2048122280323253,6314,10620,0.5945386064030131,14843,22804,0.2175934046658481,5403,8801,0.6139075105101693,3.580093471945945,19.4164878389476,13.293843553928665,58.82176467941097,0.7993649300246972,0.5147182506307821,0.6262125936239059,0.83294131483006,0.5544301020221597,0.6657305066980386
HRF,06_dr.jpg,multiscale_line,raw,800,1200,72476,182795,0,0,0.4553121976252688,0.29476001359322773,0.8018378497709586,0.8595181651425764,0.317918980278454,124681,14362,1.720307412108836,0.19816215022904135,0.7807538611081111,0.6403578704934006,0.6403578704934006,1.0,1.0,0,4060,0.0,0.35964212950659935,1274,3703,0.8171114599686028,0.2484472049689441,233,43233,27347,0.3061030460379566,16041,10620,1.51045197740113,28579,22804,0.2911331345378004,9968,8801,1.1325985683445063,8.413690137855587,29.732137494637012,1.8275005090880714,7.810249675906654,0.5191636018781949,0.8269279994149267,0.6378628590472835,0.5616311613813522,0.8922368084250558,0.6893445695893293
HRF,06_dr.jpg,multiscale_line,structure_filtered,800,1200,72476,94277,16,233,0.576073593878371,0.40456697158066746,0.6627159335504167,0.9478932400701277,0.5094667840512532,46246,24445,0.6380870908990562,0.3372840664495833,0.5870204643594719,0.41544866684383025,0.41544866684383025,1.0,1.0,0,6599,0.0,0.5845513331561697,1274,588,0.3116169544740973,0.38605442176870747,877,18941,27347,0.21351519362270086,6950,10620,0.6544256120527306,16404,22804,0.2258814243115243,5891,8801,0.6693557550278377,4.0353378017210115,22.0,11.297957880190175,48.507731342539614,0.7699171110289847,0.5483233992759717,0.6404955153175911,0.8055012934903121,0.5888031593959118,0.680312976872191
HRF,06_dr.jpg,clean_recovery,raw,800,1200,72476,185636,0,0,0.45274144557401436,0.2926087849241047,0.8061841161211988,0.8566720449249823,0.31475037169514536,127207,14047,1.7551603289364754,0.19381588387880125,0.7825289835535185,0.6427495792364248,0.6427495792364248,1.0,1.0,0,4033,0.0,0.35725042076357516,1274,3704,0.814756671899529,0.2473002159827214,236,43085,27347,0.30434782608695654,15938,10620,1.5007532956685499,28499,22804,0.28898438870373616,9889,8801,1.1236223156459493,8.388857838424238,29.68164415931166,1.8375907268956078,7.810249675906654,0.5200185679470813,0.8260869565217391,0.6382568800461793,0.5628641058372984,0.8921271071781183,0.6902396687803318
HRF,06_dr.jpg,clean_recovery,structure_filtered,800,1200,72476,95936,13,239,0.5720138707455525,0.4005738284336147,0.6645924168000441,0.9461772301368752,0.502074299533022,47769,24309,0.6591009437606932,0.33540758319995584,0.5952840166739252,0.42377535654176635,0.42377535654176635,1.0,1.0,0,6505,0.0,0.5762246434582337,1274,588,0.32339089481946626,0.38945578231292516,862,18799,27347,0.20890774125132555,6782,10620,0.6386064030131827,16265,22804,0.2203560778810735,5763,8801,0.6548119531871378,3.8757879775943387,20.024984394500787,12.242199399877407,57.77801247412554,0.7712112346401404,0.5442278860569715,0.6381361985177458,0.8084472578328634,0.5855121219877866,0.6791527447662501
HRF,06_dr.jpg,connected_recovery,raw,800,1200,72476,193403,0,0,0.4441945396214067,0.2855077649061056,0.8147662674540538,0.8486215584029277,0.3053261841853539,134352,13425,1.853744687896683,0.18523373254594624,0.7887988841800333,0.6512534325449553,0.6512534325449553,1.0,1.0,0,3937,0.0,0.34874656745504473,1274,3689,0.8124018838304553,0.24722146923285443,239,44622,27347,0.3044940944162065,16052,10620,1.5114877589453861,30187,22804,0.2927995088580951,10172,8801,1.1557777525281219,8.472561181663968,30.066592756745816,1.7963751862776505,7.615773105863909,0.5148357312536417,0.8328884338318645,0.6363330672449925,0.5612478149791582,0.8971733645372436,0.6905228716864844
HRF,06_dr.jpg,connected_recovery,structure_filtered,800,1200,72476,121215,10,203,0.5400870458617075,0.36994469042196537,0.7216871792041504,0.9223570292183648,0.43150600173245884,68910,20171,0.9507975053810916,0.2783128207958497,0.6496411483253588,0.4810877845690495,0.4810877845690495,1.0,1.0,0,5858,0.0,0.5189122154309505,1274,793,0.36577708006279436,0.35813366960907944,808,23474,27347,0.23757633378432735,8318,10620,0.7832391713747646,20104,22804,0.2504385195579723,6942,8801,0.7887740029542097,4.323433492120056,21.18962010041709,7.171882716504904,33.0,0.730212149612337,0.6331224631586646,0.6782101920691141,0.7751980915054955,0.6785387793907924,0.723654985061924
HRF,06_g.jpg,baseline,raw,800,1200,65670,144969,0,0,0.5557755211523032,0.38482627132572894,0.8913354652048119,0.9033522301611262,0.40376908166573544,86435,7136,1.316202223237399,0.10866453479518806,0.7710382038116788,0.6273898881178304,0.6273898881178304,1.0,1.0,0,2631,0.0,0.37261011188216964,921,2490,0.7285559174809989,0.20200803212851406,250,31921,21040,0.3849334600760456,12209,8421,1.4498278114238214,22429,18047,0.39136698620269295,8326,7225,1.1523875432525952,7.921251032112565,29.68164415931166,1.4751905119799182,7.0,0.5801196704363898,0.8772813688212928,0.6984051264569051,0.6069358729363116,0.9212452471482889,0.7317676954881118
HRF,06_g.jpg,baseline,structure_filtered,800,1200,65670,87284,3,167,0.7074283771591459,0.5473030388864161,0.8238465052535404,0.9628973645075084,0.6198386875028642,33182,11568,0.505283995736257,0.17615349474645958,0.600257706412925,0.4288344427134967,0.4288344427134967,1.0,1.0,0,4033,0.0,0.5711655572865033,921,264,0.1748099891422367,0.375,760,15086,21040,0.3224334600760456,5929,8421,0.7040731504571903,13881,18047,0.3530226630464897,5412,7225,0.7490657439446367,1.1680354143293812,4.123105625617661,8.822000222887361,44.298979823782346,0.9427283574174732,0.6920627376425855,0.7981780300358995,0.9553891024791197,0.7180608365019011,0.8198960508238278
HRF,06_g.jpg,multiscale_line,raw,800,1200,65670,147763,0,0,0.552210764033678,0.3814165420736167,0.8973656159585808,0.9006708932944215,0.39881431752197777,88833,6740,1.3527181361352216,0.10263438404141921,0.7762564991334489,0.6343294150970118,0.6343294150970118,1.0,1.0,0,2582,0.0,0.36567058490298826,921,2494,0.7220412595005429,0.2020850040096231,256,32105,21040,0.3821768060836502,12210,8421,1.4499465621660135,22634,18047,0.39014794702720673,8354,7225,1.1562629757785468,7.919795628300888,29.68164415931166,1.4710275563433464,7.0,0.5791621242797073,0.8781844106463879,0.6979961685023354,0.6075689144992992,0.9223859315589353,0.7325876585580698
HRF,06_g.jpg,multiscale_line,structure_filtered,800,1200,65670,94616,8,145,0.6957812909424403,0.5334851326011251,0.8491244099284301,0.9565551865642437,0.5893506383698317,38854,9908,0.5916552459266027,0.15087559007156998,0.6345000966930961,0.4646650616060048,0.4646650616060048,1.0,1.0,0,3780,0.0,0.5353349383939952,921,328,0.1965255157437568,0.32926829268292684,740,16429,21040,0.33360266159695817,6245,8421,0.7415983849899062,14968,18047,0.3630520308084446,5661,7225,0.7835294117647059,1.4773041307643253,7.615773105863909,6.46226365193504,33.54101966249684,0.9219063850508248,0.7337452471482889,0.8171337679874334,0.9376711911863169,0.761787072243346,0.8406276362671248
HRF,06_g.jpg,clean_recovery,raw,800,1200,65670,152559,0,0,0.5428609396551329,0.3725525959935847,0.9019948225978377,0.8956481388301857,0.3882694564070294,93325,6436,1.4211207552916096,0.09800517740216233,0.7796405115796751,0.6388613510834159,0.6388613510834159,1.0,1.0,0,2550,0.0,0.36113864891658404,921,2491,0.7166123778501629,0.19991971095945404,261,32132,21040,0.377328897338403,12168,8421,1.4449590309939437,22705,18047,0.3841081620213886,8328,7225,1.1526643598615918,7.895796208332294,29.614185789921695,1.4790239303466084,7.0,0.5804805178638118,0.8783745247148289,0.6990129712731319,0.6091746545499813,0.9221958174904943,0.7336935494108981
HRF,06_g.jpg,clean_recovery,structure_filtered,800,1200,65670,100546,8,138,0.6758916109159167,0.5104503653084221,0.8553677478300594,0.9503829682555657,0.5586696636365445,44374,9498,0.6757118927973199,0.1446322521699406,0.646540157178455,0.47769437756691685,0.47769437756691685,1.0,1.0,0,3688,0.0,0.5223056224330831,921,350,0.21281216069489686,0.32857142857142857,725,16769,21040,0.33070342205323194,6336,8421,0.7524047025293908,15234,18047,0.35784340887682164,5719,7225,0.7915570934256055,1.6334014573616524,9.219544457292887,6.274859443755783,32.449961479175904,0.9122786093386607,0.7392110266159696,0.8166765236515799,0.9286182837378496,0.7668726235741445,0.8400303846842415
HRF,06_g.jpg,connected_recovery,raw,800,1200,65670,162603,0,0,0.5235748424036132,0.354623354736105,0.909989340642607,0.8850044167141883,0.367514744500409,102844,5911,1.566072788183341,0.09001065935739302,0.7863526985218288,0.6479252230562244,0.6479252230562244,1.0,1.0,0,2486,0.0,0.35207477694377565,921,2487,0.7187839305103149,0.20064334539605952,259,32790,21040,0.36777566539923956,12208,8421,1.4497090606816292,23404,18047,0.37585194215105006,8415,7225,1.1647058823529413,7.863137045421165,29.53895612717362,1.4721854652052881,7.0,0.5793229643183897,0.8839828897338403,0.699937865579079,0.611619396157365,0.9242395437262357,0.7361129553752382
HRF,06_g.jpg,connected_recovery,structure_filtered,800,1200,65670,112213,13,122,0.646784684314971,0.47796139817376637,0.8759859905588548,0.9388514306799504,0.5126500494595101,54687,8144,0.8327546825034262,0.12401400944114511,0.6719954861764152,0.506018977481943,0.506018977481943,1.0,1.0,0,3488,0.0,0.4939810225180569,921,405,0.249728555917481,0.3333333333333333,691,17859,21040,0.32590304182509505,6634,8421,0.7877924237026481,16138,18047,0.35219149997229454,5941,7225,0.8222837370242214,1.8833060251295863,10.770329614269007,5.697222255160761,30.610455730027933,0.895178901394255,0.7659695817490494,0.8255490892590831,0.9167366593874237,0.793393536121673,0.8506170369879172
HRF,06_h.jpg,baseline,raw,800,1200,97298,159748,0,0,0.6710394248500269,0.5049355393964942,0.8863902649591975,0.9147979255872828,0.539875303603175,73504,11054,0.755452321733232,0.11360973504080249,0.7474370922646785,0.5967261904761905,0.5967261904761905,1.0,1.0,0,2168,0.0,0.40327380952380953,310,2369,0.8064516129032258,0.21317011397214014,60,35971,26358,0.49658547689506033,13600,10097,1.3469347330890364,26720,24598,0.47877876250101636,9804,9370,1.0463180362860192,5.349466047750773,22.47220505424423,1.1981145699280458,6.324555320336759,0.6534152511745572,0.8952120798239623,0.7554370432239664,0.6846904450807595,0.9305713635328933,0.7889164687470721
HRF,06_h.jpg,baseline,structure_filtered,800,1200,97298,118523,8,101,0.7578224547194202,0.6100757960072812,0.8404797632017103,0.9574059176865244,0.6899673481096497,36746,15521,0.37766449464531643,0.15952023679828978,0.5629510825982358,0.39174107142857145,0.39174107142857145,1.0,1.0,0,3270,0.0,0.6082589285714286,310,515,0.432258064516129,0.3067961165048544,176,23978,26358,0.44684725699977235,9035,10097,0.8948202436367237,21715,24598,0.45113423855598017,8096,9370,0.864034151547492,2.2238789548911804,13.92838827718412,3.7825348317943,22.032916518869484,0.8541579781466344,0.7885272023674027,0.820031505582828,0.880598882308783,0.8169056832840125,0.8475573453322406
HRF,06_h.jpg,multiscale_line,raw,800,1200,97298,160585,0,0,0.6709864550978545,0.5048755580194322,0.8892063557318752,0.9141453248050891,0.5387676308497058,74067,10780,0.7612386688318362,0.11079364426812473,0.7481662591687042,0.59765625,0.59765625,1.0,1.0,0,2163,0.0,0.40234375,310,2364,0.8064516129032258,0.2131979695431472,60,36018,26358,0.4958266939828515,13564,10097,1.3433693176190948,26797,24598,0.4790226847711196,9779,9370,1.043649946638207,5.345270146560494,22.47220505424423,1.1982895343658273,6.324555320336759,0.6537842190016103,0.8955914712800668,0.7558187136509069,0.6851018934976956,0.9305334243872828,0.7891758789293913
HRF,06_h.jpg,multiscale_line,structure_filtered,800,1200,97298,119830,9,98,0.7558582955675914,0.6075339271039246,0.8433780756027873,0.9562177901523353,0.6847951264291079,37771,15239,0.3881991407839832,0.15662192439721268,0.5639107786830506,0.39267113095238093,0.39267113095238093,1.0,1.0,0,3265,0.0,0.6073288690476191,310,522,0.432258064516129,0.30268199233716475,176,24148,26358,0.44639198725244705,9039,10097,0.8952164009111617,21878,24598,0.45190665907797384,8093,9370,0.8637139807897546,2.2802566659700996,14.142135623730951,3.7776358296072323,22.02271554554524,0.850091104853404,0.7889445329691175,0.8183772386923439,0.8765115123405665,0.8170195007208437,0.8457205597835643
HRF,06_h.jpg,clean_recovery,raw,800,1200,97298,163211,0,0,0.6679845993804436,0.5014841413017792,0.8942424304713354,0.9116693829387205,0.5331013228275056,76203,10290,0.7831918436144628,0.10575756952866451,0.7509293680297398,0.6011904761904762,0.6011904761904762,1.0,1.0,0,2144,0.0,0.39880952380952384,310,2369,0.8032258064516129,0.21401435204727734,61,36071,26358,0.49271568404279537,13512,10097,1.3382192730514013,26842,24598,0.4760956175298805,9735,9370,1.0389541088580576,5.345078213033888,22.360679774997898,1.1996076705457566,6.324555320336759,0.6536830140556126,0.8966917065027695,0.7561425371722947,0.6853427961520335,0.930723120115335,0.7894039211673562
HRF,06_h.jpg,clean_recovery,structure_filtered,800,1200,97298,123169,9,96,0.75110560764196,0.6014164305949008,0.8509630208226274,0.9532028440875296,0.6722227183788129,40372,14501,0.41493144771732204,0.1490369791773726,0.5774014289494576,0.40587797619047616,0.40587797619047616,1.0,1.0,0,3194,0.0,0.5941220238095238,310,538,0.43548387096774194,0.3048327137546468,175,24359,26358,0.4447606039911981,9060,10097,0.897296226601961,22021,24598,0.4496300512236767,8091,9370,0.8635005336179296,2.2866362671197042,14.142135623730951,3.5767704528059334,21.0,0.8493780532862597,0.7948251005387359,0.8211965717595305,0.8760622357239624,0.8227862508536308,0.8485888743355529
HRF,06_h.jpg,connected_recovery,raw,800,1200,97298,169365,0,0,0.6594015667715432,0.4918710558116636,0.9036054184053115,0.9055919657077415,0.5191096153278423,81446,9379,0.8370778433266871,0.09639458159468849,0.754257907542579,0.60546875,0.60546875,1.0,1.0,0,2121,0.0,0.39453125,310,2351,0.8032258064516129,0.21182475542322415,61,36367,26358,0.4879353516958798,13485,10097,1.3355452114489452,27250,24598,0.47410358565737054,9765,9370,1.0421558164354323,5.330280305754338,22.360679774997898,1.190715310334964,6.324555320336759,0.6549344185662827,0.8994992032779422,0.7579776703500957,0.6874639095883631,0.9321648076485317,0.7913290944112265
HRF,06_h.jpg,connected_recovery,structure_filtered,800,1200,97298,134146,10,81,0.735408997424863,0.5815390082068593,0.8746634052087402,0.9431518647226969,0.6344057966693006,49043,12195,0.504049415198668,0.12533659479125983,0.6079751424132573,0.4367559523809524,0.4367559523809524,1.0,1.0,0,3028,0.0,0.5632440476190477,310,580,0.47096774193548385,0.3120689655172414,164,25564,26358,0.4492753623188406,9390,10097,0.929979201743092,23050,24598,0.4548743800308968,8352,9370,0.8913553895410886,2.451465400656072,15.033296378372908,2.9137375547343143,18.0,0.838092630261305,0.8190302754381972,0.8284518130124908,0.8659051791581912,0.846384399423325,0.8560335169784624
HRF,07_dr.jpg,baseline,raw,800,1200,74729,156517,0,0,0.5714606955363553,0.40003148233356745,0.8841815091865273,0.8978358039515584,0.42215222627574,90443,8655,1.2102798110505961,0.11581849081347269,0.789495904753863,0.6522042410714286,0.6522042410714286,1.0,1.0,0,2493,0.0,0.34779575892857145,861,2366,0.727061556329849,0.22358410819949281,235,33884,23174,0.37434193492707346,12895,8905,1.4480628860190905,24572,20172,0.3742811818362086,8953,7738,1.1570173171362108,6.513367657237494,25.079872407968907,1.3329517659935228,6.0,0.63295360642191,0.9013118149650471,0.7436634572355664,0.6602526266084288,0.9383360662811772,0.77510726199832
HRF,07_dr.jpg,baseline,structure_filtered,800,1200,74729,102759,5,115,0.6943004597493915,0.5317459632528717,0.8245125720938323,0.9535238362038291,0.5996068470888195,41144,13114,0.5505760815747568,0.17548742790616761,0.6452466452466452,0.47628348214285715,0.47628348214285715,1.0,1.0,0,3754,0.0,0.5237165178571429,861,353,0.2508710801393728,0.3937677053824363,645,18479,23174,0.3175110037110555,6904,8905,0.7752947782144862,16925,20172,0.3347213959944477,6263,7738,0.8093822693202378,1.4248985105531684,5.656854249492381,6.915658374420395,41.0,0.9294875263812977,0.742426857685337,0.8254926329307547,0.9476162129985389,0.7664192629671184,0.8474402423122119
HRF,07_dr.jpg,multiscale_line,raw,800,1200,74729,158124,0,0,0.570789296251283,0.3993737905503672,0.8892799314857686,0.8964509172897339,0.420271432546609,91669,8274,1.2266857578717767,0.11072006851423143,0.7900067521944631,0.6529017857142857,0.6529017857142857,1.0,1.0,0,2488,0.0,0.3470982142857143,861,2368,0.727061556329849,0.22508445945945946,235,34040,23174,0.37516181928022785,12853,8905,1.4433464345873106,24758,20172,0.37601626016260165,8940,7738,1.1553372964590334,6.545336440528315,25.079872407968907,1.3255533625888607,6.0,0.6293184488836663,0.9019159402778977,0.7413526558398789,0.6571092831962397,0.9384655217053595,0.7729808773337016
HRF,07_dr.jpg,multiscale_line,structure_filtered,800,1200,74729,104186,5,114,0.6914456585529442,0.5284042371433453,0.8277241766917797,0.952183003848539,0.5936978096865222,42331,12874,0.5664601426487709,0.17227582330822036,0.6489492036565828,0.48032924107142855,0.48032924107142855,1.0,1.0,0,3725,0.0,0.5196707589285714,861,358,0.2578397212543554,0.3994413407821229,639,18581,23174,0.3166479675498403,6889,8905,0.7736103312745648,17017,20172,0.334225659329764,6244,7738,0.8069268544843629,1.468777128243853,6.082762530298219,6.8913949493300555,41.02072482081104,0.9263225875894732,0.7439371709674636,0.8251720149325286,0.9440826650879931,0.7676275135928196,0.846759968893912
HRF,07_dr.jpg,clean_recovery,raw,800,1200,74729,160254,0,0,0.5689603077669448,0.397585273738365,0.8945389340149072,0.8944888062525487,0.41713779375241805,93406,7881,1.2499297461494199,0.1054610659850928,0.7909251918697816,0.6541573660714286,0.6541573660714286,1.0,1.0,0,2479,0.0,0.34584263392857145,861,2342,0.7317073170731707,0.22630230572160548,231,33846,23174,0.3743850867351342,12783,8905,1.4354856822010107,24628,20172,0.3763632758278802,8891,7738,1.1490049108296718,6.538210494192164,25.079872407968907,1.3225137268518417,6.0,0.6311233232878332,0.9018296366617762,0.7425742761841155,0.6574779885363116,0.9387675843617848,0.7733384305632546
HRF,07_dr.jpg,clean_recovery,structure_filtered,800,1200,74729,106250,8,110,0.6880908834726681,0.5244958471620871,0.8332106678799395,0.9503146494124398,0.5860235294117647,43985,12464,0.5885934510029573,0.16678933212006047,0.6556639159789948,0.4877232142857143,0.4877232142857143,1.0,1.0,0,3672,0.0,0.5122767857142857,861,360,0.27990708478513354,0.4166666666666667,620,18561,23174,0.31798567359972385,6859,8905,0.7702414373947221,16986,20172,0.33601031132262543,6215,7738,0.8031791160506591,1.4341693878412973,6.0,6.8711200350984605,41.10960958218893,0.9275901082915791,0.7466125830672306,0.8273197150544573,0.9449383115133883,0.7706912919651333,0.8489661482304003
HRF,07_dr.jpg,connected_recovery,raw,800,1200,74729,166303,0,0,0.559485877393873,0.3883931914403387,0.902286930107455,0.8883099073617006,0.4054466846659411,98876,7302,1.3231275676109677,0.09771306989254507,0.7944836865119408,0.6590401785714286,0.6590401785714286,1.0,1.0,0,2444,0.0,0.34095982142857145,861,2385,0.7375145180023229,0.2272536687631027,226,34541,23174,0.3724432553724001,12855,8905,1.4435710275126334,25290,20172,0.37606583382907,8958,7738,1.1576634789351254,6.592173427336386,25.079872407968907,1.3037986466469889,5.830951894845301,0.6259228163631626,0.9058427548114266,0.7403060350011081,0.6548160157493993,0.9402778976439112,0.772003480751279
HRF,07_dr.jpg,connected_recovery,structure_filtered,800,1200,74729,112381,13,99,0.6736465180909625,0.5078936552580045,0.8433539857351229,0.9442453214891259,0.560797643729812,49358,11706,0.6604932489395015,0.1566460142648771,0.6728383632660618,0.5069754464285714,0.5069754464285714,1.0,1.0,0,3534,0.0,0.49302455357142855,861,404,0.3147502903600465,0.4282178217821782,590,19315,23174,0.3194096832657288,7026,8905,0.7889949466591802,17617,20172,0.33710093198492963,6315,7738,0.8161023520289481,1.6015378416684092,7.674116076876591,6.610474908720468,40.829519872616906,0.9150401242557598,0.7606800724950376,0.8307506102801386,0.9348174993528345,0.7836368343833606,0.8525771229850808
HRF,07_g.jpg,baseline,raw,800,1200,62492,163062,0,0,0.4946664656800589,0.32860921144863253,0.8927062664020995,0.8804746030118952,0.3421214016754363,107275,6705,1.7166197273250976,0.10729373359790054,0.8046413788423695,0.6731380563124433,0.6731380563124433,1.0,1.0,0,2879,0.0,0.3268619436875568,1130,2927,0.7716814159292036,0.26955927570891697,258,37504,22268,0.41117298365367344,14103,9226,1.5286147843052245,26133,18587,0.4226609996233927,9428,7759,1.2151050393091893,7.748290304393938,26.40075756488817,1.4170117169174927,7.0,0.5249306740614335,0.8731363391413688,0.6556710697336585,0.5616734215017065,0.9196604993712951,0.6974104245144446
HRF,07_g.jpg,baseline,structure_filtered,800,1200,62492,100202,16,180,0.649599862318217,0.4810425030268273,0.8455962363182488,0.9472327823261742,0.5273647232590167,47359,9649,0.757841003648467,0.15440376368175127,0.6931750741839763,0.5304268846503178,0.5304268846503178,1.0,1.0,0,4136,0.0,0.4695731153496821,1130,599,0.29646017699115046,0.36894824707846413,795,20233,22268,0.3649631758577331,7644,9226,0.8285280728376327,17770,18587,0.3991499435089041,6641,7759,0.8559092666580745,3.249642216201175,18.601075237738275,5.55229760191267,29.102395009753277,0.8092225572085208,0.7427698940183223,0.7745735523131811,0.8363564473879306,0.7696245733788396,0.8016040858393892
HRF,07_g.jpg,multiscale_line,raw,800,1200,62492,166867,0,0,0.4904102302503935,0.3248632443579272,0.8999551942648659,0.8767398173609594,0.3370348840693486,110627,6252,1.7702585930999168,0.10004480573513409,0.8087638625912902,0.678928247048138,0.678928247048138,1.0,1.0,0,2828,0.0,0.32107175295186197,1130,2923,0.772566371681416,0.26992815600410536,257,37785,22268,0.40883779414406324,14104,9226,1.5287231736397138,26477,18587,0.42239199440469144,9464,7759,1.2197448124758346,7.725012159051906,26.40075756488817,1.415665811041787,7.0,0.5254730713245997,0.8746182863301599,0.6565119549404353,0.5633187772925764,0.9200197592958506,0.6987810174250852
HRF,07_g.jpg,multiscale_line,structure_filtered,800,1200,62492,107607,14,172,0.6278696523789088,0.45758746861584076,0.8545093772002816,0.9396027667719954,0.4962502439432379,54207,9092,0.8674230301478589,0.14549062279971836,0.7045153699073393,0.5438237965485921,0.5438237965485921,1.0,1.0,0,4018,0.0,0.4561762034514078,1130,631,0.31150442477876106,0.37400950871632327,778,21683,22268,0.3623585414047063,8081,9226,0.8758942120095382,19121,18587,0.3964060902781514,7046,7759,0.9081067147828329,4.162037997047349,22.67156809750927,5.097602285613448,27.85677655436824,0.7662685052806346,0.7479342554338063,0.7569903830964285,0.7977217174745193,0.7765403269265313,0.7869885264492169
HRF,07_g.jpg,clean_recovery,raw,800,1200,62492,171662,0,0,0.48269087865251076,0.3181229664155999,0.9043077513921782,0.8717003079638287,0.32920506576877817,115150,5980,1.842635857389746,0.0956922486078218,0.8111755972465919,0.6823342415985467,0.6823342415985467,1.0,1.0,0,2798,0.0,0.3176657584014532,1130,2918,0.7672566371681416,0.2690198766278273,263,37787,22268,0.40183222561523263,14029,9226,1.5205939735530023,26512,18587,0.41399903158121265,9399,7759,1.2113674442582807,7.722358184284222,26.40075756488817,1.4238783442210454,7.0,0.5266626088337258,0.8755613436321178,0.6577058117148171,0.5642416704157515,0.9204688342015448,0.6996203919354538
HRF,07_g.jpg,clean_recovery,structure_filtered,800,1200,62492,110198,14,174,0.6217847009091435,0.4511520814776222,0.8591179670997888,0.937036772931272,0.48719577487794696,56510,8804,0.9042757472956539,0.14088203290021123,0.7054673721340388,0.5449591280653951,0.5449591280653951,1.0,1.0,0,4008,0.0,0.4550408719346049,1130,613,0.3053097345132743,0.36867862969004894,785,20679,22268,0.35481408298904255,7653,9226,0.8295035768480381,18151,18587,0.38779792327971163,6608,7759,0.8516561412553164,3.3424393424053287,18.439088914585774,5.479306376219789,29.068883707497267,0.8001837613037381,0.7479791629243758,0.7732012834037608,0.8295855699018327,0.776181067001976,0.8019952563685246
HRF,07_g.jpg,connected_recovery,raw,800,1200,62492,181630,0,0,0.46602108781674734,0.3037988880521686,0.9102445112974461,0.8610073670652518,0.3131806419644332,124747,5609,1.9962075145618638,0.08975548870255393,0.8154922001075847,0.6884650317892824,0.6884650317892824,1.0,1.0,0,2744,0.0,0.3115349682107175,1130,2909,0.7663716814159292,0.2677896184255758,264,38443,22268,0.3918178552182504,14028,9226,1.520485584218513,27249,18587,0.4053908645827729,9478,7759,1.2215491687073077,7.708442843421859,26.39127109599267,1.427291393231921,6.708203932499369,0.5244647920297584,0.8763696784623676,0.6562160638358383,0.5667351663501808,0.9217711514280582,0.7019118704462316
HRF,07_g.jpg,connected_recovery,structure_filtered,800,1200,62492,122657,15,159,0.5894495784476287,0.417886216218286,0.873199769570505,0.9241354951710736,0.4448828847925516,68089,7924,1.0895634641234078,0.12680023042949498,0.7228304212281592,0.5659627611262489,0.5659627611262489,1.0,1.0,0,3823,0.0,0.4340372388737511,1130,669,0.3053097345132743,0.3482810164424514,785,22021,22268,0.3530177833662655,7990,9226,0.866030782570995,19255,18587,0.38419325334911497,6874,7759,0.8859389096533058,3.733812720223481,19.849433241279208,4.814559979993101,25.298221281347036,0.7754416239044548,0.7641458595293695,0.7697523038986036,0.809136733118387,0.7929764684749416,0.8009750977689487
HRF,07_h.jpg,baseline,raw,800,1200,85497,148694,0,0,0.6544657992834908,0.486398486887202,0.896347240254044,0.9176000539735141,0.5153873054729848,72059,8862,0.8428248944407406,0.103652759745956,0.8001159588346137,0.6668277361681566,0.6668277361681566,1.0,1.0,0,1379,0.0,0.33317226383184345,219,2518,0.8858447488584474,0.15766481334392374,25,33793,21701,0.4981798073821483,12771,7956,1.6052036199095023,23933,20440,0.4662915851272016,8635,7403,1.1664190193164934,7.506433384593749,28.0,0.9271727627374662,4.123105625617661,0.5998579587488533,0.9306483572185613,0.7295060700500702,0.6224070073683899,0.9619372379153034,0.7557908949514599
HRF,07_h.jpg,baseline,structure_filtered,800,1200,85497,97751,8,144,0.7842377543001834,0.6450584866194464,0.8404388458074552,0.9703877516715208,0.7350819940460968,25896,13642,0.3028878206252851,0.15956115419254477,0.6049882035726323,0.4336796327615366,0.4336796327615366,1.0,1.0,0,2344,0.0,0.5663203672384634,219,360,0.4018264840182648,0.32222222222222224,131,18654,21701,0.43034883185106676,6838,7956,0.8594771241830066,17055,20440,0.4278375733855186,6171,7403,0.8335809806835067,1.821042582329689,10.198039027185569,4.829234109183508,29.832867780352597,0.9054894392623566,0.784986866964656,0.8409432482169179,0.9245202101425968,0.8073821482880973,0.8619898342041128
HRF,07_h.jpg,multiscale_line,raw,800,1200,85497,151050,0,0,0.6544407665284278,0.48637083396169506,0.9053300115793537,0.9157841654059505,0.5124329692154915,73647,8094,0.8613986455665111,0.09466998842064633,0.8025459279618111,0.6702101956994443,0.6702101956994443,1.0,1.0,0,1365,0.0,0.3297898043005557,219,2516,0.8858447488584474,0.15977742448330684,25,34035,21701,0.4934795631537717,12708,7956,1.5972850678733033,24250,20440,0.4629158512720157,8619,7403,1.164257733351344,7.49691225989968,28.0,0.9127609750525655,4.123105625617661,0.5987953577199941,0.9341504999769595,0.7297909185630156,0.6232995445864551,0.9629049352564398,0.7567475886650294
HRF,07_h.jpg,multiscale_line,structure_filtered,800,1200,85497,103600,11,127,0.7807421587862314,0.6403421264931167,0.8633987157444121,0.9659440848116015,0.7125289575289575,29782,11679,0.3483397078260056,0.13660128425558793,0.6253736300232481,0.45494080695820244,0.45494080695820244,1.0,1.0,0,2256,0.0,0.5450591930417975,219,405,0.4383561643835616,0.3308641975308642,123,19749,21701,0.4381825722316944,7145,7956,0.8980643539467069,17993,20440,0.4347358121330724,6411,7403,0.8660002701607457,2.0457028448550076,12.696397493084005,3.843085937479348,25.059928172283335,0.8914881766165376,0.8143864338048938,0.851194891463458,0.9127044407311763,0.8358600986129672,0.8725937266464322
HRF,07_h.jpg,clean_recovery,raw,800,1200,85497,154804,0,0,0.6502428204626698,0.4817479990627351,0.9137981449641508,0.9123193402424006,0.5046833415157231,76677,7370,0.8968384855608968,0.0862018550358492,0.8047935316199827,0.6733510509784972,0.6733510509784972,1.0,1.0,0,1352,0.0,0.32664894902150277,219,2508,0.8858447488584474,0.15829346092503987,25,33984,21701,0.48748905580388,12684,7956,1.594268476621418,24226,20440,0.4583170254403131,8605,7403,1.1623666081318385,7.4898913252596335,28.0,0.920654772224995,4.123105625617661,0.5996056967984934,0.9343809041058015,0.7304628511765208,0.6236758474576272,0.9628588544306714,0.7570106235992167
HRF,07_h.jpg,clean_recovery,structure_filtered,800,1200,85497,106826,13,124,0.771129818066482,0.6275112126597275,0.8673169818824052,0.962638207073046,0.6941474921835509,32673,11344,0.38215375978104493,0.13268301811759478,0.6303772336201191,0.4602561005073689,0.4602561005073689,1.0,1.0,0,2234,0.0,0.539743899492631,219,399,0.4337899543378995,0.3157894736842105,124,19540,21701,0.4271692548730473,7061,7956,0.887506284565108,17797,20440,0.4251956947162427,6343,7403,0.8568148048088613,2.00356414378587,12.529964086141668,4.07234877457062,25.612496949731394,0.8930910951893551,0.8077047140684761,0.8482545450200683,0.9140736949846469,0.8299617529146123,0.8699894340982637
HRF,07_h.jpg,connected_recovery,raw,800,1200,85497,163714,0,0,0.6355979471211143,0.46584358751146976,0.9263365966057289,0.9033565350833559,0.4837643695713256,84515,6298,0.9885142168731067,0.07366340339427115,0.8125089657151054,0.684223242329065,0.684223242329065,1.0,1.0,0,1307,0.0,0.315776757670935,219,2501,0.8812785388127854,0.15673730507796882,26,34576,21701,0.4787336989078844,12683,7956,1.594142785319256,24980,20440,0.45430528375733853,8687,7403,1.1734431987032283,7.481769099603776,28.0178514522438,0.9126145875384195,4.0,0.597697825080981,0.9365467029169162,0.7297036648397571,0.6260122628412772,0.9657619464540804,0.7596288693901488
HRF,07_h.jpg,connected_recovery,structure_filtered,800,1200,85497,120248,9,104,0.7450970861989356,0.5937487896510322,0.8965226850064915,0.9501453968711371,0.6374326392122945,43598,8847,0.5099360211469408,0.10347731499350854,0.6822667940146451,0.5177579125392607,0.5177579125392607,1.0,1.0,0,1996,0.0,0.4822420874607393,219,501,0.502283105022831,0.3033932135728543,109,21329,21701,0.43371273213215983,7544,7956,0.9482151835093011,19230,20440,0.42915851272015654,6678,7403,0.902066729704174,2.439354482533735,16.35225991855374,3.01903305144351,20.8806130178211,0.865206995170894,0.846274365236625,0.8556359625934717,0.89118102114492,0.8702363946361918,0.8805841839203544
HRF,08_dr.jpg,baseline,raw,800,1200,72228,194295,0,0,0.47427051323900754,0.3108483629334894,0.8750346126156061,0.8523348337185673,0.32528886487042896,131093,9026,1.8149886470620813,0.12496538738439386,0.7930946509056893,0.657130777903044,0.657130777903044,1.0,1.0,0,2433,0.0,0.34286922209695603,1041,3079,0.8069164265129684,0.20428710620331275,201,41214,23024,0.35224113968033355,14911,8589,1.736057748282687,28998,19864,0.35264800644381794,9828,7254,1.3548387096774193,8.46096288098638,28.160255680657446,1.4062847812741217,6.0,0.51222885427282,0.8918954134815844,0.6507323835510598,0.5474838647061678,0.9365879082696317,0.6910269125708725
HRF,08_dr.jpg,baseline,structure_filtered,800,1200,72228,118478,25,214,0.6151458265602551,0.4441953805376751,0.8120950323974082,0.9326155814781273,0.4950792552203785,59822,13572,0.8282383563161101,0.1879049676025918,0.6222696825550917,0.451662908680947,0.451662908680947,1.0,1.0,0,3891,0.0,0.548337091319053,1041,639,0.29971181556195964,0.28482003129890454,729,21707,23024,0.29325920778318276,7782,8589,0.9060426126440796,18986,19864,0.31307893677003623,6638,7254,0.9150813344361731,3.662402017952699,18.601075237738275,6.0206031376341835,32.01327800908958,0.7686921269636523,0.7256341209173037,0.7465427801944866,0.8038881466807942,0.7585128561501042,0.7805416062320059
HRF,08_dr.jpg,multiscale_line,raw,800,1200,72228,195743,0,0,0.47438715383381036,0.31094858372878037,0.8800049842166473,0.8511081674123536,0.3247165926750893,132182,8667,1.830065902420114,0.11999501578335271,0.7944274549779137,0.6589627959413754,0.6589627959413754,1.0,1.0,0,2420,0.0,0.3410372040586246,1041,3081,0.8059558117195005,0.2035053554040896,202,41312,23024,0.35215427380125086,14858,8589,1.7298870648503901,29123,19864,0.3532521143777688,9803,7254,1.351392335263303,8.491401554240879,28.16824314760638,1.4031319757670044,6.0,0.5098518590240124,0.8925034746351633,0.648971833038603,0.5454105344694036,0.9368919388464211,0.6894554145393088
HRF,08_dr.jpg,multiscale_line,structure_filtered,800,1200,72228,125219,25,208,0.6068565235227681,0.4356023150302466,0.8294705654316885,0.9264360669180826,0.47844975602743994,65308,12317,0.9041922800022152,0.17052943456831146,0.6482522144966187,0.47956595264937996,0.47956595264937996,1.0,1.0,0,3693,0.0,0.52043404735062,1041,665,0.30835734870317005,0.281203007518797,720,23169,23024,0.29847116052814454,8272,8589,0.9630923273955059,20351,19864,0.31901933145388645,7099,7254,0.9786324786324786,4.417476582341118,21.37755832643195,5.20809244037459,28.178005607210743,0.7377530320687125,0.7453092425295343,0.7415118878321569,0.7742673399801459,0.7797081306462822,0.7769782106445071
HRF,08_dr.jpg,clean_recovery,raw,800,1200,72228,197752,0,0,0.47359804429957775,0.3102708579027319,0.8851276513263554,0.8492619726686582,0.3232887657267689,133821,8297,1.852757933211497,0.11487234867364457,0.7948369565217391,0.6595264937993236,0.6595264937993236,1.0,1.0,0,2416,0.0,0.34047350620067646,1041,3062,0.8069164265129684,0.2060744611365121,201,41159,23024,0.35376129256428074,14778,8589,1.7205728257073,29041,19864,0.35581957309706,9768,7254,1.3465674110835402,8.48707201541239,28.178005607210743,1.4030060463917,6.0,0.510216477562623,0.8920691452397498,0.6491521693233107,0.5451784542870333,0.9370656706045866,0.6893169691639086
HRF,08_dr.jpg,clean_recovery,structure_filtered,800,1200,72228,131246,26,198,0.6004305218357137,0.42901087170267155,0.8457384947665725,0.9209706996841531,0.46543132743093124,70160,11142,0.9713684443706042,0.1542615052334275,0.6566966398485565,0.48886696730552426,0.48886696730552426,1.0,1.0,0,3627,0.0,0.5111330326944757,1041,695,0.3218059558117195,0.28776978417266186,706,24069,23024,0.3104152189020153,8511,8589,0.9909186168354872,21091,19864,0.3323097060008055,7284,7254,1.0041356492969395,4.553853586791155,22.0,4.396808556565089,25.0,0.7338485188416636,0.7679812369701181,0.7505270035671623,0.769412937803814,0.8028578874218207,0.7857796963338517
HRF,08_dr.jpg,connected_recovery,raw,800,1200,72228,205300,0,0,0.46404687094635494,0.302123067539353,0.8915240626903694,0.8412801935632122,0.3136531904529956,140907,7835,1.9508639308855291,0.10847593730963061,0.798204759082056,0.6641770011273957,0.6641770011273957,1.0,1.0,0,2383,0.0,0.3358229988726043,1041,3059,0.7934678194044188,0.2020268061457993,215,41880,23024,0.35006949270326615,14879,8589,1.732332052625451,29830,19864,0.35340314136125656,9917,7254,1.3671078025916736,8.52545793741081,28.178005607210743,1.4041946889633499,6.0,0.5068767908309456,0.893589298123697,0.6468413327907238,0.5433619866284622,0.9378040305767894,0.6880620473373588
HRF,08_dr.jpg,connected_recovery,structure_filtered,800,1200,72228,144913,21,181,0.5708733035216749,0.3994560488782619,0.8581159661073268,0.9065829965351464,0.42770489880134976,82933,10248,1.1482112200254748,0.1418840338926732,0.6798139534883721,0.5149379932356257,0.5149379932356257,1.0,1.0,0,3442,0.0,0.4850620067643743,1041,797,0.3515850144092219,0.27603513174404015,675,25872,23024,0.3131514940931202,9012,8589,1.0492490394690883,22479,19864,0.33281312927909784,7641,7254,1.053349875930521,4.998591448031426,23.194827009486403,3.9661841255335886,22.825424421026653,0.7060142238713667,0.7867876997915219,0.7442156905275947,0.7440089672232529,0.8222724113968033,0.7811853680064885
HRF,08_g.jpg,baseline,raw,800,1200,65122,169879,0,0,0.5028914770575444,0.3359084991842466,0.9073738521544179,0.876196531817745,0.34783581254893187,110789,6032,1.7012530327692639,0.09262614784558214,0.8333227020475856,0.7142700929469655,0.7142700929469655,1.0,1.0,0,2613,0.0,0.28572990705303447,1200,2749,0.785,0.28992360858494,258,37711,23851,0.4257263846379607,14162,9562,1.4810709056682703,26945,19846,0.4385266552453895,9709,8003,1.21317006122704,6.663272332224214,23.40939982143925,1.2816975958264591,6.324555320336759,0.5714247832197502,0.8917865079032326,0.6965349639501541,0.6079393280475193,0.9319525386776236,0.7358576434860566
HRF,08_g.jpg,baseline,structure_filtered,800,1200,65122,113126,26,180,0.6291683497150038,0.4589683566061519,0.8610607782316267,0.9362460581218892,0.4956773862772484,57052,9048,0.8760787445103038,0.1389392217683732,0.7121532178566399,0.5529797703663204,0.5529797703663204,1.0,1.0,0,4088,0.0,0.4470202296336796,1200,618,0.3458333333333333,0.43527508090614886,785,22978,23851,0.3810322418347239,8683,9562,0.9080736247646936,20291,19846,0.4180691323188552,7532,8003,0.9411470698488067,3.168979602922261,17.08800749063506,4.641478381771401,25.709920264364882,0.79162677343546,0.7672215001467444,0.7792330927445484,0.8223518147793542,0.7944740262462789,0.8081725819822912
HRF,08_g.jpg,multiscale_line,raw,800,1200,65122,171641,0,0,0.5010411255136994,0.33425942101674283,0.910813549952397,0.8744778617867464,0.34557011436661406,112327,5808,1.7248702435428886,0.08918645004760296,0.8347349643221202,0.7163477310005467,0.7163477310005467,1.0,1.0,0,2594,0.0,0.2836522689994532,1200,2744,0.785,0.29008746355685133,258,37854,23851,0.4203178063812838,14160,9562,1.4808617444049361,27132,19846,0.4330343646074776,9741,8003,1.217168561789329,6.66142478565473,23.345235059857504,1.2843720633959408,6.324555320336759,0.5712738416019443,0.8924573393149134,0.6966272760233563,0.608442965076346,0.9325814431260744,0.7364226230429348
HRF,08_g.jpg,multiscale_line,structure_filtered,800,1200,65122,117842,28,172,0.6183620821582387,0.44755726096760157,0.8686618961334112,0.9315292140381147,0.48004107194378914,61273,8553,0.9408955498909739,0.13133810386658887,0.7244577725085432,0.5679606342263532,0.5679606342263532,1.0,1.0,0,3951,0.0,0.4320393657736468,1200,657,0.3575,0.4277016742770167,771,23681,23851,0.37767808477631964,8861,9562,0.9266889772014223,20843,19846,0.4136349894185226,7650,8003,0.9558915406722479,3.3904478723315243,18.027756377319946,4.092355757427756,23.08679276123039,0.7796545753979984,0.7762777242044359,0.7779624853988564,0.8108187998817618,0.8040333738627311,0.8074118310762645
HRF,08_g.jpg,clean_recovery,raw,800,1200,65122,174560,0,0,0.49653290610058326,0.3302585790639205,0.9137465065569239,0.8714294015497085,0.3408856553620532,115055,5617,1.766760848868278,0.08625349344307608,0.8358474953853988,0.7179879715691635,0.7179879715691635,1.0,1.0,0,2579,0.0,0.2820120284308365,1200,2745,0.7816666666666666,0.28816029143898,262,37801,23851,0.4135256383380152,14102,9562,1.4747960677682492,27093,19846,0.4257784944069334,9677,8003,1.2091715606647506,6.661774206695472,23.345235059857504,1.2945629826348526,6.324555320336759,0.5721277214888495,0.8922896314619932,0.6972105769271254,0.6087669638369355,0.932287954383464,0.7365683087623736
HRF,08_g.jpg,clean_recovery,structure_filtered,800,1200,65122,122006,28,167,0.6076589286477705,0.43642965157784036,0.8730536531433309,0.9271956624254927,0.4660016720489156,65151,8267,1.0004453180184885,0.12694634685666903,0.7305663520266519,0.5755057408419901,0.5755057408419901,1.0,1.0,0,3882,0.0,0.42449425915800987,1200,667,0.36333333333333334,0.4287856071964018,764,23925,23851,0.3724791413357931,8942,9562,0.9351600083664505,21046,19846,0.4074372669555578,7712,8003,0.9636386355116832,3.4301155582783207,18.027756377319946,3.9877915531555934,22.47220505424423,0.7764681295715778,0.7799253700054505,0.7781929099782667,0.8081086729362591,0.8077648735902059,0.8079367366892101
HRF,08_g.jpg,connected_recovery,raw,800,1200,65122,181137,0,0,0.4857162580859989,0.3207564372790998,0.9183686004729584,0.8644161550513031,0.3301699818369521,121331,5316,1.8631338103866588,0.08163139952704156,0.8388776028440833,0.7224712957900492,0.7224712957900492,1.0,1.0,0,2538,0.0,0.2775287042099508,1200,2736,0.7783333333333333,0.28362573099415206,266,38480,23851,0.4050983187287745,14150,9562,1.479815938088266,27895,19846,0.4168094326312607,9828,8003,1.2280394851930525,6.669080907759086,23.345235059857504,1.285924425341035,6.082762530298219,0.5706600831600832,0.8963565468953084,0.6973539237561989,0.6093814968814969,0.9343843025449666,0.737672132857155
HRF,08_g.jpg,connected_recovery,structure_filtered,800,1200,65122,131720,27,147,0.5836356062222493,0.4120659971305595,0.8820675040692854,0.9169965067863999,0.4360917096872153,74278,7680,1.140597647492399,0.11793249593071466,0.7421772917956124,0.5900492072170584,0.5900492072170584,1.0,1.0,0,3749,0.0,0.4099507927829415,1200,731,0.38166666666666665,0.4076607387140903,742,24996,23851,0.3667770743365058,9225,9562,0.9647563271282159,21883,19846,0.3985689811548927,7901,8003,0.9872547794577033,3.631243624802053,18.601075237738275,3.7111804856698605,21.213203435596427,0.7623619779164666,0.7941386105404385,0.7779259273800211,0.7962473995839334,0.821265355750283,0.8085629021817751
HRF,08_h.jpg,baseline,raw,800,1200,96423,165590,0,0,0.6493189269234733,0.48073445305965595,0.8822065274882549,0.906754116888245,0.513708557280029,80525,11358,0.835122325586219,0.11779347251174513,0.7841273612926221,0.6449091264412742,0.6449091264412742,1.0,1.0,0,1817,0.0,0.3550908735587258,301,2862,0.8471760797342193,0.18658280922431866,46,37590,24211,0.5027879889306514,14529,9611,1.511705337633961,26662,22506,0.4736070381231672,9996,8917,1.1210048222496356,6.483427046017452,24.041630560342615,1.0529399075499968,5.385164807134504,0.590901835594573,0.9083061418363554,0.7160044164288136,0.6226389997339719,0.9463053983726405,0.7510867146046065
HRF,08_h.jpg,baseline,structure_filtered,800,1200,96423,111875,16,145,0.7641359974651701,0.6183010395139612,0.8253632432096076,0.9626078508343784,0.7113653631284916,32291,16839,0.3348889787706253,0.17463675679039234,0.5413340935005702,0.3711158882157514,0.3711158882157514,1.0,1.0,0,3218,0.0,0.6288841117842486,301,525,0.3654485049833887,0.2571428571428571,191,22070,24211,0.4348023625624716,8740,9611,0.9093746748517324,19865,22506,0.4414378387985426,7801,8917,0.8748458001570035,2.787996174343799,16.55294535724685,4.9152001577243345,27.486346709943586,0.8281830539193475,0.76031555904341,0.7927995107991073,0.8521522428636158,0.7847259510140019,0.8170503849229748
HRF,08_h.jpg,multiscale_line,raw,800,1200,96423,167026,0,0,0.6497348632942239,0.48119057926606434,0.8876098026404489,0.9056945703741531,0.51241124136362,81440,10837,0.8446117627536999,0.11239019735955115,0.7874407582938389,0.6494039476255619,0.6494039476255619,1.0,1.0,0,1794,0.0,0.35059605237443814,301,2852,0.840531561461794,0.18653576437587657,48,37628,24211,0.5003097765478501,14436,9611,1.5020289251898866,26755,22506,0.4727183862081223,9921,8917,1.1125939217225524,6.4798393420578195,24.041630560342615,1.0514124595757763,5.385164807134504,0.5909694908047199,0.908966998471769,0.7162593457597218,0.6229137876049751,0.946470612531494,0.751338670191352
HRF,08_h.jpg,multiscale_line,structure_filtered,800,1200,96423,114620,15,142,0.7619395099576863,0.6154299536136923,0.8338363253580577,0.960375276321625,0.7014569883091956,34219,16022,0.3548842081246176,0.1661636746419423,0.5616303583977512,0.3904631620089896,0.3904631620089896,1.0,1.0,0,3119,0.0,0.6095368379910103,301,547,0.37209302325581395,0.25411334552102377,189,22397,24211,0.43236545371938373,8775,9611,0.9130163354489648,20107,22506,0.43774993335110635,7791,8917,0.8737243467533924,2.819449224546938,16.492422502470642,4.710704988107159,26.832815729997478,0.8236817430905925,0.7672958572549667,0.7944896132198089,0.8487743894271554,0.7922844987815456,0.8195571731614607
HRF,08_h.jpg,clean_recovery,raw,800,1200,96423,169996,0,0,0.6477541016218813,0.47902094019940933,0.8948798523173932,0.9030671266140715,0.5075825313536789,83709,10136,0.8681434927351358,0.10512014768260684,0.7887323943661971,0.6511627906976745,0.6511627906976745,1.0,1.0,0,1785,0.0,0.3488372093023256,301,2854,0.8438538205980066,0.1867554309740715,47,37691,24211,0.49460988806740736,14392,9611,1.4974508375819373,26836,22506,0.4682751266328979,9889,8917,1.109005270830997,6.480792562014286,24.041630560342615,1.0553465719900796,5.385164807134504,0.5907511076914913,0.909421337408616,0.716239875205236,0.6230930460852724,0.9469249514683409,0.7516122150751448
HRF,08_h.jpg,clean_recovery,structure_filtered,800,1200,96423,117603,17,141,0.7576369226168783,0.6098353503975209,0.8408471007954533,0.9577038295369145,0.6894126850505514,36526,15346,0.3788100349501675,0.15915289920454664,0.5632458233890215,0.3920265780730897,0.3920265780730897,1.0,1.0,0,3111,0.0,0.6079734219269103,301,539,0.3754152823920266,0.2597402597402597,188,22417,24211,0.4241873528561398,8722,9611,0.9075018208302986,20176,22506,0.4308184484137563,7760,8917,0.870247841202198,2.833243240392682,16.492422502470642,4.726606089629183,26.832815729997478,0.8233483516973725,0.7672545537152534,0.7943123578915886,0.848507828879868,0.792449712940399,0.8195212469393436
HRF,08_h.jpg,connected_recovery,raw,800,1200,96423,176064,0,0,0.641124163721572,0.47180481586708295,0.9058938220134201,0.8972703071063727,0.4961207288258815,88715,9074,0.9200605664623586,0.09410617798657997,0.7897350993377483,0.652530779753762,0.652530779753762,1.0,1.0,0,1778,0.0,0.34746922024623805,301,2848,0.8538205980066446,0.18890449438202248,44,38092,24211,0.48614266242616994,14292,9611,1.4870460930184164,27325,22506,0.4626321869723629,9856,8917,1.1053044745990803,6.455239520566157,24.041630560342615,1.0513220452211827,5.0990195135927845,0.5912790087157408,0.9123951922679774,0.7175492197555617,0.6259057019846687,0.9481640576597414,0.7540470001027376
HRF,08_h.jpg,connected_recovery,structure_filtered,800,1200,96423,128974,17,127,0.7395129482646176,0.5866882545492943,0.8643373468985616,0.9471593152666178,0.6461922558034953,45632,13081,0.47324808396336976,0.13566265310143846,0.5950027457440966,0.42349032636310335,0.42349032636310335,1.0,1.0,0,2950,0.0,0.5765096736368966,301,615,0.4186046511627907,0.26666666666666666,175,23885,24211,0.42497212011069346,9034,9611,0.939964623868484,21337,22506,0.4301963920732249,7958,8917,0.8924526185936974,2.9759310100612266,16.55294535724685,3.77552313317645,22.360679774997898,0.8080385178982625,0.7953409607203338,0.8016394617672575,0.8372200125601842,0.8211143695014663,0.8290889825159622
HRF,09_dr.jpg,baseline,raw,800,1200,64956,144127,0,0,0.4985005954573064,0.33200186023992,0.802296939466716,0.8971972327617413,0.3615838808828325,92013,12842,1.4165435063735452,0.19770306053328407,0.7354825988366361,0.5816310619055044,0.5816310619055044,1.0,1.0,0,2683,0.0,0.41836893809449555,636,3140,0.7845911949685535,0.14522292993630573,137,33710,20172,0.30463018044814594,12853,7815,1.6446577095329495,21584,17938,0.2870442635745345,7910,6885,1.148874364560639,10.063994609654078,35.610977941440325,1.6083149847821971,7.0,0.517413230495402,0.8638707118778505,0.6471922564959467,0.5459804212399881,0.9150803093396788,0.6839085088043902
HRF,09_dr.jpg,baseline,structure_filtered,800,1200,64956,67701,13,193,0.6485598196853539,0.4799027209138879,0.6622636861875731,0.9724225848114729,0.6354115891936604,24683,21938,0.37999568938974077,0.33773631381242686,0.5614625392552715,0.39030095119288943,0.39030095119288943,1.0,1.0,0,3910,0.0,0.6096990488071106,636,251,0.23427672955974843,0.32669322709163345,487,12437,20172,0.223081499107674,4723,7815,0.6043506078055022,11278,17938,0.23369383431820714,4251,6885,0.6174291938997821,1.0715386797449375,3.0,13.774809013446305,66.79781674776713,0.9504703706681675,0.5974618282768194,0.7337140034549168,0.9708933022433063,0.6222982351774737,0.7584589477668897
HRF,09_dr.jpg,multiscale_line,raw,800,1200,64956,151089,0,0,0.4947858085121155,0.3287145519290024,0.8228339183447256,0.8909092737340287,0.35375176220638166,97641,11508,1.5031867725845187,0.17716608165527434,0.7485608352034345,0.5981599875253392,0.5981599875253392,1.0,1.0,0,2577,0.0,0.40184001247466083,636,3159,0.789308176100629,0.1462488129154796,134,34572,20172,0.3020523497917906,12841,7815,1.6431222008957134,22450,17938,0.28776898204928086,7977,6885,1.1586056644880174,10.024225208518356,35.4682957019364,1.5965212989690283,7.0,0.5136237417563346,0.8664981162006742,0.644948853033337,0.54654055304871,0.9161213563355146,0.6846386981693374
HRF,09_dr.jpg,multiscale_line,structure_filtered,800,1200,64956,87241,18,159,0.6298941503446192,0.4597412313092852,0.7379456863107334,0.9560837232582979,0.5494434956041311,39307,17022,0.6051327052158384,0.26205431368926657,0.6202667814113597,0.4495555902073912,0.4495555902073912,1.0,1.0,0,3530,0.0,0.5504444097926088,636,396,0.31761006289308175,0.2904040404040404,434,15992,20172,0.23641681538766607,5844,7815,0.7477927063339731,14259,17938,0.2454565726390902,5164,6885,0.7500363108206245,2.785137625571647,14.317821063276353,9.850656539056134,53.71219600798314,0.8468609304652326,0.6733095379734285,0.7501784222988294,0.8784392196098049,0.7027562958556415,0.7808378990065473
HRF,09_dr.jpg,clean_recovery,raw,800,1200,64956,154518,0,0,0.49301511796385905,0.3271533270444815,0.8329022723074081,0.8878088674970169,0.35013396497495436,100416,10854,1.5459079992610383,0.1670977276925919,0.7518489684702219,0.6023701855605801,0.6023701855605801,1.0,1.0,0,2550,0.0,0.3976298144394199,636,3108,0.789308176100629,0.1451093951093951,134,34249,20172,0.29878048780487804,12729,7815,1.6287907869481766,22365,17938,0.2847586130003345,7950,6885,1.1546840958605664,10.004682282446877,35.38361202590826,1.6044209328719188,7.0,0.5173873689742766,0.8656553638707118,0.6476721803529929,0.5486875529212532,0.9156751933372992,0.6861955241440284
HRF,09_dr.jpg,clean_recovery,structure_filtered,800,1200,64956,90788,23,158,0.6228682966920074,0.4522939201790377,0.7467208571956401,0.9527576297925018,0.5342556284971582,42284,16452,0.6509637292936757,0.25327914280435987,0.6204151876949554,0.44971152346795573,0.44971152346795573,1.0,1.0,0,3529,0.0,0.5502884765320443,636,383,0.33490566037735847,0.3002610966057441,423,16069,20172,0.23488003172714653,5868,7815,0.7508637236084453,14408,17938,0.2443973687144609,5196,6885,0.7546840958605664,2.9341015965715007,15.231546211727817,9.957012381256202,54.057834498815815,0.8434252287012259,0.6729129486416815,0.7485820328004303,0.8735453357396229,0.702012690858616,0.7784415443633034
HRF,09_dr.jpg,connected_recovery,raw,800,1200,64956,170074,0,0,0.46792324384121176,0.3054176247764411,0.846542274770614,0.8714186118224355,0.3233180850688524,115086,9968,1.7717531867725844,0.15345772522938605,0.7611320390225056,0.6143770466240449,0.6143770466240449,1.0,1.0,0,2473,0.0,0.3856229533759551,636,3158,0.779874213836478,0.14249525015832806,140,35757,20172,0.2947650208209399,12867,7815,1.6464491362763916,23854,17938,0.28436837997547104,8147,6885,1.1832970225127089,9.963994584001309,35.22782990761707,1.5914124571975292,7.0,0.5123751992616831,0.8712076145151696,0.645259785884417,0.5490673154906731,0.9178564346619076,0.6871045185998721
HRF,09_dr.jpg,connected_recovery,structure_filtered,800,1200,64956,105901,19,148,0.5933265830489824,0.42179412498959806,0.7803282221811688,0.93831141262329,0.4786262641523687,55214,14269,0.8500215530512962,0.2196717778188312,0.6523063990753388,0.48401684079214097,0.48401684079214097,1.0,1.0,0,3309,0.0,0.5159831592078591,636,447,0.3663522012578616,0.28635346756152125,403,17549,20172,0.237606583382907,6243,7815,0.798848368522073,15672,17938,0.2478537183632512,5483,6885,0.7963689179375454,3.2490490909044496,16.278820596099706,8.955483651359332,51.24451190127583,0.8160009117328623,0.7006742018639699,0.7539528834132104,0.851672459969229,0.7308645647432084,0.7866573887865844
HRF,09_g.jpg,baseline,raw,800,1200,63659,155749,0,0,0.5226609786334135,0.3537854013697785,0.9007053205359807,0.8902080792912519,0.36814361568934634,98411,6321,1.5459086696303743,0.09929467946401922,0.8185737507951092,0.6928691074419717,0.6928691074419717,1.0,1.0,0,2567,0.0,0.3071308925580282,1046,2943,0.7954110898661568,0.2759089364593952,214,36500,23366,0.4245056920311564,13865,9368,1.4800384286934245,25215,19769,0.42738631190247356,9115,7851,1.1609985989045981,6.4791759423833435,23.345235059857504,1.2778255799799854,6.082762530298219,0.5843561643835616,0.8960883334759907,0.7074020569578479,0.6219452054794521,0.9352905931695626,0.7470923808154135
HRF,09_g.jpg,baseline,structure_filtered,800,1200,63659,99450,12,131,0.6556474504779013,0.48770499279446905,0.8399597857333606,0.9487036741597227,0.5376671694318753,45979,10188,0.7222702210213795,0.16004021426663945,0.68274231678487,0.5183058147882269,0.5183058147882269,1.0,1.0,0,4026,0.0,0.48169418521177315,1046,507,0.30592734225621415,0.4280078895463511,726,19962,23366,0.3667722331592913,7529,9368,0.8036934244235696,17918,19769,0.39744043704790327,6623,7851,0.8435868042287606,2.3578148243275083,13.601470508735444,5.899174844551069,33.24154027718932,0.8628393948502154,0.7382521612599503,0.7956984666335594,0.890642220218415,0.76316014722246,0.8219877553521814
HRF,09_g.jpg,multiscale_line,raw,800,1200,63659,158669,0,0,0.5189539779065165,0.35039692903868463,0.9062190735009975,0.8873419825713651,0.36358078767749213,100980,5970,1.586264314550967,0.09378092649900249,0.8213228035538006,0.6968174204355109,0.6968174204355109,1.0,1.0,0,2534,0.0,0.30318257956448913,1046,2935,0.7906309751434034,0.2756388415672913,219,36643,23366,0.4222374390139519,13812,9368,1.4743808710503843,25426,19769,0.42698163791795235,9121,7851,1.161762832760158,6.478505851622816,23.345235059857504,1.277827616407841,6.082762530298219,0.5836858335834948,0.8969870752375246,0.7071901506464615,0.622356248123789,0.935376187623042,0.7474161818224103
HRF,09_g.jpg,multiscale_line,structure_filtered,800,1200,63659,108309,13,122,0.6380024190547079,0.4684313892921185,0.861747749729025,0.9403675610063581,0.5064953050992992,53451,8801,0.83964561177524,0.13825225027097504,0.6966081871345029,0.5344580043072505,0.5344580043072505,1.0,1.0,0,3891,0.0,0.46554199569274946,1046,541,0.31835564053537285,0.43253234750462105,713,21843,23366,0.37610202858854747,8126,9368,0.8674210076857387,19649,19769,0.4083160503819111,7174,7851,0.9137689466310024,2.9310069274910373,17.11724276862369,4.4549085142133755,25.96150997149434,0.8293274733324177,0.7710348369425661,0.7991195107100199,0.8615116971112027,0.7970127535735684,0.8280080642367855
HRF,09_g.jpg,clean_recovery,raw,800,1200,63659,163305,0,0,0.5106536719479742,0.3428710047688357,0.9103190436544715,0.8824610276669259,0.35485747527632344,105355,5709,1.6549898678898507,0.08968095634552851,0.8232312565997888,0.6995692749461594,0.6995692749461594,1.0,1.0,0,2511,0.0,0.3004307250538406,1046,2931,0.7877629063097514,0.27567383145684066,222,36639,23366,0.41496191046820163,13758,9368,1.4686165670367208,25450,19769,0.41954575345237494,9072,7851,1.1555215896064195,6.470754911093077,23.345235059857504,1.2896460388310171,6.082762530298219,0.5848685826578236,0.8965163057433878,0.7079108544649233,0.6231338191544529,0.9349910125823847,0.7478534565116974
HRF,09_g.jpg,clean_recovery,structure_filtered,800,1200,63659,113244,13,121,0.6231776736403566,0.45262025586704113,0.865879137278311,0.9351552589918346,0.48674543463671366,58123,8538,0.9130366483922148,0.134120862721689,0.6999533364442371,0.5384063173007897,0.5384063173007897,1.0,1.0,0,3858,0.0,0.46159368269921036,1046,538,0.3193116634799235,0.43308550185873607,712,21837,23366,0.36784216382778395,8090,9368,0.8635781383432963,19671,19769,0.39981789670696544,7139,7851,0.9093109158069036,2.943484286910279,17.204650534085253,4.475961471726329,26.0,0.8297843110317351,0.7702216896345117,0.7988943464073782,0.8614736456472959,0.7968415646666096,0.8278981021788961
HRF,09_g.jpg,connected_recovery,raw,800,1200,63659,173845,0,0,0.491469617353813,0.325793648578494,0.9168067358896621,0.8711628721658387,0.33571859990221176,115482,5296,1.8140718515842222,0.0831932641103379,0.8274410774410774,0.7056712132089017,0.7056712132089017,1.0,1.0,0,2460,0.0,0.29432878679109836,1046,2947,0.7820267686424475,0.2714625042416016,228,37233,23366,0.40730120688179405,13800,9368,1.4730999146029036,26057,19769,0.41281804845970965,9116,7851,1.1611259712138582,6.464690931428852,23.345235059857504,1.2895114838426092,6.082762530298219,0.5836489135981522,0.8986133698536335,0.7076678978007709,0.6248489243413101,0.9369596850124112,0.7497183045667054
HRF,09_g.jpg,connected_recovery,structure_filtered,800,1200,63659,125729,13,112,0.5905020381439162,0.418944939350121,0.8783832608115113,0.9221144631340081,0.4447422631214756,69812,7742,1.096655618215806,0.12161673918848867,0.7191786070032947,0.5614979660205791,0.5614979660205791,1.0,1.0,0,3665,0.0,0.4385020339794209,1046,562,0.34608030592734224,0.4412811387900356,684,22654,23366,0.3666010442523325,8239,9368,0.8794833475661827,20414,19769,0.39759218979209876,7236,7851,0.9216660298051204,2.985214453197947,17.11724276862369,4.083743587838469,24.041630560342615,0.8235631676525117,0.7868270136095181,0.8047760788196001,0.8592743003443101,0.814046049815972,0.8360489368777076
HRF,09_h.jpg,baseline,raw,800,1200,74574,147974,0,0,0.5794794830778079,0.40793461000714887,0.86465792367313,0.9057030175305446,0.435758984686499,83493,10093,1.1195993241612359,0.13534207632686995,0.7243506959391591,0.5678290213723285,0.5678290213723285,1.0,1.0,0,1921,0.0,0.43217097862767156,266,2877,0.7481203007518797,0.13451511991657977,67,34874,21927,0.4696036849546222,13498,8665,1.5577611079053664,23699,20458,0.43767719229641217,8861,7998,1.1079019754938735,8.217226772785796,29.154759474226502,1.3701357726812207,7.211102550927978,0.5396570510982394,0.8743558170292334,0.6673946078771478,0.5691345988415438,0.9195056323254435,0.7030879029459443
HRF,09_h.jpg,baseline,structure_filtered,800,1200,74574,89385,15,166,0.7269134356759922,0.570985081491276,0.7990988816477592,0.9663517899858374,0.6666890417855345,29793,14982,0.3995092123260117,0.20090111835224073,0.5086394900184533,0.34105736782902135,0.34105736782902135,1.0,1.0,0,2929,0.0,0.6589426321709786,266,426,0.2781954887218045,0.19483568075117372,192,18422,21927,0.39576777488940573,7271,8665,0.8391229082515869,16590,20458,0.398132759800567,6475,7998,0.8095773943485871,3.520323418067611,22.67156809750927,5.609115335809808,28.792360097775937,0.8224405601997612,0.709216947142792,0.7616438799340934,0.8470850070567799,0.7400465179915173,0.7899563457995248
HRF,09_h.jpg,multiscale_line,raw,800,1200,74574,152457,0,0,0.5785201139932432,0.40698438274665344,0.8806152278273929,0.9019839037932024,0.43075096584610745,86786,8903,1.1637568053208893,0.11938477217260708,0.7334378116540817,0.5790776152980878,0.5790776152980878,1.0,1.0,0,1871,0.0,0.42092238470191223,266,2851,0.7481203007518797,0.1378463696948439,67,35228,21927,0.4589319104300634,13435,8665,1.5504904789382574,24222,20458,0.4310783067748558,8893,7998,1.111902975743936,8.194787510326803,29.120439557122072,1.3721236821806737,7.0710678118654755,0.5404223912796638,0.8761800519906964,0.6685112271798941,0.5711649824003634,0.9207825967984676,0.7050097242389356
HRF,09_h.jpg,multiscale_line,structure_filtered,800,1200,74574,99636,17,144,0.7139085012341427,0.5550993081901361,0.8338697133049052,0.957702845861766,0.6241218033642458,37451,12389,0.5021991578834446,0.1661302866950948,0.5514094834609744,0.38065241844769404,0.38065241844769404,1.0,1.0,0,2753,0.0,0.619347581552306,266,503,0.34962406015037595,0.21073558648111332,173,20116,21927,0.4032015323573676,7648,8665,0.8826312752452394,17988,20458,0.4049760484895884,6772,7998,0.8467116779194799,3.6909155743118593,22.80350850198276,4.284894180358306,24.041630560342615,0.8046331278584211,0.7502622337757103,0.776497072114932,0.8328693577251939,0.7824599808455329,0.806878109784239
HRF,09_h.jpg,clean_recovery,raw,800,1200,74574,157278,0,0,0.5725807842934285,0.4011300800725185,0.8900823343256363,0.8973364233713489,0.4220361398288381,90901,8197,1.2189368948963446,0.10991766567436372,0.7381121362668559,0.5849268841394826,0.5849268841394826,1.0,1.0,0,1845,0.0,0.4150731158605174,266,2841,0.7518796992481203,0.13762759591693066,66,35221,21927,0.4494458886304556,13364,8665,1.5422965954991346,24273,20458,0.42267083781405806,8856,7998,1.1072768192048013,8.180181327726878,29.068883707497267,1.3881014735946058,7.0710678118654755,0.5418642287271798,0.8755871756282209,0.6694400501454312,0.5723006161097073,0.9201897204359921,0.7056999044458638
HRF,09_h.jpg,clean_recovery,structure_filtered,800,1200,74574,106913,20,135,0.6927548529646752,0.5299349204208255,0.8429613538230483,0.950249936188908,0.5879827523313348,44050,11711,0.5906884436935125,0.15703864617695176,0.5514094834609744,0.38065241844769404,0.38065241844769404,1.0,1.0,0,2753,0.0,0.619347581552306,266,522,0.3308270676691729,0.19157088122605365,178,20573,21927,0.3937611164317964,7789,8665,0.8989036353144836,18358,20458,0.39593313129338153,6868,7998,0.8587146786696674,4.076537604740513,24.186773244895647,4.293828972110542,24.0,0.7853497302289408,0.7488484516805765,0.7666648760823336,0.812910124921013,0.7825511925936061,0.7974418191715602
HRF,09_h.jpg,connected_recovery,raw,800,1200,74574,168829,0,0,0.5523350164131091,0.3815351083816259,0.9013865422265133,0.8852428096757945,0.3981543455212079,101609,7354,1.362525813286132,0.09861345777348673,0.7492965672481711,0.5991001124859393,0.5991001124859393,1.0,1.0,0,1782,0.0,0.40089988751406075,266,2861,0.7518796992481203,0.1352673890248165,66,36118,21927,0.439184566972226,13386,8665,1.5448355452971725,25199,20458,0.4142633688532603,8914,7998,1.1145286321580394,8.172733982055988,29.068883707497267,1.389605616082451,7.0710678118654755,0.5393155767207487,0.8795548866694031,0.6686412370982256,0.5737028628384739,0.9217403201532357,0.7072218677110308
HRF,09_h.jpg,connected_recovery,structure_filtered,800,1200,74574,121719,17,119,0.6543483466043108,0.4862687493848006,0.8611848633572022,0.9350628962781757,0.5276251037225084,57497,10352,0.771005980636683,0.13881513664279777,0.594688586784698,0.42317210348706413,0.42317210348706413,1.0,1.0,0,2564,0.0,0.5768278965129359,266,596,0.3609022556390977,0.19463087248322147,170,21871,21927,0.39088794636749213,8077,8665,0.9321407963069821,19382,20458,0.3918760387134617,7052,7998,0.8817204301075269,4.285473464447545,24.08318915758459,3.849818802735418,21.95449840010015,0.7661286635270449,0.7699183654854745,0.7680188395709672,0.7967171139865575,0.8026633830437361,0.799679194824119
HRF,10_dr.jpg,baseline,raw,800,1200,83850,158486,0,0,0.5979961706061007,0.42652962714418585,0.8641383422778771,0.9018113336757404,0.457188647577704,86028,11392,1.0259749552772808,0.13586165772212283,0.7808803567965872,0.6405280738030857,0.6405280738030857,1.0,1.0,0,2260,0.0,0.35947192619691426,546,2362,0.7802197802197802,0.23116003386960204,120,34804,25655,0.3525628532449815,13104,9631,1.3606063752465996,25269,23244,0.33828084667010844,9279,8693,1.0674105602208674,5.645084568298956,23.0,1.3125396828837645,5.656854249492381,0.6577117572692794,0.9021243422334827,0.7607693995477067,0.6898057694517872,0.9432079516663419,0.7968460747614008
HRF,10_dr.jpg,baseline,structure_filtered,800,1200,83850,116175,7,114,0.6767154105736783,0.5113906834410065,0.8071556350626118,0.9446498887176853,0.5825693996126533,48495,16170,0.5783542039355993,0.19284436493738819,0.6353375298458867,0.465563861937331,0.465563861937331,1.0,1.0,0,3360,0.0,0.534436138062669,546,526,0.3443223443223443,0.3403041825095057,358,22660,25655,0.30419021633209903,8499,9631,0.8824628802824214,20324,23244,0.30893994149027704,7557,8693,0.8693201426435063,2.655499262659888,15.0,4.510433290216113,25.079872407968907,0.8473521624007061,0.7618787760670435,0.8023455340751897,0.8732568402471315,0.7921262911713116,0.8307153940196063
HRF,10_dr.jpg,multiscale_line,raw,800,1200,83850,160051,0,0,0.5983165300675274,0.42685566527823277,0.8701848539057842,0.9006037778919135,0.45588593635778596,87086,10885,1.038592725104353,0.12981514609421585,0.7827686350435624,0.6430730077938603,0.6430730077938603,1.0,1.0,0,2244,0.0,0.35692699220613966,546,2350,0.7802197802197802,0.2323404255319149,120,34879,25655,0.3563827713895927,13084,9631,1.3585297476897518,25414,23244,0.3434004474272931,9290,8693,1.06867594616358,5.6325961459681295,23.0,1.3011689816140115,5.656854249492381,0.6580750594913845,0.9037614500097447,0.7615942723366752,0.6902434129418848,0.9433248879360748,0.7971797565024633
HRF,10_dr.jpg,multiscale_line,structure_filtered,800,1200,83850,118186,8,111,0.6761567245441407,0.5107528489815452,0.8145974955277281,0.943066826456657,0.5779364730171086,49882,15546,0.5948956469886703,0.1854025044722719,0.643142333009604,0.4739939557817719,0.4739939557817719,1.0,1.0,0,3307,0.0,0.526006044218228,546,521,0.3516483516483517,0.345489443378119,354,22858,25655,0.30824400701617616,8540,9631,0.8867199667739591,20552,23244,0.313543279986233,7612,8693,0.875647072357069,2.6462092022711166,14.866068747318506,4.3763221946988455,24.698178070456937,0.8473182255665412,0.7674917170142272,0.8054318996304871,0.873567241228454,0.7969986357435198,0.8335282182960432
HRF,10_dr.jpg,clean_recovery,raw,800,1200,83850,162981,0,0,0.5951359432162087,0.42362528982247294,0.8759570661896243,0.8978120184899846,0.45065989287094815,89532,10401,1.0677638640429339,0.12404293381037568,0.7859418750603456,0.6473675839032925,0.6473675839032925,1.0,1.0,0,2217,0.0,0.3526324160967075,546,2348,0.7783882783882784,0.23211243611584328,121,35011,25655,0.356343792633015,13021,9631,1.3519883708856817,25597,23244,0.3444759938048529,9240,8693,1.062924191878523,5.627813892212473,23.0,1.301064410377978,5.466671639841669,0.6583073891062808,0.9038004287663224,0.7617636807484667,0.6910399588700694,0.9435197817189631,0.7977804113995978
HRF,10_dr.jpg,clean_recovery,structure_filtered,800,1200,83850,122049,11,104,0.6690270472416088,0.5026601373492041,0.8214192009540847,0.9393106203275695,0.5643307196290015,53173,14974,0.634144305307096,0.1785807990459153,0.6521599313967199,0.48385557499602355,0.48385557499602355,1.0,1.0,0,3245,0.0,0.5161444250039765,546,531,0.3516483516483517,0.3502824858757062,354,23148,25655,0.30808809198986553,8522,9631,0.8848510019727962,20808,23244,0.3134142144209258,7578,8693,0.8717358794432302,2.7249362156656765,15.524174696260024,4.329076253086318,24.443768265305867,0.8424485916709867,0.7711557201325278,0.8052272116930006,0.8692759633661655,0.8010134476710193,0.8337498062220278
HRF,10_dr.jpg,connected_recovery,raw,800,1200,83850,169012,0,0,0.5875220475990857,0.41595130501005145,0.8858795468097793,0.8918781030645437,0.4395013371831586,94731,9569,1.129767441860465,0.11412045319022063,0.7916586584662695,0.6551614442500397,0.6551614442500397,1.0,1.0,0,2168,0.0,0.34483855574996025,546,2363,0.7765567765567766,0.22979263647905204,122,35536,25655,0.35751315533034494,13074,9631,1.357491433911328,26134,23244,0.34813285148855616,9301,8693,1.0699413321062925,5.594962186541125,23.0,1.2827492977352075,5.385164807134504,0.657502251238181,0.906295069187293,0.762107775085047,0.6934939216569113,0.9452348470083805,0.8000282090275554
HRF,10_dr.jpg,connected_recovery,structure_filtered,800,1200,83850,132152,10,97,0.6629012694326905,0.49577585729322476,0.8538342277877161,0.9308816983393254,0.5417549488467825,60558,12256,0.7222182468694096,0.14616577221228383,0.6787853315120311,0.5137585493876252,0.5137585493876252,1.0,1.0,0,3057,0.0,0.4862414506123747,546,575,0.358974358974359,0.32869565217391306,350,24402,25655,0.32364061586435394,8826,9631,0.9164157408368809,21889,23244,0.33049389089657544,7810,8693,0.8984240193258944,2.6876029007144644,15.033296378372908,3.352600460255166,20.0,0.8412425211048274,0.8053011108945625,0.8228795442910083,0.8712400622899762,0.8364841161566946,0.8535084092184302
HRF,10_g.jpg,baseline,raw,800,1200,62963,150787,0,0,0.5271953216374269,0.3579533181708448,0.8948747677207248,0.8947167173706324,0.37366616485506043,94443,6619,1.499976176484602,0.10512523227927513,0.8134095238095238,0.6855014768203416,0.6855014768203416,1.0,1.0,0,2449,0.0,0.31449852317965843,1014,2794,0.7534516765285996,0.23478883321403007,250,35737,23010,0.41890482398956974,14089,9447,1.4913729226209378,24786,19561,0.4208885026327897,9494,8078,1.1752909135924734,6.815404979908943,24.041630560342615,1.2951382037681105,6.324555320336759,0.5816660603855948,0.8944806605823555,0.7049286287624243,0.612894199289252,0.9339852238157322,0.7401147333765856
HRF,10_g.jpg,baseline,structure_filtered,800,1200,62963,98063,12,122,0.6518574640120229,0.4835226592226122,0.8335530390864476,0.9491882720556677,0.5351967612657169,45580,10480,0.723917221225164,0.1664469609135524,0.6808402507199729,0.5161166045974059,0.5161166045974059,1.0,1.0,0,3768,0.0,0.48388339540259406,1014,513,0.2958579881656805,0.3508771929824561,714,20109,23010,0.36010430247718384,7874,9447,0.8334921138985921,17883,19561,0.3833648586473084,6949,8078,0.8602376825947017,2.490831736206124,15.620499351813308,5.476784103639127,31.11269837220809,0.8506141528668756,0.7475010864841374,0.7957311059807967,0.8745337908399224,0.7730117340286832,0.8206448585725852
HRF,10_g.jpg,multiscale_line,raw,800,1200,62963,154247,0,0,0.5233644859813084,0.35443037974683544,0.9027524101456411,0.8914125058386666,0.3684998735793889,97407,6123,1.547051442910916,0.09724758985435891,0.817463933181473,0.6912803390265828,0.6912803390265828,1.0,1.0,0,2404,0.0,0.30871966097341724,1014,2788,0.7514792899408284,0.23457675753228122,252,35998,23010,0.4147327249022164,14068,9447,1.4891499947073146,25127,19561,0.41802566330964674,9513,8078,1.1776429809358753,6.800244261904325,24.041630560342615,1.2971215850318132,6.324555320336759,0.5816712039557753,0.8966536288570187,0.7056062162416828,0.6139785543641313,0.9343328987396784,0.7410141690976354
HRF,10_g.jpg,multiscale_line,structure_filtered,800,1200,62963,103724,9,114,0.6408178202259325,0.47147308856893155,0.8482442069151724,0.9439086682043215,0.5149049400331649,50316,9555,0.799136000508235,0.1517557930848276,0.6995657982631931,0.5379478618209836,0.5379478618209836,1.0,1.0,0,3598,0.0,0.4620521381790163,1014,542,0.3165680473372781,0.35239852398523985,693,20820,23010,0.36271186440677966,8008,9447,0.8476765110617127,18517,19561,0.38566535453197687,7052,8078,0.872988363456301,2.5775258031078288,16.1245154965971,5.108442398315993,30.4138126514911,0.8439000960614793,0.7638852672750978,0.8019016283312848,0.8695485110470701,0.7900043459365493,0.8278701095166401
HRF,10_g.jpg,clean_recovery,raw,800,1200,62963,158792,0,0,0.5157042682239409,0.3474403767279356,0.9081524069691723,0.8867248508144034,0.3600937074915613,101612,5783,1.6138366977431189,0.09184759303082762,0.8192570128885519,0.6938487222293567,0.6938487222293567,1.0,1.0,0,2384,0.0,0.3061512777706434,1014,2778,0.747534516765286,0.2339812814974802,256,35891,23010,0.40843111690569317,14021,9447,1.484174870329205,25054,19561,0.41086856500178925,9461,8078,1.1712057439960386,6.809698891068834,24.041630560342615,1.3122847891237985,6.324555320336759,0.5817335822351007,0.8950456323337679,0.7051536164983344,0.6142208353069014,0.9341156019122121,0.7411222154149085
HRF,10_g.jpg,clean_recovery,structure_filtered,800,1200,62963,109322,9,110,0.6247438836811098,0.4542745720363305,0.8547400854470085,0.9381240684609442,0.49227968752858525,55505,9146,0.8815494814414815,0.14525991455299145,0.7045416735984029,0.5438551431873636,0.5438551431873636,1.0,1.0,0,3552,0.0,0.45614485681263645,1014,557,0.32938856015779094,0.34290843806104127,680,21045,23010,0.35745328118209474,8054,9447,0.8525457817296497,18660,19561,0.3794284545779868,7054,8078,0.8732359494924486,2.7001324840828813,16.97056274847714,5.016365985194567,30.01666203960727,0.836255642670468,0.7651455888744024,0.7991217985306122,0.8622475647422191,0.7924380704041721,0.825870221994851
HRF,10_g.jpg,connected_recovery,raw,800,1200,62963,169234,0,0,0.4968625778972166,0.3305503346474741,0.9161729904864762,0.8756472698450566,0.340859401775057,111549,5278,1.7716595460826199,0.08382700951352381,0.8247811651071536,0.7018107101579556,0.7018107101579556,1.0,1.0,0,2322,0.0,0.29818928984204446,1014,2789,0.7485207100591716,0.23126568662603084,255,36631,23010,0.39826162538026944,14028,9447,1.4849158463004128,25861,19561,0.4026379019477532,9543,8078,1.1813567714780886,6.774912863917544,24.020824298928627,1.2995598108150963,6.082762530298219,0.5818841964456335,0.8999565406345067,0.7067837661352958,0.6181103436979607,0.9372881355932203,0.7449505697081095
HRF,10_g.jpg,connected_recovery,structure_filtered,800,1200,62963,120498,5,107,0.5999422220526434,0.4285124739153456,0.8740530152629322,0.9270208475235693,0.4567129744892031,65465,7930,1.0397376236837508,0.1259469847370678,0.7208213552361397,0.5635032746885835,0.5635032746885835,1.0,1.0,0,3399,0.0,0.4364967253114165,1014,596,0.34023668639053256,0.3540268456375839,669,22077,23010,0.3554106910039113,8373,9447,0.8863131152746904,19574,19561,0.3787638668779715,7353,8078,0.910250061896509,2.77412865256604,16.492422502470642,4.252870678658637,25.612496949731394,0.8276486841509263,0.7883528900478053,0.8075230154626147,0.8565475381618879,0.8154715341156019,0.8355049850434896
HRF,10_h.jpg,baseline,raw,800,1200,82643,164017,0,0,0.585891510581367,0.4143186431348264,0.8743390244787822,0.8954142954350396,0.44055189401098666,91759,10385,1.1103057730237285,0.12566097552121777,0.7547213802751224,0.6060662797228983,0.6060662797228983,1.0,1.0,0,2104,0.0,0.39393372027710166,334,3081,0.8353293413173652,0.19441739694904253,55,38669,24797,0.47981610678711134,14348,9427,1.522011244298292,26805,22914,0.44784847691367724,9397,8597,1.0930557171106199,6.877690559436082,24.758836806279895,1.3091337098374305,6.708203932499369,0.5565957226719077,0.8749848772028874,0.6803847999844722,0.5950761591972898,0.9211598177198854,0.7230540030452903
HRF,10_h.jpg,baseline,structure_filtered,800,1200,82643,102777,12,174,0.710322511055981,0.5507753040161919,0.7968490979272291,0.9579156489319627,0.6407464705138309,36923,16789,0.4467771015088997,0.20315090207277084,0.4954929577464789,0.3293390750795731,0.3293390750795731,1.0,1.0,0,3582,0.0,0.6706609249204268,334,560,0.3143712574850299,0.24107142857142858,229,21108,24797,0.3980723474613865,7754,9427,0.8225310278985891,18849,22914,0.4045125250938291,6811,8597,0.7922531115505409,3.383420261275212,20.518284528683193,6.480294931992626,32.55764119219941,0.7932537426568126,0.6896398757914264,0.7378269159043167,0.8222474891036574,0.7189176110013308,0.767118591613546
HRF,10_h.jpg,multiscale_line,raw,800,1200,82643,166988,0,0,0.5851036129326886,0.413531067208,0.8836804085040475,0.8929079040800951,0.43733681462140994,93958,9613,1.136914197209685,0.11631959149595247,0.7576180507094673,0.6098108968357986,0.6098108968357986,1.0,1.0,0,2084,0.0,0.39018910316420147,334,3068,0.8323353293413174,0.19328552803129073,56,38795,24797,0.4708230834375126,14307,9427,1.5176620345815213,26997,22914,0.43929475429868203,9389,8597,1.0921251599395139,6.887179581455429,24.758836806279895,1.317419838992095,7.0,0.5564892383039052,0.8762350284308585,0.6806827731870337,0.5953860033509473,0.921240472637819,0.7233075405351574
HRF,10_h.jpg,multiscale_line,structure_filtered,800,1200,82643,110293,21,155,0.6966662520213956,0.534526366022429,0.8132086202098181,0.9508900025873163,0.6093405746511564,43087,15437,0.5213629708505257,0.18679137979018187,0.5264174368878466,0.35723647257067964,0.35723647257067964,1.0,1.0,0,3433,0.0,0.6427635274293203,334,614,0.36826347305389223,0.247557003257329,211,22208,24797,0.3940396015647054,8029,9427,0.8517025564866871,19739,22914,0.3992755520642402,7005,8597,0.8148191229498662,3.784386161471533,22.02271554554524,6.011444067991249,31.304951684997057,0.7710734870317003,0.7035125216760092,0.7357452872275432,0.8015129682997119,0.7336371335242167,0.7660745041768284
HRF,10_h.jpg,clean_recovery,raw,800,1200,82643,171651,0,0,0.579069895475316,0.4075287683971063,0.890904250813741,0.8882735306152456,0.42893429109064324,98024,9016,1.186113766441199,0.10909574918625897,0.7616508230929747,0.6150533607938589,0.6150533607938589,1.0,1.0,0,2056,0.0,0.3849466392061412,334,3090,0.8413173652694611,0.19223300970873786,53,38869,24797,0.4640480703310884,14288,9427,1.515646547151798,27009,22914,0.432224840708737,9344,8597,1.0868907758520414,6.869156334470601,24.758836806279895,1.3226359968377448,6.708203932499369,0.5579767938459955,0.8760737185949913,0.6817455876673495,0.5971339627981167,0.9215227648505868,0.7246832419277272
HRF,10_h.jpg,clean_recovery,structure_filtered,800,1200,82643,113896,21,154,0.6913335266791832,0.5282732772429667,0.822053894461721,0.9476165346603492,0.5964827561986373,45959,14706,0.5561148554626526,0.1779461055382791,0.5423034934497817,0.37202771016663544,0.37202771016663544,1.0,1.0,0,3354,0.0,0.6279722898333645,334,610,0.3592814371257485,0.24918032786885247,214,21952,24797,0.38682098640964635,7929,9427,0.841094727909197,19469,22914,0.3914637339617701,6904,8597,0.8030708386646505,3.479586736546814,20.248456731316587,5.941730959951558,31.064449134018133,0.783618804664723,0.7060934790498851,0.7428389147130462,0.8143677113702624,0.7367020204056942,0.7735904144460378
HRF,10_h.jpg,connected_recovery,raw,800,1200,82643,179260,0,0,0.5683020049407606,0.3969426561341562,0.900499739844875,0.8805047432231121,0.4151511770612518,104840,8223,1.2685889912031267,0.09950026015512506,0.7666551206558134,0.6216064407414342,0.6216064407414342,1.0,1.0,0,2021,0.0,0.3783935592585658,334,3069,0.8203592814371258,0.19028999674160965,60,39535,24797,0.45868451828850265,14229,9427,1.5093879282910787,27820,22914,0.43209391638299727,9376,8597,1.0906130045364661,6.816534252335007,24.73863375370596,1.3063933123001341,6.708203932499369,0.5607436448716328,0.8807113763761746,0.6852150084316614,0.6023270519792588,0.9243456869782635,0.7293749320860197
HRF,10_h.jpg,connected_recovery,structure_filtered,800,1200,82643,128242,20,131,0.6609573938402447,0.4936044535101139,0.8433019130476871,0.9332666178078023,0.5434491040376788,58549,12950,0.7084568566000751,0.15669808695231296,0.5763028122084499,0.4047931099045123,0.4047931099045123,1.0,1.0,0,3179,0.0,0.5952068900954878,334,713,0.39221556886227543,0.23983169705469845,203,23894,24797,0.39085373230632736,8449,9427,0.896255436512146,21017,22914,0.3947804835471764,7260,8597,0.8444806327788763,3.997996669712237,22.47220505424423,5.145126403467624,28.42534080710379,0.7588934460534025,0.7362584183570593,0.7474045969412321,0.7915794760190843,0.766544340041134,0.7788607821545612
HRF,11_dr.jpg,baseline,raw,800,1200,81247,156615,0,0,0.6040981745718106,0.43276551657671547,0.8842911122872229,0.9035348954711961,0.4587427768732241,84769,9401,1.0433492928969685,0.11570888771277708,0.7764357515779631,0.634568844733155,0.634568844733155,1.0,1.0,0,2869,0.0,0.365431155266845,861,2327,0.778164924506388,0.29780833691448216,191,35598,26176,0.3918856968215159,13681,10544,1.2975151745068285,26452,22919,0.39264365810026614,9888,9210,1.073615635179153,5.232513958117056,21.840329667841555,1.3567354743531317,6.4031242374328485,0.6643912579358391,0.8899755501222494,0.7608139497221745,0.6973987302657453,0.9307762836185819,0.7973616998438777
HRF,11_dr.jpg,baseline,structure_filtered,800,1200,81247,106153,6,117,0.6748345784418357,0.5092455383029444,0.778268736076409,0.9511569235041019,0.5956685161983175,42921,18015,0.5282779671864807,0.22173126392359102,0.6455619770551194,0.47662718125079606,0.47662718125079606,1.0,1.0,0,4109,0.0,0.5233728187492039,861,402,0.29152148664343785,0.4129353233830846,610,20906,26176,0.32017878973105135,8172,10544,0.7750379362670713,19164,22919,0.33980540163183387,7412,9210,0.8047774158523344,2.373033276670718,14.317821063276353,6.683333201950204,33.95585369269929,0.8598488472208935,0.6937652811735942,0.7679297791600986,0.8851047546158998,0.7217298288508558,0.7951117179539205
HRF,11_dr.jpg,multiscale_line,raw,800,1200,81247,158080,0,0,0.6037847798200788,0.43244391773803537,0.8892759117259714,0.9023286406988085,0.4570533906882591,85829,8996,1.056395928465051,0.11072408827402858,0.7806166032460977,0.6401732263405936,0.6401732263405936,1.0,1.0,0,2825,0.0,0.35982677365940646,861,2325,0.7770034843205574,0.2972043010752688,192,35525,26176,0.3913890586797066,13617,10544,1.2914453717754173,26402,22919,0.39229460273135824,9841,9210,1.068512486427796,5.246232800891135,21.840329667841555,1.35488560032813,6.4031242374328485,0.6635045742434905,0.8907014058679706,0.7604969542532881,0.6962139338494018,0.9310055012224939,0.7966706744906941
HRF,11_dr.jpg,multiscale_line,structure_filtered,800,1200,81247,118476,12,82,0.6852590838311061,0.5212122596959449,0.842258791093825,0.9430499810526962,0.5775937742665181,50045,12816,0.6159612047214051,0.157741208906175,0.6735935124176381,0.5078333970194879,0.5078333970194879,1.0,1.0,0,3864,0.0,0.492166602980512,861,508,0.32171893147502906,0.38779527559055116,584,23417,26176,0.3468062347188264,9050,10544,0.8583080424886191,21219,22919,0.36589729045769886,8115,9210,0.8811074918566775,2.420780580059281,14.212670403551895,4.389891480846059,25.495097567963924,0.8517743519665201,0.7707059902200489,0.8092148524791312,0.8773967630354016,0.800466075794621,0.8371677679107365
HRF,11_dr.jpg,clean_recovery,raw,800,1200,81247,160748,0,0,0.6003925700944235,0.42897212265794304,0.8941376296970965,0.8997420207953771,0.45192475178540326,88102,8601,1.0843723460558543,0.10586237030290349,0.782129837896533,0.642211183288753,0.642211183288753,1.0,1.0,0,2809,0.0,0.35778881671124696,861,2334,0.7735191637630662,0.29605826906598115,195,35544,26176,0.3880654034229829,13595,10544,1.2893588770864948,26433,22919,0.388236834067804,9808,9210,1.064929424538545,5.240429726935278,21.840329667841555,1.3472492100850704,6.324555320336759,0.6636000450146298,0.8927261613691931,0.7612968520871036,0.6967983344586991,0.9323426039119804,0.7975427518265926
HRF,11_dr.jpg,clean_recovery,structure_filtered,800,1200,81247,111621,7,112,0.6657299292780554,0.49894691028919164,0.7901707139955937,0.9460348926262556,0.5751516291737218,47422,17048,0.5836769357637821,0.2098292860044063,0.6514943318447269,0.4831231690230544,0.4831231690230544,1.0,1.0,0,4058,0.0,0.5168768309769456,861,427,0.2961672473867596,0.405152224824356,606,21324,26176,0.3168169315403423,8248,10544,0.7822458270106222,19498,22919,0.33548584144159865,7443,9210,0.8081433224755701,2.42080171931788,14.560219778561036,6.419038559118405,33.421549934136806,0.855374226223973,0.7056845965770171,0.7733525565323235,0.8819170887263178,0.7336109413202934,0.8009567319092568
HRF,11_dr.jpg,connected_recovery,raw,800,1200,81247,166765,0,0,0.5908665709723723,0.41931201034674176,0.9018302214235603,0.893606053123005,0.4393667736035739,93494,7976,1.1507378733984024,0.09816977857643974,0.7860842674913027,0.6475608202776716,0.6475608202776716,1.0,1.0,0,2767,0.0,0.35243917972232836,861,2335,0.7735191637630662,0.29507494646680943,195,36008,26176,0.38053942542787283,13602,10544,1.2900227617602429,26934,22919,0.3820847331908024,9869,9210,1.0715526601520087,5.247981234680678,21.633307652783937,1.3498300406087957,6.324555320336759,0.6617696067540546,0.8945216992665037,0.7607409626546395,0.69751166407465,0.9327246332518337,0.7981497064319293
HRF,11_dr.jpg,connected_recovery,structure_filtered,800,1200,81247,129483,9,73,0.6637593128648033,0.49673634342616463,0.8607948601179121,0.9322380691730213,0.5401249584887592,59546,11310,0.7329009071104163,0.13920513988208796,0.6875626880641926,0.5238823079862438,0.5238823079862438,1.0,1.0,0,3738,0.0,0.4761176920137562,861,557,0.34494773519163763,0.3770197486535009,564,24317,26176,0.33977689486552565,9227,10544,0.8750948406676783,21930,22919,0.357301801998342,8223,9210,0.8928338762214983,2.5019125593245133,14.317821063276353,3.99273913960904,23.194827009486403,0.8446354402270017,0.7889287897310513,0.8158322806068704,0.8735452564049841,0.8193383251833741,0.8455739250341168
HRF,11_g.jpg,baseline,raw,800,1200,73343,147080,0,0,0.5848572971060189,0.4132850318981823,0.8788568779569966,0.9068162773203167,0.43825129181397876,82622,8885,1.1265151411859347,0.12114312204300343,0.7820891514500538,0.6421563223459376,0.6421563223459376,1.0,1.0,0,3246,0.0,0.3578436776540624,1071,2284,0.6713352007469654,0.3095446584938704,352,33450,24765,0.39676963456491016,13051,10020,1.3024950099800399,24463,21058,0.400180453984234,9392,8575,1.0952769679300292,5.682194993034691,22.627416997969522,1.6110785662367133,8.06225774829855,0.6383856502242152,0.8673531193216233,0.7354606207279165,0.6730642750373692,0.9090652130022209,0.7734630106783278
HRF,11_g.jpg,baseline,structure_filtered,800,1200,73343,100941,13,128,0.6942691239585963,0.5317092034029389,0.8248912643333379,0.9543893523651198,0.599360022191181,40441,12843,0.5513954978661904,0.17510873566666213,0.6292406497922176,0.4590453092272076,0.4590453092272076,1.0,1.0,0,4907,0.0,0.5409546907727925,1071,412,0.23249299719887956,0.42961165048543687,822,19840,24765,0.34003634161114477,7933,10020,0.7917165668662675,17952,21058,0.36817361572798935,7169,8575,0.8360349854227406,1.9994503525160392,11.180339887498949,5.10715602250371,26.570660511172846,0.882258064516129,0.7264284272158288,0.7967958225532489,0.9053427419354839,0.7566323440339189,0.824334379940701
HRF,11_g.jpg,multiscale_line,raw,800,1200,73343,149187,0,0,0.5834629038781288,0.4118938398969615,0.8851424130455531,0.9049598661038034,0.4351518563949942,84268,8424,1.1489576374023425,0.11485758695444691,0.7833959227467812,0.6439201852056002,0.6439201852056002,1.0,1.0,0,3230,0.0,0.35607981479439976,1071,2282,0.6676003734827264,0.3098159509202454,356,33659,24765,0.3940642035130224,13040,10020,1.3013972055888223,24719,21058,0.3986133535948333,9409,8575,1.0972594752186589,5.671086559752696,22.567667210618115,1.606167130092419,8.06225774829855,0.6384028045990671,0.8684837472239048,0.7358781711943815,0.6740247779197243,0.9094286291136685,0.7742285652984204
HRF,11_g.jpg,multiscale_line,structure_filtered,800,1200,73343,104463,16,119,0.689110603691664,0.525681728475571,0.8353080730267374,0.9512787921372076,0.5864660214621444,43199,12079,0.5889996318667085,0.16469192697326263,0.6478348364015801,0.47910924925587034,0.47910924925587034,1.0,1.0,0,4725,0.0,0.5208907507441296,1071,425,0.24183006535947713,0.43058823529411766,812,20322,24765,0.3398748233393903,8032,10020,0.8015968063872255,18382,21058,0.36722385791623136,7258,8575,0.8464139941690962,2.047124456877313,11.313708498984761,4.8812827825893175,26.0,0.876291703572483,0.7359983848172824,0.8000412371228547,0.9017321129810058,0.7659600242277408,0.8283192511321515
HRF,11_g.jpg,clean_recovery,raw,800,1200,73343,153138,0,0,0.5780264128116708,0.40649588573202916,0.8924641751769085,0.9011094481857133,0.427431467042798,87682,7887,1.1955060469301775,0.1075358248230915,0.7862447313842242,0.6477786352111123,0.6477786352111123,1.0,1.0,0,3195,0.0,0.35222136478888766,1071,2281,0.6676003734827264,0.30951337132836476,356,33634,24765,0.39139915202907327,13018,10020,1.2992015968063872,24722,21058,0.395431664925444,9403,8575,1.0965597667638485,5.667603772405692,22.561028345356956,1.6069121675403526,8.06225774829855,0.6393233037997265,0.868766404199475,0.7365909399380517,0.6746447047630374,0.909590147385423,0.7746959683483855
HRF,11_g.jpg,clean_recovery,structure_filtered,800,1200,73343,108898,16,119,0.6793421897377648,0.514396828958193,0.8440069263597071,0.9469964146225655,0.5684401917390586,46996,11441,0.6407700803075959,0.15599307364029288,0.6562476853566402,0.4883695292690993,0.4883695292690993,1.0,1.0,0,4641,0.0,0.5116304707309006,1071,422,0.2530345471521942,0.43601895734597157,800,20484,24765,0.33813850191802947,8047,10020,0.8030938123752495,18565,21058,0.36418463291860576,7281,8575,0.8490962099125364,2.045485567171559,11.180339887498949,4.757951650084076,25.075883560831777,0.8770259714899433,0.7397536846355744,0.8025622928550902,0.9023628197617652,0.7694326670704623,0.8306128788397606
HRF,11_g.jpg,connected_recovery,raw,800,1200,73343,161911,0,0,0.5629319799025734,0.3917225712561673,0.9028264456048976,0.892072131613465,0.4089654192735515,95695,7127,1.3047598271136986,0.09717355439510246,0.792465388711395,0.6562672252232389,0.6562672252232389,1.0,1.0,0,3118,0.0,0.3437327747767611,1071,2289,0.6629318394024276,0.30275229357798167,361,34300,24765,0.38627094690086816,12981,10020,1.2955089820359282,25459,21058,0.390682875866654,9403,8575,1.0965597667638485,5.648802359292152,22.627416997969522,1.5817207495304542,8.06225774829855,0.6404081632653061,0.8742176458711892,0.7392665746342567,0.6782798833819242,0.9126186149808198,0.7781902470565054
HRF,11_g.jpg,connected_recovery,structure_filtered,800,1200,73343,123129,14,106,0.6453235066574372,0.4763672432708637,0.8643496993578119,0.9326289647518714,0.5148584005392718,59735,9949,0.8144608210735858,0.13565030064218808,0.6835498149626297,0.5192371293131959,0.5192371293131959,1.0,1.0,0,4361,0.0,0.4807628706868041,1071,482,0.27450980392156865,0.4149377593360996,777,22401,24765,0.33930950938824955,8597,10020,0.8579840319361277,20275,21058,0.36370975401272676,7747,8575,0.9034402332361516,2.78264833444545,15.652475842498529,4.0727132687938585,22.662737877601288,0.8384447122896299,0.7675752069452857,0.8014463156278663,0.8680862461497254,0.7983040581465778,0.8317340437421702
HRF,11_h.jpg,baseline,raw,800,1200,89656,144620,0,0,0.6979716232136455,0.5360648321170755,0.9119188899794771,0.9277745351263409,0.5653367445719818,62861,7897,0.7011354510573748,0.0880811100205229,0.8605679473322198,0.7552604346326319,0.7552604346326319,1.0,1.0,0,1419,0.0,0.24473956536736804,265,2236,0.8566037735849057,0.16949910554561717,38,32568,21378,0.5941622228459164,12579,8296,1.5162729026036643,23818,19947,0.5741715546197423,8989,7730,1.1628719275549806,7.439125575295902,29.120439557122072,0.8231311355395141,3.605551275463989,0.6232191107835913,0.9400318084011601,0.7495223966291806,0.6466470154753132,0.9642623257554496,0.7741433228125083
HRF,11_h.jpg,baseline,structure_filtered,800,1200,89656,105488,7,83,0.788351166318206,0.6506432758431101,0.8579570803961809,0.9671773459689502,0.7291919460033369,28567,12735,0.31862898188632105,0.14204291960381904,0.7330929749808806,0.5786478095895137,0.5786478095895137,1.0,1.0,0,2443,0.0,0.4213521904104864,265,426,0.5132075471698113,0.36619718309859156,129,21023,21378,0.5424267939002713,8105,8296,0.976976856316297,19142,19947,0.5446934376096656,7318,7730,0.9467011642949548,2.867226702541305,18.027756377319946,3.694004580392648,25.643697590214266,0.8492127669695095,0.8327720086069791,0.8409120367234012,0.8725205727060839,0.849705304518664,0.8609618154439941
HRF,11_h.jpg,multiscale_line,raw,800,1200,89656,146219,0,0,0.6970471648118707,0.5349749783623029,0.9169269206745784,0.9264532184975136,0.5622251554175586,64011,7448,0.713962255733024,0.08307307932542161,0.8619099028363922,0.7573301138323559,0.7573301138323559,1.0,1.0,0,1407,0.0,0.242669886167644,265,2228,0.8603773584905661,0.1701077199281867,37,32556,21378,0.5889699691271401,12522,8296,1.5094021215043394,23853,19947,0.5706622549756856,8953,7730,1.1582147477360931,7.441447147886022,29.12901953639818,0.8236198719635088,3.605551275463989,0.6231416635950362,0.9408270184301618,0.7497189939386306,0.6466703526231724,0.9645897651791562,0.7742655536412067
HRF,11_h.jpg,multiscale_line,structure_filtered,800,1200,89656,107334,7,81,0.7863444844915985,0.6479140698851421,0.8638685642901758,0.9656653001571792,0.7215886857845604,29883,12205,0.33330730793254215,0.13613143570982422,0.7364062329737386,0.5827871679889617,0.5827871679889617,1.0,1.0,0,2419,0.0,0.4172128320110383,265,425,0.5169811320754717,0.36941176470588233,128,21155,21378,0.5354102348208438,8084,8296,0.9744455159112826,19290,19947,0.5383766982503635,7303,7730,0.9447606727037516,2.874868776696382,18.027756377319946,3.639651780251177,25.495097567963924,0.8492082250059088,0.836467396388811,0.8427896612456534,0.8725596785629874,0.8533539152399663,0.8628499371646556
HRF,11_h.jpg,clean_recovery,raw,800,1200,89656,149407,0,0,0.6918260040240438,0.5288486135270644,0.9223587936111359,0.9233498478762421,0.5534881230464436,66712,6961,0.7440885161060051,0.0776412063888641,0.8635829086632693,0.7599172128320111,0.7599172128320111,1.0,1.0,0,1392,0.0,0.24008278716798895,265,2227,0.8603773584905661,0.16973506960035922,37,32628,21378,0.5784451305079988,12531,8296,1.5104869816779172,23956,19947,0.5611871459367324,8980,7730,1.1617076326002587,7.4369229553174625,29.120439557122072,0.8249030721998738,3.605551275463989,0.6232070614196396,0.9409673496117504,0.7498108813283705,0.6474500429079318,0.9650107587239218,0.7749599326819088
HRF,11_h.jpg,clean_recovery,structure_filtered,800,1200,89656,110746,7,80,0.7777167892536002,0.6362819863807828,0.8691888997947711,0.9622930703262158,0.7036642406949235,32818,11728,0.36604354421343804,0.13081110020522888,0.7398391653988263,0.5870989996550535,0.5870989996550535,1.0,1.0,0,2394,0.0,0.41290100034494653,265,430,0.5207547169811321,0.3674418604651163,127,21246,21378,0.5215174478435776,8106,8296,0.9770973963355835,19379,19947,0.5244397653782523,7334,7730,0.9487710219922381,2.910990918775239,18.027756377319946,3.650238556052457,25.495097567963924,0.8474536383319213,0.8370287211151651,0.8422089208820164,0.8711757507295491,0.85396201702685,0.8624830030188486
HRF,11_h.jpg,connected_recovery,raw,800,1200,89656,156319,0,0,0.6784510620998069,0.513375662938216,0.9306794860355135,0.9162652928037649,0.5337866798021994,72878,6215,0.812862496653877,0.06932051396448648,0.8677992579574302,0.7664711969644705,0.7664711969644705,1.0,1.0,0,1354,0.0,0.2335288030355295,265,2273,0.8566037735849057,0.16849978002639684,38,33222,21378,0.5552437084853588,12530,8296,1.5103664416586307,24477,19947,0.5382262996941896,8978,7730,1.1614489003880983,7.381335139739675,29.068883707497267,0.8412042376461867,3.605551275463989,0.6234422972728915,0.944007858546169,0.7509449991641383,0.6517067003792667,0.9660398540555711,0.7783353257598097
HRF,11_h.jpg,connected_recovery,structure_filtered,800,1200,89656,118684,5,78,0.7591149083229337,0.6117527830856471,0.8820045507272241,0.9544927063322088,0.66628189140912,39607,10579,0.44176630677255285,0.11799544927277594,0.7521790595071559,0.6027940669196274,0.6027940669196274,1.0,1.0,0,2303,0.0,0.39720593308037255,265,452,0.5320754716981132,0.3561946902654867,124,21716,21378,0.5028534006923004,8126,8296,0.9795081967213115,19784,19947,0.5040356945906652,7333,7730,0.9486416558861578,2.955396347803544,18.0,3.4302393459545297,24.020824298928627,0.8442622950819673,0.8479277762185424,0.8460910657203426,0.8695892429545036,0.8644400785854617,0.8670070156011926
HRF,12_dr.jpg,baseline,raw,800,1200,65275,183399,0,0,0.45430563709917404,0.293916862222731,0.8653695901953274,0.858155299114253,0.308000588879983,126912,8788,1.944266564534661,0.13463040980467253,0.808197324825132,0.6781301482701813,0.6781301482701813,1.0,1.0,0,3126,0.0,0.3218698517298188,1089,3535,0.7915518824609734,0.21074964639321075,227,41407,23240,0.34952667814113597,15680,9556,1.6408539137714524,27952,19587,0.35028335120232806,10075,8030,1.2546699875466998,8.920615088487994,29.017236257093817,1.5362688960957658,7.0710678118654755,0.4996981186755863,0.8658777969018933,0.633692350867019,0.5359721786171421,0.915447504302926,0.6761027138666493
HRF,12_dr.jpg,baseline,structure_filtered,800,1200,65275,104326,23,222,0.6153501453411242,0.4444084858498199,0.7994178475679816,0.9417206404202408,0.5001821214270652,52144,13093,0.7988356951359632,0.20058215243201838,0.6981233243967828,0.5362438220757826,0.5362438220757826,1.0,1.0,0,4504,0.0,0.46375617792421747,1089,637,0.349862258953168,0.35949764521193095,708,19653,23240,0.29178141135972463,7476,9556,0.7823357053160318,16963,19587,0.3154643385919232,6328,8030,0.7880448318804483,2.5851026527086285,15.0,7.6244397899858685,39.62511743820717,0.8292372665750776,0.7049913941480207,0.7620834515850162,0.861700503739887,0.7408777969018933,0.7967345752084561
HRF,12_dr.jpg,multiscale_line,raw,800,1200,65275,186517,0,0,0.4530882633284616,0.29289858793324774,0.8738720796629644,0.8552907317890972,0.3058273508580987,129475,8233,1.9835312140942167,0.12612792033703563,0.8106055967178984,0.6815280065897859,0.6815280065897859,1.0,1.0,0,3093,0.0,0.31847199341021415,1089,3526,0.7924701561065197,0.21072036301758365,226,41713,23240,0.35124784853700514,15724,9556,1.6454583507743825,28313,19587,0.35309133609026394,10161,8030,1.2653798256537983,8.955439506686206,29.068883707497267,1.5192737140345416,7.0710678118654755,0.49737491908997195,0.8692340791738382,0.6327124003260457,0.534221945196941,0.9175559380378657,0.6752803217436979
HRF,12_dr.jpg,multiscale_line,structure_filtered,800,1200,65275,111010,22,214,0.6035453952406614,0.43219836375896725,0.8149827652240521,0.9353857330464668,0.47921808846049907,57812,12077,0.885668326311758,0.18501723477594792,0.716108136691123,0.5577635914332785,0.5577635914332785,1.0,1.0,0,4295,0.0,0.4422364085667216,1089,693,0.39026629935720847,0.37373737373737376,664,20738,23240,0.29716006884681584,7793,9556,0.8155085809962327,17840,19587,0.3200592229540001,6562,8030,0.8171855541718556,2.8027218424915583,15.811388300841896,7.053791181282255,36.22223061812152,0.8099623878869707,0.7223752151462994,0.7636655956912614,0.8449223647410551,0.757013769363167,0.7985560104860624
HRF,12_dr.jpg,clean_recovery,raw,800,1200,65275,189657,0,0,0.4500651154033232,0.290376789293596,0.8788663347376484,0.8521456313392383,0.30248290334656774,132289,7907,2.0266411336652626,0.12113366526235159,0.8129316140072114,0.684822899505766,0.684822899505766,1.0,1.0,0,3061,0.0,0.3151771004942339,1089,3531,0.7998163452708907,0.20985556499575192,218,41696,23240,0.3489672977624785,15634,9556,1.63604018417748,28327,19587,0.35099811099198447,10075,8030,1.2546699875466998,8.92160810714145,29.0,1.5205913741403156,7.0710678118654755,0.49872889485801997,0.8691910499139415,0.6337954109095573,0.5357348426707598,0.9180722891566265,0.6766280101728201
HRF,12_dr.jpg,clean_recovery,structure_filtered,800,1200,65275,114777,23,210,0.5973385466420812,0.4258608128227058,0.8238376101110686,0.9318215094023303,0.46852592418341654,61001,11499,0.9345231711987744,0.17616238988893143,0.7161929940515532,0.5578665568369028,0.5578665568369028,1.0,1.0,0,4294,0.0,0.4421334431630972,1089,697,0.3682277318640955,0.351506456241033,688,20870,23240,0.29935456110154907,7798,9556,0.8160318124738384,18001,19587,0.32261193648848724,6587,8030,0.8202988792029888,2.7680735899468045,15.264337522473747,6.941095166372221,37.65833141164624,0.8121226641111644,0.7306368330464716,0.7692277797604321,0.8455198850023958,0.76592082616179,0.8037544097907233
HRF,12_dr.jpg,connected_recovery,raw,800,1200,65275,200235,0,0,0.43568227185416747,0.27851264740864157,0.8860819609345079,0.8408494230070692,0.2888555946762554,142396,7436,2.18147836078131,0.11391803906549215,0.8190661478599222,0.6935749588138386,0.6935749588138386,1.0,1.0,0,2976,0.0,0.30642504118616143,1089,3537,0.7970615243342516,0.20752049759683347,221,42824,23240,0.347289156626506,15738,9556,1.6469233989116785,29539,19587,0.3498238627661204,10280,8030,1.2801992528019925,8.977749854702363,29.068883707497267,1.513456490914469,7.0,0.49292452830188677,0.8734509466437177,0.6302007080247558,0.5329021109658135,0.9193631669535284,0.6747122304207034
HRF,12_dr.jpg,connected_recovery,structure_filtered,800,1200,65275,127462,26,186,0.568017557604404,0.39666516906042115,0.8385905783224818,0.9187202771801392,0.4294534841756759,72723,10536,1.1141018766756032,0.1614094216775182,0.7427017929963105,0.5907125205930808,0.5907125205930808,1.0,1.0,0,3975,0.0,0.4092874794069193,1089,815,0.426078971533517,0.33865030674846625,625,22884,23240,0.3030120481927711,8413,9556,0.8803892842193386,19554,19587,0.3234798590902129,7020,8030,0.8742216687422167,3.246183326738979,16.74509396866799,5.542580663179239,30.366920888883573,0.773859465128474,0.7546901893287435,0.7641546279489797,0.8134504457262717,0.7888984509466437,0.8009863493372602
HRF,12_g.jpg,baseline,raw,800,1200,79252,161906,0,0,0.584513057829307,0.4129413281149299,0.8893150961489931,0.896195052387289,0.4353143181846256,91426,8772,1.1536112653308435,0.11068490385100692,0.8010798871027119,0.6681678607983623,0.6681678607983623,1.0,1.0,0,3242,0.0,0.3318321392016377,986,2351,0.7038539553752535,0.3215652913653764,292,35517,27731,0.3979661750387653,13499,10668,1.2653730783652044,26151,23925,0.3973667711598746,9645,9093,1.0607060376113493,4.971276341083839,20.615528128088304,1.554698565751223,7.905124837953327,0.6644705352366472,0.8659983412065919,0.7519661329315949,0.6993833938677253,0.911543038476795,0.7914924618606752
HRF,12_g.jpg,baseline,structure_filtered,800,1200,79252,114435,10,146,0.6787548983669529,0.5137236819482002,0.8294175541311261,0.9447038199348735,0.5744134224669026,48702,13519,0.6145207691919446,0.17058244586887397,0.6804430037817396,0.5156601842374616,0.5156601842374616,1.0,1.0,0,4732,0.0,0.4843398157625384,986,494,0.3022312373225152,0.4716599190283401,688,22652,27731,0.34813025134326203,8687,10668,0.8143044619422573,20407,23925,0.37253918495297805,7745,9093,0.8517540965577917,2.3889083732434355,14.422205101855956,5.367924903106013,27.622430910073053,0.8593501677556066,0.7252533266019978,0.7866277843005788,0.8842927776796751,0.757744040964985,0.816141970931228
HRF,12_g.jpg,multiscale_line,raw,800,1200,79252,163022,0,0,0.5834716065281458,0.41190251407391865,0.8918386917680311,0.895155027317689,0.4335611144508103,92342,8572,1.1651693332660376,0.10816130823196891,0.8018150600932058,0.6691914022517912,0.6691914022517912,1.0,1.0,0,3232,0.0,0.3308085977482088,986,2342,0.7028397565922921,0.3219470538001708,293,35578,27731,0.3982546608488695,13459,10668,1.261623547056618,26273,23925,0.3990804597701149,9641,9093,1.0602661387880787,4.973776297962823,20.615528128088304,1.5549762915421017,8.0,0.6643150261397492,0.866106523385381,0.7519073132511702,0.6994490977570409,0.9112545526666908,0.79142575298943
HRF,12_g.jpg,multiscale_line,structure_filtered,800,1200,79252,116833,13,137,0.6736568324961114,0.5079053815038681,0.8333795992530157,0.942337649361679,0.56531117064528,50786,13205,0.6408166355423207,0.1666204007469843,0.683288409703504,0.518935516888434,0.518935516888434,1.0,1.0,0,4700,0.0,0.481064483111566,986,519,0.30324543610547666,0.45664739884393063,687,23012,27731,0.3495366196675201,8732,10668,0.8185226846644169,20672,23925,0.373876698014629,7767,9093,0.8541735400857803,2.5483214103486875,15.652475842498529,5.289534276065447,27.459060435491963,0.8519033547714236,0.7294003101222458,0.7859066983269668,0.877151051625239,0.7615304172226028,0.8152618053111547
HRF,12_g.jpg,clean_recovery,raw,800,1200,79252,165694,0,0,0.5796706212797923,0.40812408020603386,0.8958007368899208,0.8924777575424525,0.42846451893249,94700,8258,1.1949225256144955,0.10419926311007924,0.8034292712798531,0.6714431934493347,0.6714431934493347,1.0,1.0,0,3210,0.0,0.3285568065506653,986,2340,0.6977687626774848,0.32094017094017097,298,35617,27731,0.39461252749630377,13449,10668,1.2606861642294713,26331,23925,0.39594566353187044,9633,9093,1.0593863411415374,4.966588538128396,20.615528128088304,1.5571646248658582,7.905124837953327,0.6649352837128337,0.8670080415419567,0.7526443420981336,0.7001431900496954,0.9114348562980058,0.7919379508267298
HRF,12_g.jpg,clean_recovery,structure_filtered,800,1200,79252,119824,14,134,0.6668408045168679,0.5001959306706858,0.8375309140463332,0.9393152184279726,0.5539457871544933,53448,12876,0.6744056932317165,0.1624690859536668,0.6884145522888978,0.5248720573183214,0.5248720573183214,1.0,1.0,0,4642,0.0,0.47512794268167863,986,521,0.30730223123732253,0.46065259117082535,683,23093,27731,0.3456420612311132,8736,10668,0.8188976377952756,20744,23925,0.3697805642633229,7756,9093,0.852963818321786,2.5475384050294,15.524174696260024,5.262811077561691,27.459060435491963,0.8520763867838739,0.7313115286141862,0.7870885951006051,0.8773654354133287,0.7630810284519131,0.8162423261358697
HRF,12_g.jpg,connected_recovery,raw,800,1200,79252,171620,0,0,0.5700596320035716,0.3986597236934536,0.9022611416746581,0.886330709805756,0.41665307073767627,100114,7746,1.2632362590218544,0.09773885832534195,0.8071546303644466,0.6766632548618219,0.6766632548618219,1.0,1.0,0,3159,0.0,0.3233367451381781,986,2337,0.7028397565922921,0.3196405648267009,293,36029,27731,0.3965237459882442,13416,10668,1.2575928008998876,26816,23925,0.40037617554858934,9627,9093,1.0587264929066316,4.969877657595437,20.615528128088304,1.542848587542334,7.810249675906654,0.6657414860251464,0.8700732032743139,0.7543147377535693,0.7019345527214188,0.9125527388121597,0.7935055319566715
HRF,12_g.jpg,connected_recovery,structure_filtered,800,1200,79252,128150,17,120,0.6482097568972334,0.4795194818164957,0.8481804875586736,0.930820166494843,0.5245415528677331,60930,12032,0.7688134053399284,0.1518195124413264,0.7065598729065996,0.5462640736949846,0.5462640736949846,1.0,1.0,0,4433,0.0,0.45373592630501536,986,559,0.3204868154158215,0.4543828264758497,670,23974,27731,0.3482023727957881,8877,10668,0.8321147356580427,21550,23925,0.37320794148380354,7865,9093,0.8649510612559111,2.742581576679622,16.76305461424021,4.994958857532953,26.21065707670909,0.8413698173020773,0.7426706573870397,0.7889453398518521,0.8683990990239426,0.7735386390681909,0.8182286595197686
HRF,12_h.jpg,baseline,raw,800,1200,100849,163865,0,0,0.6845425629169595,0.5203836654988225,0.8984124780612599,0.9147286099882326,0.552918561010588,73261,10245,0.7264425031482712,0.1015875219387401,0.85153208058236,0.7414504716981132,0.7414504716981132,1.0,1.0,0,1754,0.0,0.25854952830188677,316,2554,0.8227848101265823,0.16405638214565388,56,36131,22753,0.5891091284665758,13816,8816,1.5671506352087115,26123,21087,0.5661307914829041,9677,8151,1.1872162924794503,7.496215627272999,28.30194339616981,0.8321807094312438,4.123105625617661,0.591652597492458,0.9357007867094449,0.7249269313292033,0.6165342780437851,0.9618511844591922,0.7514187626331981
HRF,12_h.jpg,baseline,structure_filtered,800,1200,100849,118252,9,122,0.7832552110670421,0.6437300723958138,0.8508363989727216,0.9622348108772497,0.7256198626661705,32446,15043,0.3217285248242422,0.1491636010272784,0.7181861124232405,0.5602889150943396,0.5602889150943396,1.0,1.0,0,2983,0.0,0.43971108490566035,316,492,0.4778481012658228,0.32926829268292684,165,22626,22753,0.5320617061486398,8695,8816,0.9862749546279492,20478,21087,0.5340731256224214,7766,8151,0.9527665317139001,3.013343761161886,18.867962264113206,3.2812631132463235,22.47220505424423,0.8295765932997436,0.827363424603349,0.8284685308908967,0.854680456112437,0.8479321408165956,0.8512929249703304
HRF,12_h.jpg,multiscale_line,raw,800,1200,100849,164857,0,0,0.6846740382226972,0.5205356376434233,0.9019524239209115,0.9139895082470951,0.5517569772590791,73896,9888,0.7327390455036739,0.09804757607908854,0.8540540540540541,0.7452830188679245,0.7452830188679245,1.0,1.0,0,1728,0.0,0.25471698113207547,316,2543,0.8227848101265823,0.16397955171057807,56,36215,22753,0.587219267788863,13801,8816,1.5654491833030852,26278,21087,0.5660359463176364,9692,8151,1.1890565574776102,7.48169136701765,28.289572892074197,0.8252605254596093,4.049242250246795,0.5927654286897694,0.9371511449039687,0.7261975061179021,0.6174237194532652,0.9622906869423812,0.7522133022548348
HRF,12_h.jpg,multiscale_line,structure_filtered,800,1200,100849,120115,9,118,0.7845621911261563,0.6454976020970481,0.8595028210492915,0.961083674464675,0.7216417599800191,33435,14169,0.3315352655950976,0.14049717895070848,0.7261290019716459,0.5700176886792453,0.5700176886792453,1.0,1.0,0,2917,0.0,0.4299823113207547,316,490,0.4810126582278481,0.3326530612244898,164,22883,22753,0.5332044126049312,8745,8816,0.9919464609800362,20760,21087,0.5362545644235786,7832,8151,0.9608636977058029,3.051986456098195,19.1049731745428,3.096282029025895,21.93171219946131,0.828387886203732,0.8338680613545466,0.8311189401764238,0.8532535069702399,0.8539533248362853,0.8536032724686663
HRF,12_h.jpg,clean_recovery,raw,800,1200,100849,167073,0,0,0.6832734900456103,0.5189183060264188,0.9076143541334074,0.9120748273586367,0.5478563262765378,75541,9317,0.7490505607393232,0.09238564586659263,0.8550210970464135,0.7467570754716981,0.7467570754716981,1.0,1.0,0,1718,0.0,0.2532429245283019,316,2539,0.8227848101265823,0.16423788893265065,56,36239,22753,0.5818573374939568,13720,8816,1.5562613430127041,26338,21087,0.5618153364632238,9634,8151,1.1819408661513924,7.482375697706917,28.284271247461902,0.8322594838628775,4.0,0.592538425453241,0.9372390454006065,0.7260535062331707,0.6176218990590248,0.962422537687338,0.7524006560824061
HRF,12_h.jpg,clean_recovery,structure_filtered,800,1200,100849,123006,9,115,0.7809608898617408,0.6406364515845329,0.8667512816190542,0.9585695646050578,0.7106238720062436,35595,13438,0.35295342541819946,0.13324871838094576,0.7333831217326363,0.5790094339622641,0.5790094339622641,1.0,1.0,0,2856,0.0,0.4209905660377358,316,498,0.4873417721518987,0.3353413654618474,162,23078,22753,0.5266997758537336,8740,8816,0.9913793103448276,20925,21087,0.5300422060985441,7818,8151,0.9591461170408538,3.0779262705434074,19.1049731745428,3.029342999631088,21.213203435596427,0.8255914723979547,0.8367248274952753,0.8311208671515986,0.851676921743652,0.8567661407286952,0.854213951191381
HRF,12_h.jpg,connected_recovery,raw,800,1200,100849,172412,0,0,0.677337783291432,0.5121018614843179,0.9176590744578528,0.9070396240009032,0.5367665823724567,79867,8304,0.7919463752739244,0.08234092554214717,0.8606935930808632,0.7554540094339622,0.7554540094339622,1.0,1.0,0,1659,0.0,0.24454599056603774,316,2522,0.810126582278481,0.16098334655035687,60,36688,22753,0.5674416560453567,13718,8816,1.5560344827586208,26937,21087,0.5517143263622137,9709,8151,1.191142191142191,7.446849545083653,28.284271247461902,0.8338150358354646,4.0,0.5933820322721326,0.9397002593064651,0.7274250738618401,0.6212112952464021,0.9633454929020349,0.7553419427961788
HRF,12_h.jpg,connected_recovery,structure_filtered,800,1200,100849,130239,12,104,0.7684345357612684,0.6239494026704147,0.8804053585062817,0.9517535334300955,0.6817312786492525,41451,12061,0.41102043649416453,0.11959464149371833,0.7554577141808843,0.6070165094339622,0.6070165094339622,1.0,1.0,0,2666,0.0,0.39298349056603776,316,526,0.5,0.3288973384030418,158,23870,22753,0.5155803630290511,8896,8816,1.0090744101633393,21646,21087,0.5204154218238726,7971,8151,0.9779168200220831,3.246898731508736,19.697715603592208,2.8584884585873565,20.248456731316587,0.8152492668621701,0.8470970860985365,0.8308681005891871,0.843108504398827,0.866742847097086,0.8547623334333482
HRF,13_dr.jpg,baseline,raw,800,1200,65778,173133,0,0,0.4874869721360674,0.3223026599807392,0.8852959956216364,0.8715084173728671,0.3363483564658384,114900,7545,1.7467846392410837,0.11470400437836359,0.8234672304439746,0.6999101527403414,0.6999101527403414,1.0,1.0,0,2004,0.0,0.3000898472596586,807,3468,0.8426270136307311,0.19521337946943484,127,40159,21376,0.36040419161676646,15096,8725,1.7302005730659025,26900,18550,0.35088948787061996,9768,7673,1.2730353186498111,9.08639509803914,29.412581899647343,1.2669107184222945,5.385164807134504,0.5058143878084613,0.9101328592814372,0.6502478054714937,0.5384845240170323,0.9474176646706587,0.6866801248285073
HRF,13_dr.jpg,baseline,structure_filtered,800,1200,65778,96495,19,230,0.6710543343624633,0.5049524233487285,0.8277387576393322,0.9529781195273657,0.5642468521685061,42048,11331,0.6392410836449877,0.1722612423606677,0.632258064516129,0.46226415094339623,0.46226415094339623,1.0,1.0,0,3591,0.0,0.5377358490566038,807,511,0.28004956629491945,0.3150684931506849,581,17959,21376,0.3051553143712575,6984,8725,0.8004584527220631,15799,18550,0.32285714285714284,6101,7673,0.7951257656718363,2.0134723541645423,11.0,6.044994701026613,33.015148038438355,0.8786680772871541,0.7309599550898204,0.7980367704757483,0.9076786012584219,0.7555202095808383,0.8246392705256465
HRF,13_dr.jpg,multiscale_line,raw,800,1200,65778,176971,0,0,0.48688975031822995,0.32178074956575714,0.8984158837301225,0.8681815030272125,0.3339304179780868,117875,6682,1.792012526984706,0.10158411626987747,0.8287292817679558,0.7075471698113207,0.7075471698113207,1.0,1.0,0,1953,0.0,0.29245283018867924,807,3452,0.8426270136307311,0.1969872537659328,127,40432,21376,0.3630239520958084,15087,8725,1.7291690544412608,27313,18550,0.35692722371967656,9831,7673,1.2812459272774663,9.099210911485782,29.5296461204668,1.2382113802499313,5.0990195135927845,0.5041798575385833,0.9137350299401198,0.6498088161587798,0.537989711119905,0.9490550149700598,0.6867067605735887
HRF,13_dr.jpg,multiscale_line,structure_filtered,800,1200,65778,106124,17,212,0.6553152377517423,0.4873374460316499,0.8562893368603485,0.9443102495800819,0.5307470506200294,49799,9453,0.7570768341998845,0.14371066313965156,0.6818002368732728,0.5172207247678946,0.5172207247678946,1.0,1.0,0,3224,0.0,0.4827792752321054,807,593,0.3469640644361834,0.33389544688026984,527,19624,21376,0.3166635479041916,7370,8725,0.8446991404011461,17153,18550,0.33444743935309973,6377,7673,0.8310960510882315,2.2917378417666776,13.0,4.8648995022633335,28.160255680657446,0.8535976355483081,0.7710048652694611,0.81020179355747,0.8860578883000407,0.7960329341317365,0.8386363580705629
HRF,13_dr.jpg,clean_recovery,raw,800,1200,65778,180282,0,0,0.48394700479557834,0.3192150975766674,0.9051658609261455,0.8649753640594842,0.3302603698649893,120742,6238,1.83559852838335,0.09483413907385448,0.831496062992126,0.7115902964959568,0.7115902964959568,1.0,1.0,0,1926,0.0,0.2884097035040431,807,3448,0.8327137546468402,0.1937354988399072,135,40225,21376,0.36026384730538924,14944,8725,1.712779369627507,27149,18550,0.35401617250673856,9702,7673,1.264433728658934,9.089592898387565,29.427877939124322,1.251543038416258,5.0990195135927845,0.5047110006215041,0.9125187125748503,0.6499415418983527,0.5385456805469235,0.9486807634730539,0.687061381191401
HRF,13_dr.jpg,clean_recovery,structure_filtered,800,1200,65778,111531,21,206,0.6432950386049213,0.47415986298408686,0.8670224087080787,0.9390531657686794,0.511346621118792,54500,8747,0.8285444981604791,0.1329775912919213,0.688144583046852,0.5245582509733453,0.5245582509733453,1.0,1.0,0,3175,0.0,0.4754417490266547,807,617,0.3420074349442379,0.3225283630470016,531,19965,21376,0.3183008982035928,7429,8725,0.8514613180515759,17370,18550,0.33482479784366576,6405,7673,0.8347452104783005,2.4250852854792697,13.601470508735444,4.507726640192646,26.67849436604089,0.8451289757074881,0.7798933383233533,0.8112017324160876,0.8781367392937641,0.8068394461077845,0.8409796725641312
HRF,13_dr.jpg,connected_recovery,raw,800,1200,65778,191344,0,0,0.46756014654521977,0.30510831827502893,0.9138313721913102,0.8532422597520526,0.3141462496864286,131234,5668,1.9951047462677491,0.08616862780868983,0.8369905956112853,0.7196765498652291,0.7196765498652291,1.0,1.0,0,1872,0.0,0.2803234501347709,807,3426,0.8190830235439901,0.19001751313485113,146,41173,21376,0.35507110778443113,15008,8725,1.7201146131805158,28247,18550,0.351644204851752,9849,7673,1.2835918154567965,9.107897041833903,29.732137494637012,1.2486279849533894,5.0990195135927845,0.5019308770310641,0.9153723802395209,0.6483491225560891,0.5381196415126418,0.9494292664670658,0.686910573188142
HRF,13_dr.jpg,connected_recovery,structure_filtered,800,1200,65778,123354,23,183,0.6146077871539454,0.44363450397294885,0.8835932986712882,0.9270505534419864,0.4711723981386903,65233,7657,0.9917145550183952,0.11640670132871173,0.7190946580991656,0.5613956274333632,0.5613956274333632,1.0,1.0,0,2929,0.0,0.4386043725666367,807,707,0.3655514250309789,0.29985855728429983,512,21627,21376,0.31773952095808383,7877,8725,0.9028080229226361,18663,18550,0.3342857142857143,6698,7673,0.8729310569529519,2.898563729760121,16.096526710182456,3.865935424106491,22.47220505424423,0.8127340823970037,0.8036583083832335,0.8081707159105013,0.8489388264669163,0.829060628742515,0.8388819853898586
HRF,13_g.jpg,baseline,raw,800,1200,65371,162426,0,0,0.49742533922747006,0.3310486674730193,0.8666840036101635,0.8817722206635377,0.34881115092411313,105770,8715,1.6179957473497422,0.13331599638983646,0.7838539617593832,0.6445393374741201,0.6445393374741201,1.0,1.0,0,2747,0.0,0.35546066252587993,790,3006,0.7417721518987341,0.21989354624085164,204,38393,24140,0.3648301574150787,14208,9172,1.5490623637156564,26883,21254,0.3654841441610991,9464,7964,1.1883475640381718,7.674997620868845,26.92582403567252,1.4610078352999398,7.0,0.5547886333446201,0.8816072908036454,0.6810179502585691,0.585862006094861,0.9243993371996686,0.7171877271825811
HRF,13_g.jpg,baseline,structure_filtered,800,1200,65371,93711,15,211,0.6475151179894646,0.47875959768725945,0.7878722981138425,0.9528217842256399,0.5496046355283798,42207,13867,0.6456532713282648,0.21212770188615748,0.6171602397781157,0.4462991718426501,0.4462991718426501,1.0,1.0,0,4279,0.0,0.5537008281573499,790,422,0.20506329113924052,0.3744075829383886,628,19182,24140,0.3051367025683513,7013,9172,0.7646096816397733,17421,21254,0.3267620212665851,6266,7964,0.7867905575087896,2.378284296586282,14.317821063276353,6.914260410948461,35.510561809129406,0.8705035971223022,0.7057995028997515,0.7795467840071754,0.8923991241789178,0.7331400165700083,0.8049680161945061
HRF,13_g.jpg,multiscale_line,raw,800,1200,65371,165828,0,0,0.4953914160528376,0.32924936181956166,0.8760306557953833,0.8786524917032648,0.3453397496200883,108561,8104,1.6606905202612778,0.12396934420461672,0.7882399059192473,0.650491718426501,0.650491718426501,1.0,1.0,0,2701,0.0,0.34950828157349895,790,2999,0.7455696202531645,0.22107369123041012,201,38550,24140,0.36387738193869096,14168,9172,1.544701264718709,27118,21254,0.3650606944575139,9462,7964,1.1880964339527875,7.676725864496058,26.92582403567252,1.4596399232422161,7.0,0.5545525291828793,0.8826014913007456,0.6811363045092442,0.586822308690013,0.9246478873239437,0.7179817496841588
HRF,13_g.jpg,multiscale_line,structure_filtered,800,1200,65371,98478,16,203,0.6418348601456219,0.4725749773068385,0.8043627908399749,0.9486982872229718,0.533946668291395,45896,12789,0.702085022410549,0.19563720916002508,0.6351112681031438,0.46532091097308487,0.46532091097308487,1.0,1.0,0,4132,0.0,0.5346790890269151,790,431,0.22151898734177214,0.37819025522041766,615,19645,24140,0.30584092792046397,7096,9172,0.7736589620584388,17853,21254,0.32751482073962546,6343,7964,0.7964590657960824,2.4155718708003007,14.317821063276353,6.368515514467648,33.61547262794322,0.866530923899211,0.7194283347141673,0.7861575209746432,0.8898447442097226,0.7467688483844241,0.8120528118321869
HRF,13_g.jpg,clean_recovery,raw,800,1200,65371,170390,0,0,0.48888493007749373,0.32352594438924165,0.8815835768154074,0.8739589259905503,0.3382240741827572,112760,7741,1.7249238959171498,0.11841642318459256,0.7908941563013377,0.6541149068322981,0.6541149068322981,1.0,1.0,0,2673,0.0,0.3458850931677019,790,2992,0.739240506329114,0.2195855614973262,206,38538,24140,0.35791217895608946,14103,9172,1.5376144788486699,27165,21254,0.35889714877199586,9415,7964,1.1821948769462582,7.668785070343806,26.92582403567252,1.4719535570412032,7.0,0.5546992578753438,0.881814415907208,0.6810123857707887,0.5871866728942862,0.9239850869925434,0.718054351512922
HRF,13_g.jpg,clean_recovery,structure_filtered,800,1200,65371,104433,15,205,0.627605945678547,0.4573073919274968,0.8151167949090575,0.9428276972912794,0.5102314402535597,51148,12086,0.7824264582154167,0.18488320509094247,0.6522497384025113,0.4839544513457557,0.4839544513457557,1.0,1.0,0,3988,0.0,0.5160455486542443,790,438,0.23924050632911392,0.3812785388127854,601,19935,24140,0.3044324772162386,7220,9172,0.7871783689489752,18097,21254,0.3252564223205044,6436,7964,0.808136614766449,2.441319588574875,14.560219778561036,5.89631956864736,31.0,0.8634562327564584,0.7273819386909693,0.7895994449086541,0.8878354652621019,0.7564208782104391,0.8168766202496311
HRF,13_g.jpg,connected_recovery,raw,800,1200,65371,180547,0,0,0.47454029391911123,0.3110801891570569,0.8925823377338575,0.8634093015093407,0.32317900602059296,122198,7022,1.8692998424377782,0.10741766226614248,0.7991609043586357,0.6655020703933747,0.6655020703933747,1.0,1.0,0,2585,0.0,0.3344979296066253,790,2992,0.7455696202531645,0.21691176470588236,201,39275,24140,0.35563380281690143,14144,9172,1.5420846053205408,28003,21254,0.3587559988708008,9531,7964,1.1967604218985435,7.636914977882472,26.90724809414742,1.4601832255692304,6.7227937358741885,0.5543475493316359,0.8859154929577465,0.6819658187651814,0.5907320178230426,0.925973487986744,0.7213030939938462
HRF,13_g.jpg,connected_recovery,structure_filtered,800,1200,65371,117555,17,184,0.6026699321036922,0.43130105474007074,0.8432179406770587,0.9302135298542747,0.46890391731529923,62433,10249,0.9550565235349008,0.15678205932294137,0.6958062610750148,0.5335144927536232,0.5335144927536232,1.0,1.0,0,3605,0.0,0.46648550724637683,790,485,0.2721518987341772,0.3649484536082474,575,21447,24140,0.31072908036454017,7537,9172,0.8217400784997819,19409,21254,0.33179636774254256,6679,7964,0.8386489201406329,2.6360367723867717,15.231546211727817,5.071024650494352,28.0178514522438,0.8431948524269128,0.7563794531897265,0.7974312405139525,0.8720566979064671,0.7848798674399338,0.8261749541508132
HRF,13_h.jpg,baseline,raw,800,1200,83619,157580,0,0,0.6290905020335905,0.4588855084648372,0.9073057558688815,0.9067620133252546,0.481457037695139,81712,7751,0.9771941783565936,0.09269424413111853,0.8710217755443886,0.771513353115727,0.771513353115727,1.0,1.0,0,1386,0.0,0.228486646884273,287,2714,0.8571428571428571,0.1425939572586588,41,36094,20460,0.5795210166177908,13746,7902,1.7395596051632498,25411,18922,0.5484621075996194,9227,7325,1.2596587030716724,8.273650400004083,29.068883707497267,0.7212692299960857,3.1622776601683795,0.552584917160747,0.9482893450635386,0.6982735361319004,0.5788773757411204,0.976001955034213,0.7267257841374493
HRF,13_h.jpg,baseline,structure_filtered,800,1200,83619,58210,10,186,0.532232477137962,0.36261360797801817,0.45136870806874035,0.9766460021383394,0.6483937467789039,20467,45876,0.24476494576591445,0.5486312919312596,0.4289044289044289,0.27299703264094954,0.27299703264094954,1.0,1.0,0,4410,0.0,0.7270029673590505,287,282,0.21602787456445993,0.2375886524822695,225,11801,20460,0.2602639296187683,4635,7902,0.5865603644646925,10544,18922,0.2607018285593489,4080,7325,0.5569965870307167,4.916307541648026,27.018512172212592,58.006895099431375,232.1319667656543,0.7365477501906618,0.42253176930596287,0.5370034045663128,0.7666299466146936,0.43592375366568914,0.5558042088646605
HRF,13_h.jpg,multiscale_line,raw,800,1200,83619,160694,0,0,0.6300033154191549,0.4598575474742163,0.9203530298137983,0.9044536565717421,0.47891644989856497,83735,6660,1.0013872445257657,0.0796469701862017,0.8773942814842232,0.7815694032311243,0.7815694032311243,1.0,1.0,0,1325,0.0,0.2184305967688757,287,2691,0.8397212543554007,0.1426978818283166,46,36124,20460,0.5851417399804496,13691,7902,1.7325993419387498,25578,18922,0.5579748440968185,9234,7325,1.2606143344709897,8.266622156274014,29.068883707497267,0.6865752836146807,3.0,0.5516277267190788,0.9533724340175953,0.6988792190378742,0.5782028568264865,0.977761485826002,0.7266805143307445
HRF,13_h.jpg,multiscale_line,structure_filtered,800,1200,83619,114094,18,127,0.7412360340493543,0.5888602264599757,0.8763080161207382,0.9534243667993715,0.6422423615615195,40818,10343,0.4881426470060632,0.12369198387926189,0.7791083828117138,0.6381470491262776,0.6381470491262776,1.0,1.0,0,2195,0.0,0.3618529508737224,287,594,0.5156794425087108,0.2845117845117845,139,22578,20460,0.5347018572825024,8495,7902,1.075044292584156,19978,18922,0.5322376070182856,7362,7325,1.005051194539249,3.8890652637856897,23.40939982143925,3.003385072454406,20.518284528683193,0.7838603950748516,0.8541055718475073,0.8174767296807383,0.8127823545043849,0.873900293255132,0.8422340016333055
HRF,13_h.jpg,clean_recovery,raw,800,1200,83619,163939,0,0,0.6252676140540803,0.45482860551353704,0.9255671557899521,0.9012484296213633,0.4720963285124345,86544,6224,1.0349800882574534,0.07443284421004795,0.8792609699769053,0.7845367622815694,0.7845367622815694,1.0,1.0,0,1307,0.0,0.2154632377184306,287,2689,0.8466898954703833,0.14317590182223874,44,36077,20460,0.5763929618768329,13654,7902,1.7279169830422678,25562,18922,0.5495190783215305,9236,7325,1.260887372013652,8.275655442312392,29.068883707497267,0.70248420360915,3.0,0.5520691853535493,0.9521505376344086,0.6989045065858109,0.5783463148266208,0.9764418377321603,0.7264289190338141
HRF,13_h.jpg,clean_recovery,structure_filtered,800,1200,83619,108271,10,163,0.7386523529105217,0.5856056850107421,0.8475346512156328,0.9573233559376573,0.6545612398518532,37401,12749,0.4472787285186381,0.15246534878436718,0.7210626185958254,0.5637982195845698,0.5637982195845698,1.0,1.0,0,2646,0.0,0.4362017804154303,287,462,0.4250871080139373,0.2857142857142857,165,20261,20460,0.484652981427175,7657,7902,0.9689951910908631,18234,18922,0.4877391396258324,6778,7325,0.9253242320819113,3.439530575994447,21.0,4.7452926755391225,28.180664748199476,0.8045506144810226,0.7878787878787878,0.7961274289272569,0.8321899215241103,0.807624633431085,0.8197232769827644
HRF,13_h.jpg,connected_recovery,raw,800,1200,83619,170711,0,0,0.6151771320725042,0.44422802823379764,0.935540965570026,0.8944728377269704,0.45825400823614176,92482,5390,1.105992657171217,0.06445903442997405,0.8863594639250963,0.795911638641609,0.795911638641609,1.0,1.0,0,1238,0.0,0.20408836135839103,287,2673,0.818815331010453,0.14104002992891881,52,36783,20460,0.5558162267839687,13731,7902,1.737661351556568,26412,18922,0.5353028221118274,9398,7325,1.2830034129692833,8.202680590650019,29.0,0.6962579471707078,2.8284271247461903,0.5534893836826795,0.95772238514174,0.7015418800021217,0.583639181143463,0.9789833822091887,0.7313001526353637
HRF,13_h.jpg,connected_recovery,structure_filtered,800,1200,83619,130327,20,101,0.7112635898778197,0.5519077324822284,0.9099128188569583,0.9381079690226055,0.5838084203580225,54241,7533,0.6486683648453103,0.09008718114304165,0.8198443579766537,0.6946917243653149,0.6946917243653149,1.0,1.0,0,1852,0.0,0.30530827563468516,287,654,0.5609756097560976,0.27675840978593275,126,24332,20460,0.5188660801564028,9032,7902,1.1430017717033663,21554,18922,0.5186026847056336,7818,7325,1.0673037542662116,4.14149979067029,24.0,1.9474273992055773,13.152946437965905,0.7670557290810456,0.8916422287390029,0.8246700692194915,0.7981670228505672,0.9104594330400781,0.8506232507292095
HRF,14_dr.jpg,baseline,raw,800,1200,73321,194763,0,0,0.4690246340699184,0.3063567478010867,0.8574487527447798,0.8512494375078241,0.3227974512612765,131894,10452,1.7988570805089947,0.1425512472552202,0.7999558645040273,0.6666053696211842,0.6666053696211842,1.0,1.0,0,3626,0.0,0.3333946303788157,1110,3377,0.7702702702702703,0.2093574178264732,255,43095,25209,0.3269863937482645,15716,9539,1.6475521543138694,29879,21503,0.3216760452029949,10146,8109,1.2512023677395487,8.02717405126493,26.0,1.5902635522554152,7.0710678118654755,0.5150249448891983,0.8631837835693601,0.6451289581648111,0.552059403643114,0.9149510095600778,0.6886212996914025
HRF,14_dr.jpg,baseline,structure_filtered,800,1200,73321,121111,18,213,0.5761808755760369,0.40467280267017297,0.7639557561953602,0.9265833520360807,0.4625013417443502,65097,17307,0.8878356814555175,0.23604424380463987,0.6976410010777152,0.5356748804707613,0.5356748804707613,1.0,1.0,0,5050,0.0,0.4643251195292387,1110,808,0.3972972972972973,0.33292079207920794,669,24163,25209,0.2786306477845214,8708,9539,0.9128839500995911,20782,21503,0.29205227177603127,7307,8109,0.9010975459366136,4.201140779755733,20.808652046684813,8.114382902721024,46.2709412050371,0.7393535570914208,0.7100241977071681,0.7243921254590074,0.7765592020858337,0.7482645087072077,0.762149336631983
HRF,14_dr.jpg,multiscale_line,raw,800,1200,73321,196809,0,0,0.46909265909006775,0.3064147950399474,0.8641180562185459,0.8494934468956635,0.3219263346696543,133451,9963,1.8200924700972436,0.13588194378145416,0.802400484501459,0.6700073556454579,0.6700073556454579,1.0,1.0,0,3589,0.0,0.3299926443545421,1110,3382,0.7720720720720721,0.20934358367829686,253,43481,25209,0.3296838430719188,15746,9539,1.6506971380647866,30254,21503,0.32614053852950753,10200,8109,1.2578616352201257,8.069411558763484,26.0,1.5749424726301842,7.0710678118654755,0.5116257675766427,0.8650481970724742,0.6429713340744398,0.5491364044065223,0.9159427188702447,0.6866216073815737
HRF,14_dr.jpg,multiscale_line,structure_filtered,800,1200,73321,131088,22,198,0.580952893463595,0.4093964821799177,0.809808922409678,0.919122929493086,0.4529476382277554,71712,13945,0.9780554002264017,0.190191077590322,0.7090035016914951,0.5491908789996323,0.5491908789996323,1.0,1.0,0,4903,0.0,0.4508091210003678,1110,883,0.4117117117117117,0.32163080407701017,653,25944,25209,0.29279225673370624,9239,9539,0.9685501624908271,22244,21503,0.3087476166116356,7725,8109,0.952645209027007,4.436802321869698,21.175430551813736,4.477411542759496,23.706539182259394,0.7245991366019118,0.746995120790194,0.7356267080433347,0.7618331791551033,0.786544488079654,0.773991643745138
HRF,14_dr.jpg,clean_recovery,raw,800,1200,73321,198764,0,0,0.4681625227410552,0.3056215360253365,0.8686460904788532,0.8476630212286521,0.32043025900062383,135074,9631,1.8422280110745899,0.13135390952114673,0.8051634166437792,0.6738690695108496,0.6738690695108496,1.0,1.0,0,3547,0.0,0.32613093048915043,1110,3352,0.7639639639639639,0.2091288782816229,262,43365,25209,0.3319846086715062,15678,9539,1.643568508229374,30296,21503,0.32939589824675625,10190,8109,1.2566284375385375,8.045905314060194,26.0,1.574235550381261,7.0710678118654755,0.5129251700680272,0.8652068705621009,0.6440404375536863,0.55025942580422,0.9158237137530247,0.6874652838853562
HRF,14_dr.jpg,clean_recovery,structure_filtered,800,1200,73321,133605,25,199,0.578535321805863,0.4069994356390538,0.8163691166241596,0.9168267208313268,0.44801467010965157,73748,13464,1.005823706714311,0.1836308833758405,0.7166961651917404,0.558477381390217,0.558477381390217,1.0,1.0,0,4802,0.0,0.44152261860978304,1110,876,0.4036036036036036,0.3253424657534247,662,26005,25209,0.29469633860922684,9246,9539,0.9692839920327079,22325,21503,0.31111937869134537,7716,8109,0.9515353311135775,4.409859546835468,21.095023109728988,4.3652431458473995,22.80350850198276,0.7267064026148817,0.7518346622238089,0.7390570011735822,0.7630071140165353,0.791146019278829,0.7768218304918949
HRF,14_dr.jpg,connected_recovery,raw,800,1200,73321,204575,0,0,0.461784264616979,0.3002077367918702,0.8751108140914609,0.8416439320204945,0.3136453623365514,140411,9157,1.9150175256747726,0.12488918590853916,0.8092839938690607,0.679661640308937,0.679661640308937,1.0,1.0,0,3484,0.0,0.3203383596910629,1110,3336,0.7639639639639639,0.20833333333333334,262,44357,25209,0.32770042445158476,15761,9539,1.6522696299402453,31467,21503,0.3266520950565037,10393,8109,1.281662350474781,8.05686853089043,26.0,1.5523265226368,7.042640687119182,0.5097053452668124,0.869411718037209,0.6426485636534811,0.5492481457267173,0.9176087905113253,0.6871766622087166
HRF,14_dr.jpg,connected_recovery,structure_filtered,800,1200,73321,147005,36,159,0.5639461525194485,0.39270543615676357,0.8473152302887303,0.9042731360503632,0.42261147580014286,84879,11195,1.1576356023513046,0.15268476971126962,0.7342449810881583,0.5800845899227657,0.5800845899227657,1.0,1.0,0,4567,0.0,0.41991541007723426,1110,961,0.4261261261261261,0.3090530697190427,637,28113,25209,0.2958863897814273,9881,9539,1.035852814760457,24065,21503,0.31270055341115194,8202,8109,1.0114687384387717,4.7016894950083525,21.2602916254693,3.44407182018604,17.72004514666935,0.7040159356881158,0.7793248443016383,0.7397586810359287,0.7437128730480561,0.8194692371771987,0.7797553679369214
HRF,14_g.jpg,baseline,raw,800,1200,67812,170547,0,0,0.49159461148939204,0.3259035105773456,0.8639768772488645,0.8745118741789847,0.3435299360293643,111959,9224,1.6510204683536838,0.13602312275113548,0.7780333525014376,0.6367058823529411,0.6367058823529411,1.0,1.0,0,2316,0.0,0.3632941176470588,737,3065,0.8426051560379919,0.20880913539967375,116,39335,24395,0.3441278950604632,14523,9295,1.5624529316837008,27653,21729,0.335910534308988,9695,8227,1.1784368542603623,7.493712909217115,25.709920264364882,1.4769536466645088,6.4031242374328485,0.5490275835769671,0.8835827013732322,0.6772410899482244,0.5847718317020465,0.9302316048370568,0.7181148588155823
HRF,14_g.jpg,baseline,structure_filtered,800,1200,67812,115363,21,172,0.6111532687320868,0.44004371034818907,0.8254291275880375,0.9334344331015436,0.4851988939261288,59389,11838,0.8757889459092786,0.17457087241196248,0.6604328640470687,0.49301960784313725,0.49301960784313725,1.0,1.0,0,3232,0.0,0.5069803921568627,737,668,0.39348710990502034,0.33083832335329344,447,23773,24395,0.3100225456036073,8676,9295,0.9334050564819796,21036,21729,0.3192507708592204,7542,8227,0.916737571411207,3.65372276572665,18.681541692269406,4.3999359490696275,25.709920264364882,0.7774786522525554,0.7683951629432261,0.7729102204979407,0.8095318218146637,0.8011067841770855,0.8052972678667866
HRF,14_g.jpg,multiscale_line,raw,800,1200,67812,173289,0,0,0.4905164225780897,0.32495644862586487,0.8719990562142393,0.8720482678538604,0.34123343085827723,114157,8680,1.6834336105704004,0.12800094378576063,0.7828162291169452,0.6431372549019608,0.6431372549019608,1.0,1.0,0,2275,0.0,0.3568627450980392,737,3056,0.8426051560379919,0.2107329842931937,116,39516,24395,0.3418733346997336,14468,9295,1.5565357719203874,27913,21729,0.3363247273229325,9660,8227,1.1741825695879422,7.4743144834178565,25.709920264364882,1.4707623860843027,6.4031242374328485,0.5496001619597125,0.8854273416683747,0.67821837442722,0.585762729021156,0.9303955728632917,0.7189104846799032
HRF,14_g.jpg,multiscale_line,structure_filtered,800,1200,67812,120571,28,156,0.6004575784439148,0.4290384980087237,0.8340411726538076,0.9282516689307635,0.46908460575096833,64013,11254,0.9439774671149649,0.1659588273461924,0.672566371681416,0.5066666666666667,0.5066666666666667,1.0,1.0,0,3145,0.0,0.49333333333333335,737,705,0.4151967435549525,0.34184397163120567,431,24409,24395,0.30608731297397007,8777,9295,0.9442711135018828,21569,21729,0.31727184868148556,7603,8227,0.924152181840282,3.791734606523105,18.788294228055936,4.304893493524837,25.109717672786665,0.7645950264246795,0.7734781717565075,0.7690109467773357,0.7979843500348233,0.8058208649313384,0.801883462089005
HRF,14_g.jpg,clean_recovery,raw,800,1200,67812,176568,0,0,0.48693019068663557,0.3218160772817256,0.8773963310328555,0.8687832609270691,0.3369693262652349,117070,8314,1.7263906093316816,0.12260366896714446,0.7836290784201488,0.644235294117647,0.644235294117647,1.0,1.0,0,2268,0.0,0.3557647058823529,737,3057,0.8398914518317503,0.20902845927379785,118,39505,24395,0.33990571838491496,14425,9295,1.5519096288327057,27908,21729,0.3346679552671545,9633,8227,1.1709006928406467,7.479060503071416,25.709920264364882,1.4765199789869554,6.4031242374328485,0.5493481837742058,0.8855503176880508,0.6780625363631657,0.5859258321731426,0.9306005328960852,0.7190945099500701
HRF,14_g.jpg,clean_recovery,structure_filtered,800,1200,67812,123255,28,160,0.5958014727817991,0.42430002683603185,0.8393647142098744,0.9256479576053478,0.4617987099914811,66336,10893,0.9782339408954167,0.16063528579012565,0.6728427188508379,0.5069803921568627,0.5069803921568627,1.0,1.0,0,3143,0.0,0.49301960784313725,737,685,0.4016282225237449,0.3343065693430657,441,24207,24395,0.3043656486985038,8708,9295,0.9368477676169984,21425,21729,0.31570711951769526,7560,8227,0.9189254892427373,3.7415635766662736,18.601075237738275,4.321723591223506,25.495097567963924,0.7694881645804933,0.7742160278745644,0.7718448562746167,0.8027843185855331,0.8071326091412174,0.8049525916253637
HRF,14_g.jpg,connected_recovery,raw,800,1200,67812,183977,0,0,0.4774156138671666,0.3135560946344263,0.8863328024538429,0.861158186391209,0.3266930105393609,123873,7708,1.826712086356397,0.11366719754615702,0.7907814871016692,0.6539607843137255,0.6539607843137255,1.0,1.0,0,2206,0.0,0.3460392156862745,737,3039,0.8371777476255088,0.20598881210924647,120,40173,24395,0.33576552572248414,14459,9295,1.5555675094136632,28651,21729,0.33264301164342586,9730,8227,1.1826911389327823,7.444936281110283,25.612496949731394,1.4660390577907225,6.324555320336759,0.5488761108207004,0.8882557901209264,0.67849357901818,0.5885545017798024,0.9319532691125231,0.7214764731688063
HRF,14_g.jpg,connected_recovery,structure_filtered,800,1200,67812,135824,22,146,0.5686813726453083,0.3973129125667312,0.8538606736270866,0.9126619053383368,0.42630168453292494,77922,9910,1.1490886568748895,0.14613932637291335,0.6940489603605449,0.5314509803921569,0.5314509803921569,1.0,1.0,0,2987,0.0,0.4685490196078431,737,775,0.43419267299864317,0.32903225806451614,417,25661,24395,0.30268497642959624,9097,9295,0.978698224852071,22566,21729,0.31294583275806526,7839,8227,0.9528382156314574,4.0797388057997805,19.697715603592208,3.9792425890573213,23.769728648009426,0.7468532013561435,0.7897519983603197,0.767703777602279,0.7839523011573983,0.8228325476532077,0.8029220211746857
HRF,14_h.jpg,baseline,raw,800,1200,83705,160813,0,0,0.6242076247965385,0.4537077222166073,0.9117137566453617,0.9035735682618297,0.4745574051849042,84498,7390,1.0094737470879875,0.08828624335463832,0.8739159439626417,0.7760663507109005,0.7760663507109005,1.0,1.0,0,1890,0.0,0.22393364928909953,319,2698,0.7586206896551724,0.13825055596738325,77,36272,20638,0.5897373776528734,13743,7936,1.7317288306451613,25639,19102,0.5587373049942415,9326,7301,1.2773592658539925,9.344049708999524,33.95585369269929,0.8122487164368949,4.0,0.5368603881782091,0.9376393061343153,0.6827826466211827,0.5619210410233789,0.9666634363794941,0.7107078902338475
HRF,14_h.jpg,baseline,structure_filtered,800,1200,83705,98520,7,177,0.7425216079023186,0.59048458611179,0.8082312884534975,0.9647755607415311,0.6866930572472595,30867,16052,0.36875933337315575,0.1917687115465026,0.7159592271413358,0.5575829383886256,0.5575829383886256,1.0,1.0,0,3734,0.0,0.4424170616113744,319,423,0.3448275862068966,0.28841607565011823,209,18518,20638,0.4882740575637174,6963,7936,0.8773941532258065,16693,19102,0.4911527588734164,6195,7301,0.8485139022051774,3.6191200534240284,22.360679774997898,6.041736565539502,34.438350715445125,0.8374014472405228,0.7553542009884678,0.7942645838867709,0.8583540339129495,0.7742998352553542,0.8141632462343458
HRF,14_h.jpg,multiscale_line,raw,800,1200,83705,163309,0,0,0.622531516432267,0.45193884568586995,0.9185472791350576,0.9013779606182849,0.47080687530999515,86422,6818,1.0324592318260557,0.08145272086494236,0.8806366047745358,0.7867298578199052,0.7867298578199052,1.0,1.0,0,1800,0.0,0.2132701421800948,319,2673,0.7492163009404389,0.13767302656191546,80,36390,20638,0.5889621087314663,13716,7936,1.7283266129032258,25889,19102,0.5630300492095068,9350,7301,1.2806464867826326,9.32219446296953,33.95585369269929,0.7947259008003068,3.605551275463989,0.5362462214894201,0.9397228413605969,0.6828365656308188,0.5626820555097555,0.967729431146429,0.7116046765755744
HRF,14_h.jpg,multiscale_line,structure_filtered,800,1200,83705,115315,18,124,0.7276153150437142,0.5718516763416657,0.8650020906755869,0.9510324719415265,0.6278888262585093,42910,11300,0.51263365390359,0.1349979093244131,0.7755694182503989,0.6334123222748815,0.6334123222748815,1.0,1.0,0,3094,0.0,0.36658767772511847,319,592,0.44200626959247646,0.27364864864864863,178,22448,20638,0.5273282294796008,8390,7936,1.0572076612903225,19927,19102,0.5277981363208041,7312,7301,1.0015066429256265,4.903213914356169,27.202941017470888,3.278716288680237,23.08679276123039,0.7655470420527442,0.8319604612850082,0.7973732441454671,0.7925427655024947,0.8538133540071713,0.8220379403811376
HRF,14_h.jpg,clean_recovery,raw,800,1200,83705,166760,0,0,0.6169085500968199,0.44603597986236204,0.9229675646616092,0.8978620213512573,0.4632825617654114,89503,6448,1.0692670688728272,0.07703243533839078,0.8828590337524818,0.7902843601895735,0.7902843601895735,1.0,1.0,0,1770,0.0,0.20971563981042654,319,2660,0.7586206896551724,0.13796992481203008,77,36375,20638,0.5773815292179475,13666,7936,1.7220262096774193,25942,19102,0.5524028897497644,9321,7301,1.276674428160526,9.33362643473113,33.95585369269929,0.8149128466983822,3.605551275463989,0.5363298969072164,0.9388991181316019,0.6826867721559124,0.5625292096219932,0.9670995251477856,0.7113121231853274
HRF,14_h.jpg,clean_recovery,structure_filtered,800,1200,83705,119765,15,123,0.7166461886273161,0.5584166909207886,0.8710112896481692,0.946528281001261,0.6087588193545693,46857,10797,0.55978734842602,0.12898871035183082,0.777697320782042,0.6362559241706162,0.6362559241706162,1.0,1.0,0,3070,0.0,0.3637440758293839,319,597,0.445141065830721,0.2747068676716918,177,22594,20638,0.518315728268243,8398,7936,1.0582157258064515,20032,19102,0.5178515338707989,7309,7301,1.0010957403095466,5.034165552028249,27.459060435491963,3.261327716398805,23.26906683124915,0.7590510755067718,0.8327841845140033,0.7942099874231133,0.7860493936443304,0.8571082469231515,0.8200423393933387
HRF,14_h.jpg,connected_recovery,raw,800,1200,83705,173566,0,0,0.6055171395143643,0.4342234362805218,0.9305417836449436,0.8908187311350629,0.448768768076697,95675,5814,1.1430022101427633,0.06945821635505645,0.8883034773445733,0.7990521327014218,0.7990521327014218,1.0,1.0,0,1696,0.0,0.2009478672985782,319,2686,0.7460815047021944,0.13626209977661952,81,37100,20638,0.5591142552572924,13712,7936,1.7278225806451613,26642,19102,0.5380064914668621,9401,7301,1.2876318312559922,9.228606089537204,33.61547262794322,0.8017031377334317,3.1622776601683795,0.5380323450134771,0.944955906580095,0.6856653676187874,0.5690296495956874,0.97029750944859,0.7173628407204862
HRF,14_h.jpg,connected_recovery,structure_filtered,800,1200,83705,129636,14,113,0.6963124762703841,0.534109948585194,0.8873543993787707,0.9368249276784645,0.5729581289148076,55360,9429,0.661370288513231,0.11264560062122932,0.801902193200369,0.6693127962085308,0.6693127962085308,1.0,1.0,0,2791,0.0,0.3306872037914692,319,654,0.47335423197492166,0.2706422018348624,168,23765,20638,0.5064928772167846,8689,7936,1.0948840725806452,20970,19102,0.5071196733326353,7531,7301,1.031502533899466,5.055900726214455,26.476404589747453,2.8497648324451306,20.12461179749811,0.7490006311803071,0.8537164453919953,0.7979376594840522,0.7801809383547234,0.8765384242659172,0.8255575274571659
HRF,15_dr.jpg,baseline,raw,800,1200,62715,172515,0,0,0.4700845980529694,0.30726182470921026,0.8815913258391135,0.8693547757958731,0.320488073500855,117226,7426,1.8691860001594516,0.11840867416088655,0.7954939341421143,0.660431654676259,0.660431654676259,1.0,1.0,0,2124,0.0,0.339568345323741,769,3167,0.8296488946684005,0.18913798547521313,131,37760,19563,0.35664264172161736,14249,7293,1.9537913067324832,25096,16869,0.3482719781848361,8964,6314,1.4197022489705418,10.166739238594488,33.95658978321057,1.3427049873869963,5.385164807134504,0.4848781779661017,0.9026734140980422,0.6308762035654322,0.5207362288135593,0.9442825742473036,0.6712844171290442
HRF,15_dr.jpg,baseline,structure_filtered,800,1200,62715,99568,17,208,0.6351743559091217,0.46538864408004044,0.8217970182571952,0.9464729712410215,0.5176261449461674,48029,11176,0.7658295463605198,0.17820298174280474,0.6243677149769079,0.45387689848121504,0.45387689848121504,1.0,1.0,0,3416,0.0,0.546123101518785,769,489,0.34980494148244473,0.3558282208588957,500,18665,19563,0.3055257373613454,6910,7293,0.9474838886603593,16511,16869,0.319995257573063,6000,6314,0.9502692429521697,3.784300831404598,20.8806130178211,5.822209707831534,31.76476034853718,0.7813019019555317,0.7398660737105761,0.7600196425767077,0.8198767747120279,0.7696161120482543,0.7939518081123639
HRF,15_dr.jpg,multiscale_line,raw,800,1200,62715,175392,0,0,0.46858765177000256,0.30598398420359807,0.8895320098859922,0.8667034442791309,0.31807037949279326,119605,6928,1.9071195088894204,0.11046799011400782,0.8011499760421658,0.6682653876898481,0.6682653876898481,1.0,1.0,0,2075,0.0,0.3317346123101519,769,3135,0.8218465539661899,0.18819776714513556,137,38373,19563,0.36119204620968154,14306,7293,1.9616070204305498,25928,16869,0.35556345960045055,9141,6314,1.4477351916376306,10.375746465578672,34.655446902326915,1.3269078565030306,5.385164807134504,0.4771323586897037,0.9037979859939682,0.6245517979910673,0.5125739452219008,0.9440269897255023,0.6644011093361385
HRF,15_dr.jpg,multiscale_line,structure_filtered,800,1200,62715,112047,16,180,0.6105331822707454,0.43940105260556944,0.8506577373834011,0.9345826576840135,0.47613055235749285,58698,9366,0.9359483377182493,0.1493422626165989,0.6475675675675676,0.4788169464428457,0.4788169464428457,1.0,1.0,0,3260,0.0,0.5211830535571543,769,594,0.3602080624187256,0.30976430976430974,492,21055,19563,0.3178449113121709,7653,7293,1.0493624023035788,18474,16869,0.3340446973738811,6564,6314,1.0395945517896736,5.616335933107996,30.0,4.489236603246693,26.248809496813376,0.7241035383519354,0.7725297755967898,0.7475331983837251,0.7625742104013299,0.8033532689260339,0.7824327662833324
HRF,15_dr.jpg,clean_recovery,raw,800,1200,62715,177666,0,0,0.4666009376781027,0.3042919153553988,0.8942198836004146,0.8644967875312749,0.31565409251066606,121585,6634,1.9386909032926731,0.10578011639958543,0.8041296243188988,0.6724220623501199,0.6724220623501199,1.0,1.0,0,2049,0.0,0.3275779376498801,769,3130,0.8257477243172952,0.19073482428115016,134,38272,19563,0.3574093952870214,14170,7293,1.9429590017825311,25897,16869,0.35082103266346554,9055,6314,1.434114665821983,10.34418500087845,34.438350715445125,1.3294543633556073,5.385164807134504,0.477241847826087,0.9043602719419312,0.6247798278632326,0.5129598662207357,0.944180340438583,0.664763238164988
HRF,15_dr.jpg,clean_recovery,structure_filtered,800,1200,62715,113762,18,182,0.6074332632581017,0.43619687820439784,0.854644024555529,0.932949954585221,0.4711502962324854,60163,9116,0.9593079805469186,0.14535597544447101,0.6525204653166738,0.4842525979216627,0.4842525979216627,1.0,1.0,0,3226,0.0,0.5157474020783374,769,579,0.3589076723016905,0.3160621761658031,493,20915,19563,0.3168225732249655,7560,7293,1.0366104483751541,18375,16869,0.3321477265990871,6513,6314,1.0315172632245804,5.585573606779024,29.966648127543394,4.4717581838934315,25.96150997149434,0.7296198900310782,0.7739099320145172,0.7511125768322373,0.7673918240497251,0.8041711393957982,0.7853511082446414
HRF,15_dr.jpg,connected_recovery,raw,800,1200,62715,183995,0,0,0.45836812451866565,0.297326574397375,0.9015705971458183,0.8579570593512652,0.30730182885404494,127453,6173,2.032257035796859,0.09842940285418161,0.809138505473584,0.6794564348521183,0.6794564348521183,1.0,1.0,0,2005,0.0,0.3205435651478817,769,3128,0.8205461638491548,0.1882992327365729,138,39356,19563,0.3556203036344119,14248,7293,1.9536541889483066,27166,16869,0.3515916770407256,9286,6314,1.4707000316756413,10.570443540989759,35.11409973215888,1.3227951105225273,5.385164807134504,0.4685943693464783,0.9065071819250626,0.6178222413165556,0.5056408171562151,0.9450493278127077,0.6587974916978375
HRF,15_dr.jpg,connected_recovery,structure_filtered,800,1200,62715,127983,15,155,0.5713851220254014,0.39995742087991953,0.8687076456987961,0.9180839978379222,0.42568934936671277,73502,8234,1.1720003189029737,0.13129235430120387,0.6879916098584163,0.5243804956035172,0.5243804956035172,1.0,1.0,0,2975,0.0,0.4756195043964828,769,670,0.41222366710013003,0.3119402985074627,452,23157,19563,0.3173337422685682,8224,7293,1.1276566570684217,20286,16869,0.33291837097634713,7056,6314,1.1175166297117516,6.884415657597347,35.17101079013795,3.816838458758871,22.825424421026653,0.6811763181759295,0.7956346163676328,0.7339699969896661,0.720084639633804,0.8273270970710014,0.7699896807326615
HRF,15_g.jpg,baseline,raw,800,1200,70117,162068,0,0,0.5203781467364386,0.3516967160147404,0.8615884878132265,0.8857647578389518,0.3727571142977022,101656,9705,1.449805325384714,0.13841151218677353,0.7691404612159329,0.6248807739474043,0.6248807739474043,1.0,1.0,0,2753,0.0,0.37511922605259573,892,2756,0.7511210762331838,0.2449201741654572,222,37654,23679,0.3452848515562313,13781,9033,1.525628251965017,27185,20599,0.34506529443176853,9521,7860,1.211323155216285,7.429521763484878,26.076809620810597,1.5803042568403727,7.615773105863909,0.5550007967281032,0.8714472739558259,0.6781234330109512,0.5894460083922027,0.9132987034925462,0.7164760201594942
HRF,15_g.jpg,baseline,structure_filtered,800,1200,70117,109806,11,134,0.6334598689439371,0.46355013991019717,0.8127415605345352,0.9406450061412568,0.5189789264703204,52819,13130,0.7532980589585978,0.18725843946546486,0.617630438877378,0.4467911159558523,0.4467911159558523,1.0,1.0,0,4060,0.0,0.5532088840441477,892,589,0.29596412556053814,0.3225806451612903,628,22467,23679,0.29946365978293005,8309,9033,0.9198494409387801,19961,20599,0.32016117287246953,7313,7860,0.9304071246819339,4.282219932579695,23.53720459187964,5.816806892015497,32.55764119219941,0.7669915876619041,0.7378267663330377,0.752126555908724,0.7947211465705256,0.7674732885679294,0.780859588453085
HRF,15_g.jpg,multiscale_line,raw,800,1200,70117,164269,0,0,0.5204747723840161,0.3517849933675529,0.869917423734615,0.8839476650301219,0.3713177775478027,103273,9121,1.4728667798108874,0.130082576265385,0.7698625544753603,0.62583458236817,0.62583458236817,1.0,1.0,0,2746,0.0,0.3741654176318299,892,2738,0.7511210762331838,0.24762600438276114,222,37794,23679,0.3454537776088517,13768,9033,1.5241890844680615,27414,20599,0.34661876790135443,9567,7860,1.217175572519084,7.418788421099765,26.019223662515376,1.5729113173205957,7.615773105863909,0.554823516960364,0.8730943029688754,0.6784889789179241,0.5898819918505583,0.9139321761898729,0.7169930220962026
HRF,15_g.jpg,multiscale_line,structure_filtered,800,1200,70117,112431,13,125,0.6313407980366808,0.4612841510370388,0.8218406377911206,0.9384121283359722,0.5125365779900561,54806,12492,0.7816364077185276,0.17815936220887946,0.62256006006006,0.4519689330971522,0.4519689330971522,1.0,1.0,0,4022,0.0,0.5480310669028478,892,588,0.3038116591928251,0.33163265306122447,621,22788,23679,0.2986612610329828,8362,9033,0.925716816118676,20306,20599,0.31982135055099764,7384,7860,0.9394402035623409,4.282397099909383,23.40939982143925,5.764493878002014,32.55764119219941,0.765666140073723,0.7428523163984966,0.75408671773468,0.7940143935404599,0.7714430508045104,0.7825660012008151
HRF,15_g.jpg,clean_recovery,raw,800,1200,70117,168028,0,0,0.5161561233702157,0.3478506947392252,0.8765349344666771,0.8802449310752087,0.36577237127145473,106568,8657,1.5198596631344752,0.12346506553332287,0.7720237597255919,0.6286960076304674,0.6286960076304674,1.0,1.0,0,2725,0.0,0.37130399236953265,892,2729,0.7511210762331838,0.2469769146207402,222,37706,23679,0.3430465813590101,13730,9033,1.5199822871692683,27381,20599,0.34433710374290016,9528,7860,1.2122137404580153,7.4297346896634835,26.076809620810597,1.5845226253633418,7.810249675906654,0.5548188617196202,0.8720385151399974,0.6781664715649327,0.5893226542194876,0.9129608513873052,0.7162809285065443
HRF,15_g.jpg,clean_recovery,structure_filtered,800,1200,70117,117141,16,120,0.6206089993484925,0.449915215522915,0.8287148623015816,0.9336609419440534,0.4960432299536456,59034,12010,0.8419356218891282,0.17128513769841835,0.6248828930110549,0.45442158332197846,0.45442158332197846,1.0,1.0,0,4004,0.0,0.5455784166780215,892,590,0.3004484304932735,0.32372881355932204,624,22925,23679,0.29747877866463956,8414,9033,0.9314734861064984,20440,20599,0.3189960677702801,7406,7860,0.9422391857506361,4.435989582165368,24.020824298928627,5.709395022963864,31.910810102112894,0.7590403489640131,0.74230330672748,0.750578535220249,0.7870447110141766,0.7713585877782001,0.7791227049848267
HRF,15_g.jpg,connected_recovery,raw,800,1200,70117,175825,0,0,0.5055256930495808,0.3382632211865467,0.8865895574539698,0.8722753440620845,0.3535617801791554,113660,7952,1.6210048918236661,0.11341044254603021,0.776221444055361,0.6342825998092383,0.6342825998092383,1.0,1.0,0,2684,0.0,0.3657174001907617,892,2729,0.7511210762331838,0.24624404543788933,222,38325,23679,0.3438067485958022,13739,9033,1.5209786338979299,28063,20599,0.3465216758095053,9567,7860,1.217175572519084,7.39356017596979,26.019223662515376,1.5600343844956863,7.615773105863909,0.5549641226353556,0.875501499218717,0.6793199556240987,0.5920417482061318,0.9151146585582162,0.7189513707140746
HRF,15_g.jpg,connected_recovery,structure_filtered,800,1200,70117,129481,15,107,0.5930720748704896,0.4215369275692614,0.844131950882097,0.9210087168762635,0.4571172604474788,70293,10929,1.0025100902776787,0.15586804911790295,0.6471889400921659,0.47840305218694645,0.47840305218694645,1.0,1.0,0,3828,0.0,0.5215969478130535,892,657,0.3217488789237668,0.3211567732115677,605,24305,23679,0.2996748173487056,8743,9033,0.9678954942986826,21553,20599,0.320549541239866,7645,7860,0.97264631043257,4.6677614018702185,24.041630560342615,4.947654986765633,26.476404589747453,0.7388603168072413,0.7605050888973351,0.7495264713702726,0.7709113351162312,0.7891802863296592,0.7799388443839653
HRF,15_h.jpg,baseline,raw,800,1200,75278,151647,0,0,0.6184774705299108,0.4476781647326014,0.9321979861314063,0.9079111856605804,0.4627457186756085,81473,5104,1.0822949600148781,0.06780201386859375,0.8877833056937534,0.7982107355864811,0.7982107355864811,1.0,1.0,0,1421,0.0,0.20178926441351888,259,2710,0.7258687258687259,0.11439114391143912,71,34799,18500,0.6270270270270271,13418,7027,1.90949195958446,24259,17396,0.6008852609795355,8927,6582,1.3562746885445154,9.903289169366364,33.52610922848042,0.6279753680103869,2.23606797749979,0.520905773154401,0.958972972972973,0.6751020098475904,0.5420845426592719,0.979027027027027,0.6977994629367821
HRF,15_h.jpg,baseline,structure_filtered,800,1200,75278,102552,11,107,0.7491649328009897,0.5989318275818662,0.8848800446345546,0.9593770698592327,0.6495436461502457,35940,8666,0.4774303249289301,0.11511995536544542,0.8023809523809524,0.6699801192842942,0.6699801192842942,1.0,1.0,0,2324,0.0,0.33001988071570576,259,488,0.4517374517374517,0.2725409836065574,142,19770,18500,0.5755675675675676,7443,7027,1.0592002276931833,17702,17396,0.5690963439871235,6537,6582,0.9931631722880584,3.7292606557399224,24.186773244895647,3.1838445166502196,23.0,0.8173495194739504,0.8672432432432432,0.8415575132693289,0.8390490642387456,0.8838378378378379,0.8608612786861505
HRF,15_h.jpg,multiscale_line,raw,800,1200,75278,154272,0,0,0.615648006970159,0.44471926942708434,0.9386673397274103,0.9054946073455843,0.45802867662310726,83611,4617,1.1106963521878903,0.0613326602725896,0.8926802421574023,0.8061630218687873,0.8061630218687873,1.0,1.0,0,1365,0.0,0.19383697813121273,259,2696,0.7335907335907336,0.11535608308605341,69,34800,18500,0.6174594594594595,13368,7027,1.9023765476021062,24343,17396,0.593584732122327,8922,6582,1.3555150410209662,9.935882853318429,33.54101966249684,0.6180695129533218,2.23606797749979,0.5193103448275862,0.961081081081081,0.6742802462762676,0.5408908045977011,0.9798918918918919,0.6970285959297091
HRF,15_h.jpg,multiscale_line,structure_filtered,800,1200,75278,106870,11,100,0.745020532753585,0.5936515713585777,0.9013523207311566,0.9558980109005993,0.6349022176476092,39018,7426,0.5183187651106566,0.09864767926884349,0.8179605539236257,0.6919909116728202,0.6919909116728202,1.0,1.0,0,2169,0.0,0.30800908832717977,259,512,0.4749034749034749,0.2734375,136,20322,18500,0.5724324324324325,7539,7027,1.0728618186993026,18147,17396,0.5651299149229708,6603,6582,1.0031905195989061,3.7420571859689904,24.01978308398221,2.7527474016823144,18.974982662959743,0.8138962700521603,0.8865945945945946,0.8486914556154886,0.8371715382344257,0.9024324324324324,0.8685778606523699
HRF,15_h.jpg,clean_recovery,raw,800,1200,75278,158252,0,0,0.6076392754678199,0.43640937636472116,0.9425197268790351,0.9013238056700297,0.44834188509465916,87301,4327,1.1597146576689072,0.05748027312096496,0.8944187141847869,0.809003124112468,0.809003124112468,1.0,1.0,0,1345,0.0,0.19099687588753195,259,2702,0.7142857142857143,0.11250925240562547,74,34910,18500,0.6065405405405405,13315,7027,1.8948342109008112,24476,17396,0.5837548861807312,8865,6582,1.3468550592525068,9.89280329170744,33.52610922848042,0.6349291833784504,2.23606797749979,0.5203666571183042,0.960972972972973,0.6751433410259495,0.5428816957891721,0.979081081081081,0.6984733210169772
HRF,15_h.jpg,clean_recovery,structure_filtered,800,1200,75278,111516,10,99,0.7309763696906753,0.5760147819410578,0.9069183559605728,0.951120238899903,0.612208113633918,43245,7007,0.5744706288689923,0.09308164403942719,0.8200402144772118,0.694973019028685,0.694973019028685,1.0,1.0,0,2148,0.0,0.305026980971315,259,518,0.4594594594594595,0.2606177606177606,140,20504,18500,0.5647027027027027,7522,7027,1.0704425786253025,18339,17396,0.558634168774431,6563,6582,0.9971133394105135,3.772856511148134,23.853720883753127,2.715249279200038,18.027756377319946,0.8110612563402263,0.888972972972973,0.848231787195542,0.8347639484978541,0.904054054054054,0.868028431624345
HRF,15_h.jpg,connected_recovery,raw,800,1200,75278,168329,0,0,0.5863624608488262,0.41478982031059436,0.9487632508833922,0.890465027432346,0.4242940907389695,96908,3857,1.2873349451366933,0.05123674911660778,0.9016610777509163,0.8209315535359273,0.8209315535359273,1.0,1.0,0,1261,0.0,0.17906844646407272,259,2711,0.7258687258687259,0.11324234599778679,71,35586,18500,0.5898378378378378,13366,7027,1.902091931122812,25174,17396,0.5735801333639917,8932,6582,1.3570343360680643,9.850059778940281,33.37663853655727,0.6388702931112448,2.23606797749979,0.5204012814027988,0.9642162162162162,0.6759712252792598,0.5458607317484404,0.9798918918918919,0.7011418454798749
HRF,15_h.jpg,connected_recovery,structure_filtered,800,1200,75278,126966,10,87,0.6881588576175313,0.5245748401881558,0.9244135072663993,0.9351457293929618,0.5480837389537356,57378,5690,0.7622147240893754,0.07558649273360078,0.8424426728034848,0.727776199943198,0.727776199943198,1.0,1.0,0,1917,0.0,0.272223800056802,259,566,0.4942084942084942,0.2579505300353357,131,22402,18500,0.5507027027027027,8170,7027,1.1626583179166075,20052,17396,0.5476546332490227,7126,6582,1.0826496505621392,4.833732734093309,28.231188426986208,2.0121774745611205,12.041594578792296,0.7677439514329077,0.9112432432432432,0.8333613150862028,0.7930541915900367,0.9256756756756757,0.8542482313586767
